contract_id,invoice_date,worker_id,worker_nationality,worker_profession,client_company,client_sector,region,contract_type,contract_duration_months,purchase_order_amount_sar,worker_salary_sar,operational_cost_sar,net_profit_sar,profit_margin_pct
MP-2024-13278,8/10/2024,W-010001,Pakistani,Helper / Labourer,Red Sea Global,Tourism Dev,Tabuk,Multi-Year,18,54666,29772,12960,11934,21.83
MP-2024-83563,22/07/2024,W-010004,Nepali,Heavy Equipment Operator,SABIC,Petrochemical,Eastern Province,Annual,12,88848,51084,15048,22716,25.57
MP-2025-46421,8/6/2024,W-010005,Indonesian,Electrician,Saudi Aramco,Oil & Gas,Eastern Province,Short-Term,3,25914,11241,3591,11082,42.76
MP-2025-20328,19/07/2025,W-010007,Sudanese,QC Inspector,Saudi Kayan,Petrochemical,Eastern Province,Annual,12,123972,78300,12312,33360,26.91
MP-2024-40512,13/04/2024,W-010009,Pakistani,Rigger,Sadara Chemical,Petrochemical,Eastern Province,Annual,12,59016,31620,16224,11172,18.93
MP-2024-80010,7/9/2024,W-010010,Bangladeshi,Scaffolder,Marafiq,Utilities,Eastern Province,Annual,12,49764,27684,14712,632,1.27
MP-2025-62581,1/10/2024,W-010011,Indian,Civil Engineer,Petro Rabigh,Petrochemical,Makkah,Short-Term,3,50034,26934,3729,19371,38.72
MP-2024-83579,5/7/2025,W-010013,Egyptian,Mechanical Technician,NEOM,Mega Project,Tabuk,Annual,12,111324,57540,12240,41544,37.32
MP-2024-30033,4/10/2025,W-010014,Sudanese,Industrial Painter,Saudi Aramco,Oil & Gas,Eastern Province,Annual,12,81840,37140,16536,28164,34.41
MP-2024-99166,27/04/2024,W-010017,Yemeni,Helper / Labourer,Royal Commission Jubail,Industrial,Eastern Province,Short-Term,3,9543,4683,4095,765,8.02
MP-2025-75612,1/7/2024,W-010020,Sri Lankan,Driver (Heavy),Sadara Chemical,Petrochemical,Eastern Province,Annual,12,65856,36636,14664,14556,22.1
MP-2024-88504,27/11/2024,W-010022,Indian,Warehouse Keeper,Petro Rabigh,Petrochemical,Makkah,Multi-Year,24,117576,65640,25824,26112,22.21
MP-2025-19071,29/06/2025,W-010023,Indian,Mechanical Technician,NEOM,Mega Project,Tabuk,Short-Term,6,43194,21876,6324,14994,34.71
MP-2024-50857,12/2/2025,W-010026,Nepali,Mechanical Technician,Ma'aden,Mining,Northern Borders,Short-Term,2,9862,5856,2130,1876,19.02
MP-2024-19305,25/12/2025,W-010029,Indian,Welder,Saudi Aramco,Oil & Gas,Eastern Province,Short-Term,6,35046,15486,4866,14694,41.93
MP-2025-41850,29/04/2025,W-010031,Indian,Welder,Saudi Electricity Co.,Power,Riyadh,Annual,12,72444,35364,13860,23220,32.05
MP-2024-17944,16/02/2025,W-010034,Pakistani,Driver (Heavy),SABIC,Petrochemical,Eastern Province,Short-Term,3,13290,7188,2991,3111,23.41
MP-2024-68082,17/07/2025,W-010035,Indian,Document Controller,Saudi Kayan,Petrochemical,Eastern Province,Multi-Year,24,160944,91992,19440,49512,30.76
MP-2024-31579,23/01/2025,W-010036,Ethiopian,Scaffolder,Royal Commission Jubail,Industrial,Eastern Province,Annual,12,68460,31104,16764,20592,30.08
MP-2025-30289,13/07/2024,W-010038,Indian,Welder,Royal Commission Jubail,Industrial,Eastern Province,Short-Term,3,13632,6873,3081,3678,26.98
MP-2024-17455,4/6/2025,W-010039,Yemeni,Welder,Saudi Aramco,Oil & Gas,Eastern Province,Multi-Year,36,207252,86112,30060,91080,43.95
MP-2024-64948,4/11/2025,W-010042,Filipino,Electrician,SABIC,Petrochemical,Eastern Province,Annual,12,72312,38364,8976,24972,34.53
MP-2025-51441,15/03/2024,W-010043,Bangladeshi,Document Controller,Worley KSA,EPC Contractor,Eastern Province,Short-Term,2,14178,9024,1824,132,0.93
MP-2025-30676,24/03/2025,W-010046,Egyptian,Safety Officer,Worley KSA,EPC Contractor,Eastern Province,Annual,12,83580,45852,13116,24612,29.45
MP-2024-44664,28/04/2024,W-010047,Egyptian,Pipe Fitter,SABIC,Petrochemical,Eastern Province,Short-Term,3,17352,8298,2544,6510,37.52
MP-2024-22097,11/10/2025,W-010049,Sudanese,Welder,Sadara Chemical,Petrochemical,Eastern Province,Short-Term,3,14550,7377,3537,3636,24.99
MP-2024-19862,8/12/2025,W-010050,Filipino,Helper / Labourer,NEOM,Mega Project,Tabuk,Short-Term,2,5942,2650,2700,592,9.96
MP-2024-56898,3/8/2024,W-010053,Pakistani,Welder,Royal Commission Jubail,Industrial,Eastern Province,Multi-Year,36,281376,135288,48384,97704,34.72
MP-2024-33206,26/02/2025,W-010054,Indian,Warehouse Keeper,Royal Commission Jubail,Industrial,Eastern Province,Annual,12,79860,40056,10032,29772,37.28
MP-2024-60140,9/2/2024,W-010056,Pakistani,Helper / Labourer,Saudi Electricity Co.,Power,Riyadh,Short-Term,2,6162,2868,1898,1396,22.65
MP-2024-46585,25/12/2024,W-010059,Bangladeshi,Rigger,Saudi Kayan,Petrochemical,Eastern Province,Short-Term,1,5592,2485,784,2323,41.54
MP-2025-15014,21/04/2024,W-010062,Bangladeshi,Helper / Labourer,Sadara Chemical,Petrochemical,Eastern Province,Annual,12,39900,19284,12984,7632,19.13
MP-2025-10221,16/06/2025,W-010065,Nepali,Civil Engineer,Royal Commission Jubail,Industrial,Eastern Province,Short-Term,3,38157,22050,3366,12741,33.39
MP-2024-49363,3/6/2025,W-010067,Nepali,Electrician,Diriyah Company,Real Estate,Riyadh,Annual,12,68292,35568,11208,21516,31.51
MP-2024-90676,5/8/2025,W-010069,Bangladeshi,Helper / Labourer,Sadara Chemical,Petrochemical,Eastern Province,Short-Term,6,20244,9984,5886,4374,21.61
MP-2025-32241,5/11/2025,W-010070,Pakistani,Rigger,ROSHN,Real Estate,Riyadh,Short-Term,2,11300,6752,1598,-292,-2.58
MP-2025-90120,15/03/2024,W-010072,Bangladeshi,QC Inspector,SABIC,Petrochemical,Eastern Province,Annual,12,120324,69972,17136,-6650,-5.53
MP-2024-65724,12/8/2024,W-010073,Sudanese,HVAC Technician,Saudi Electricity Co.,Power,Riyadh,Annual,12,85944,51012,9000,25932,30.17
MP-2025-68008,19/09/2025,W-010076,Sri Lankan,Mechanical Technician,Marafiq,Utilities,Eastern Province,Annual,12,75396,37416,11856,26124,34.65
MP-2025-78327,11/5/2025,W-010079,Pakistani,Mechanical Technician,Diriyah Company,Real Estate,Riyadh,Short-Term,3,18870,10317,2262,6291,33.34
MP-2024-38043,6/3/2024,W-010081,Bangladeshi,Heavy Equipment Operator,Saudi Electricity Co.,Power,Riyadh,Short-Term,3,20913,10503,4080,-1431,-6.84
MP-2025-72518,7/1/2024,W-010083,Pakistani,Industrial Painter,Petro Rabigh,Petrochemical,Makkah,Multi-Year,24,110424,59664,24336,26424,23.93
MP-2025-31632,23/04/2025,W-010084,Ethiopian,Heavy Equipment Operator,Marafiq,Utilities,Eastern Province,Annual,12,79128,47916,11652,19560,24.72
MP-2024-16590,23/09/2024,W-010086,Pakistani,Mechanical Technician,Sadara Chemical,Petrochemical,Eastern Province,Multi-Year,24,218664,103296,20136,95232,43.55
MP-2024-80702,23/02/2024,W-010088,Pakistani,Welder,NWC,Water,Riyadh,Short-Term,1,6172,3719,665,1788,28.97
MP-2024-72070,16/11/2025,W-010089,Filipino,Scaffolder,Diriyah Company,Real Estate,Riyadh,Annual,12,51540,26820,14532,10188,19.77
MP-2024-50768,20/04/2024,W-010092,Indian,Electrician,Red Sea Global,Tourism Dev,Tabuk,Multi-Year,36,286632,158004,39384,89244,31.14
MP-2024-23356,14/12/2025,W-010094,Yemeni,Safety Officer,Saudi Aramco,Oil & Gas,Eastern Province,Multi-Year,18,160974,85266,20880,54828,34.06
MP-2025-11658,6/3/2025,W-010096,Indian,Site Supervisor,ROSHN,Real Estate,Riyadh,Multi-Year,24,237840,139344,41232,57264,24.08
MP-2025-70931,22/03/2025,W-010099,Filipino,Electrician,SABIC,Petrochemical,Eastern Province,Multi-Year,24,192120,102600,23976,65544,34.12
MP-2025-54092,30/01/2024,W-010101,Yemeni,Pipe Fitter,SABIC,Petrochemical,Eastern Province,Annual,12,80592,36156,14112,30324,37.63
MP-2024-77715,14/07/2024,W-010102,Pakistani,Industrial Painter,NEOM,Mega Project,Tabuk,Short-Term,3,17763,8025,3735,6003,33.79
MP-2024-63005,9/12/2025,W-010103,Pakistani,Civil Foreman,Ma'aden,Mining,Northern Borders,Annual,12,103416,54768,10776,37872,36.62
MP-2025-50189,14/09/2024,W-010104,Indian,Pipe Fitter,Saudi Aramco,Oil & Gas,Eastern Province,Annual,12,87732,45264,9744,32724,37.3
MP-2025-23176,17/07/2024,W-010106,Pakistani,Pipe Fitter,Saudi Aramco,Oil & Gas,Eastern Province,Annual,12,83484,34728,12780,35976,43.09
MP-2024-93606,17/05/2025,W-010107,Yemeni,Civil Foreman,Saudi Electricity Co.,Power,Riyadh,Annual,12,73392,47532,16272,9588,13.06
MP-2024-62521,18/05/2025,W-010108,Filipino,Rigger,Saudi Aramco,Oil & Gas,Eastern Province,Multi-Year,24,116352,58464,25656,32232,27.7
MP-2024-78494,24/01/2025,W-010110,Sri Lankan,Electrician,NEOM,Mega Project,Tabuk,Annual,12,83736,44160,16440,23136,27.63
MP-2024-91987,4/8/2024,W-010112,Nepali,Pipe Fitter,Saudi Aramco,Oil & Gas,Eastern Province,Short-Term,1,7009,3135,1002,-309,-4.41
MP-2025-69510,13/03/2024,W-010115,Pakistani,Scaffolder,Royal Commission Jubail,Industrial,Eastern Province,Annual,12,65940,37500,8832,19608,29.74
MP-2024-44816,25/05/2024,W-010116,Indian,Helper / Labourer,NEOM,Mega Project,Tabuk,Multi-Year,24,86928,37512,21072,28344,32.61
MP-2025-75597,6/7/2025,W-010118,Bangladeshi,Safety Officer,Petro Rabigh,Petrochemical,Makkah,Annual,12,102672,65160,12324,25188,24.53
MP-2024-98117,2/10/2024,W-010121,Indian,Helper / Labourer,Saudi Electricity Co.,Power,Riyadh,Annual,12,41004,22200,13068,5736,13.99
MP-2025-21959,26/04/2025,W-010123,Bangladeshi,Electrician,Saudi Aramco,Oil & Gas,Eastern Province,Short-Term,3,23496,11754,4077,7665,32.62
MP-2024-69614,31/03/2024,W-010125,Pakistani,Welder,Royal Commission Jubail,Industrial,Eastern Province,Multi-Year,18,114696,58536,17280,38880,33.9
MP-2025-91609,25/05/2025,W-010128,Bangladeshi,Welder,SABIC,Petrochemical,Eastern Province,Short-Term,3,18852,8703,2223,7926,42.04
MP-2024-30758,14/11/2024,W-010131,Indian,Industrial Painter,SABIC,Petrochemical,Eastern Province,Multi-Year,18,80172,44172,22932,13068,16.3
MP-2025-76698,23/12/2025,W-010133,Bangladeshi,Mechanical Technician,Ma'aden,Mining,Northern Borders,Annual,12,65484,37068,13200,15216,23.24
MP-2024-19150,9/10/2024,W-010135,Pakistani,Helper / Labourer,SABIC,Petrochemical,Eastern Province,Short-Term,3,12096,5406,3435,3255,26.91
MP-2025-80592,10/5/2025,W-010137,Pakistani,Helper / Labourer,Saudi Electricity Co.,Power,Riyadh,Multi-Year,24,85320,45312,22488,17520,20.53
MP-2025-15720,21/11/2024,W-010140,Bangladeshi,Warehouse Keeper,Saudi Electricity Co.,Power,Riyadh,Multi-Year,24,122112,74232,24648,23232,19.03
MP-2024-67711,12/4/2024,W-010143,Sri Lankan,Welder,Saudi Aramco,Oil & Gas,Eastern Province,Multi-Year,24,130080,55680,20376,54024,41.53
MP-2025-95175,23/03/2024,W-010145,Yemeni,Helper / Labourer,Saudi Electricity Co.,Power,Riyadh,Short-Term,3,9600,5469,2103,2028,21.12
MP-2025-39817,2/4/2024,W-010147,Saudi,Helper / Labourer,Diriyah Company,Real Estate,Riyadh,Short-Term,2,10346,6046,872,3428,33.13
MP-2025-66450,29/05/2024,W-010148,Filipino,Civil Foreman,Royal Commission Jubail,Industrial,Eastern Province,Short-Term,1,8537,5024,1162,2351,27.54
MP-2024-40433,17/04/2025,W-010151,Pakistani,Scaffolder,Saudi Aramco,Oil & Gas,Eastern Province,Multi-Year,24,136704,70776,23544,42384,31
MP-2025-93746,10/3/2025,W-010154,Pakistani,Helper / Labourer,SABIC,Petrochemical,Eastern Province,Annual,12,38304,19080,12948,6276,16.38
MP-2025-12875,5/11/2025,W-010156,Pakistani,Civil Foreman,Red Sea Global,Tourism Dev,Tabuk,Annual,12,80940,43476,12276,25188,31.12
MP-2025-40162,13/09/2025,W-010158,Indian,Pipe Fitter,SABIC,Petrochemical,Eastern Province,Annual,12,96060,45372,9036,41652,43.36
MP-2024-50492,27/03/2025,W-010159,Filipino,Helper / Labourer,Saudi Aramco,Oil & Gas,Eastern Province,Short-Term,3,8601,4215,3165,1221,14.2
MP-2025-31567,20/09/2024,W-010161,Saudi,Scaffolder,Petro Rabigh,Petrochemical,Makkah,Multi-Year,36,394632,175536,16308,202788,51.39
MP-2025-83048,9/1/2025,W-010162,Sudanese,Welder,NEOM,Mega Project,Tabuk,Annual,12,90588,39324,13056,38208,42.18
MP-2025-24201,22/11/2025,W-010163,Bangladeshi,QC Inspector,NWC,Water,Riyadh,Short-Term,6,43554,29586,9510,4458,10.24
MP-2025-95097,22/02/2025,W-010164,Indian,Civil Engineer,Sadara Chemical,Petrochemical,Eastern Province,Annual,12,169032,89832,11280,67920,40.18
MP-2025-86983,7/6/2024,W-010166,Nepali,Helper / Labourer,ROSHN,Real Estate,Riyadh,Multi-Year,24,59304,31680,23592,4032,6.8
MP-2025-23022,3/12/2025,W-010168,Filipino,Site Supervisor,Sadara Chemical,Petrochemical,Eastern Province,Annual,12,99876,60828,19296,19752,19.78
MP-2024-94109,16/10/2025,W-010171,Saudi,Welder,Sadara Chemical,Petrochemical,Eastern Province,Multi-Year,24,173112,94584,6816,71712,41.43
MP-2025-29340,2/9/2025,W-010172,Pakistani,Document Controller,Worley KSA,EPC Contractor,Eastern Province,Annual,12,95592,61164,15600,18828,19.7
MP-2025-41186,25/08/2025,W-010174,Indian,Scaffolder,Saudi Aramco,Oil & Gas,Eastern Province,Annual,12,48456,25908,11832,10716,22.11
MP-2024-69245,30/05/2025,W-010175,Indonesian,Welder,Royal Commission Jubail,Industrial,Eastern Province,Multi-Year,24,155208,70392,16704,68112,43.88
MP-2025-65872,3/12/2025,W-010176,Bangladeshi,Warehouse Keeper,Saudi Aramco,Oil & Gas,Eastern Province,Short-Term,6,29670,15648,6708,7314,24.65
MP-2025-59925,3/9/2025,W-010179,Pakistani,Instrument Technician,Saudi Electricity Co.,Power,Riyadh,Annual,12,78312,41556,15696,21060,26.89
MP-2024-66370,7/4/2025,W-010180,Bangladeshi,Helper / Labourer,Saudi Electricity Co.,Power,Riyadh,Annual,12,34452,17856,10092,6504,18.88
MP-2025-18799,3/4/2024,W-010181,Indian,Welder,Royal Commission Jubail,Industrial,Eastern Province,Multi-Year,18,111294,56484,16146,38664,34.74
MP-2025-97207,9/3/2025,W-010184,Indian,Scaffolder,Sadara Chemical,Petrochemical,Eastern Province,Short-Term,6,28986,13788,4908,10290,35.5
MP-2025-25058,12/10/2024,W-010187,Pakistani,Mechanical Technician,NEOM,Mega Project,Tabuk,Annual,12,107928,48516,12816,46596,43.17
MP-2025-13794,3/7/2024,W-010189,Egyptian,Electrician,Sadara Chemical,Petrochemical,Eastern Province,Short-Term,2,14156,7352,1512,5292,37.38
MP-2024-22026,27/06/2025,W-010190,Pakistani,Mechanical Technician,Saudi Aramco,Oil & Gas,Eastern Province,Short-Term,3,27828,13062,2142,411,1.48
MP-2024-98338,24/03/2024,W-010192,Bangladeshi,Industrial Painter,ROSHN,Real Estate,Riyadh,Annual,12,48120,25908,10908,11304,23.49
MP-2025-79066,14/11/2025,W-010194,Indian,Industrial Painter,ROSHN,Real Estate,Riyadh,Short-Term,3,18300,9102,3669,5529,30.21
MP-2024-11013,24/05/2025,W-010197,Bangladeshi,Pipe Fitter,NEOM,Mega Project,Tabuk,Short-Term,6,54846,23400,4224,27222,49.63
MP-2024-67176,20/01/2024,W-010199,Sri Lankan,Driver (Heavy),NEOM,Mega Project,Tabuk,Annual,12,81828,38316,8832,-3987,-4.87
MP-2025-57428,31/03/2024,W-010201,Yemeni,Scaffolder,NEOM,Mega Project,Tabuk,Annual,12,63276,30648,10860,21768,34.4
MP-2024-20011,6/6/2025,W-010204,Indian,Instrument Technician,Marafiq,Utilities,Eastern Province,Short-Term,2,12192,7486,1596,3110,25.51
MP-2024-33218,5/10/2025,W-010206,Bangladeshi,Heavy Equipment Operator,NEOM,Mega Project,Tabuk,Annual,12,116220,52656,16680,46884,40.34
MP-2025-29786,26/03/2025,W-010207,Bangladeshi,QC Inspector,Royal Commission Yanbu,Industrial,Madinah,Annual,12,98748,64332,14940,-2410,-2.44
MP-2025-20057,22/10/2025,W-010208,Filipino,Instrument Technician,Saudi Electricity Co.,Power,Riyadh,Annual,12,120396,60252,11844,48300,40.12
MP-2024-52143,11/9/2025,W-010210,Bangladeshi,Site Supervisor,Saudi Electricity Co.,Power,Riyadh,Multi-Year,24,277656,178728,34032,-12429,-4.48
MP-2025-78690,19/06/2025,W-010213,Indian,Industrial Painter,SABIC,Petrochemical,Eastern Province,Annual,12,59160,27672,14904,16584,28.03
MP-2024-53213,6/4/2024,W-010216,Nepali,Scaffolder,Diriyah Company,Real Estate,Riyadh,Annual,12,81240,39228,10800,31212,38.42
MP-2024-55851,13/11/2024,W-010219,Nepali,Industrial Painter,NEOM,Mega Project,Tabuk,Multi-Year,24,143352,61704,21504,60144,41.96
MP-2024-94675,17/11/2025,W-010221,Bangladeshi,Welder,Sadara Chemical,Petrochemical,Eastern Province,Multi-Year,24,178296,89184,19680,69432,38.94
MP-2024-48770,13/04/2024,W-010224,Egyptian,Helper / Labourer,Petro Rabigh,Petrochemical,Makkah,Short-Term,3,11955,5478,3294,3183,26.62
MP-2024-91885,18/06/2024,W-010227,Bangladeshi,Industrial Painter,Red Sea Global,Tourism Dev,Tabuk,Short-Term,3,17391,7899,3714,5778,33.22
MP-2024-50562,25/04/2025,W-010228,Pakistani,Civil Engineer,Worley KSA,EPC Contractor,Eastern Province,Annual,12,162492,100908,15684,45900,28.25
MP-2024-89254,21/05/2024,W-010230,Indian,Mechanical Technician,Sadara Chemical,Petrochemical,Eastern Province,Multi-Year,18,126342,60660,15390,50292,39.81
MP-2024-67340,3/4/2024,W-010231,Sudanese,Driver (Heavy),Marafiq,Utilities,Eastern Province,Annual,12,60360,33060,11280,16020,26.54
MP-2024-13694,22/11/2024,W-010232,Sudanese,Rigger,Royal Commission Jubail,Industrial,Eastern Province,Short-Term,3,21687,11304,3819,6564,30.27
MP-2025-68799,22/09/2025,W-010233,Sri Lankan,Welder,SABIC,Petrochemical,Eastern Province,Short-Term,6,32958,18264,5196,9498,28.82
MP-2024-41252,5/3/2025,W-010236,Sudanese,Mechanical Technician,Saudi Aramco,Oil & Gas,Eastern Province,Multi-Year,18,156132,73152,21402,61578,39.44
MP-2024-90584,27/12/2024,W-010237,Filipino,Pipe Fitter,Red Sea Global,Tourism Dev,Tabuk,Annual,12,81564,36588,12696,32280,39.58
MP-2024-61177,26/04/2025,W-010238,Nepali,Site Supervisor,SABIC,Petrochemical,Eastern Province,Short-Term,1,10577,5534,1401,3642,34.43
MP-2025-27486,15/02/2024,W-010240,Filipino,Helper / Labourer,Saudi Aramco,Oil & Gas,Eastern Province,Annual,12,46224,18948,13488,13788,29.83
MP-2024-69988,7/2/2024,W-010242,Indian,Helper / Labourer,Petro Rabigh,Petrochemical,Makkah,Short-Term,3,11697,4827,3171,3699,31.62
MP-2024-47501,31/12/2024,W-010243,Yemeni,Electrician,Saudi Aramco,Oil & Gas,Eastern Province,Annual,12,116736,51480,15852,49404,42.32
MP-2024-75038,9/12/2025,W-010245,Pakistani,Helper / Labourer,SABIC,Petrochemical,Eastern Province,Short-Term,3,9105,4041,3801,1263,13.87
MP-2025-23447,22/03/2024,W-010247,Nepali,Electrician,ROSHN,Real Estate,Riyadh,Annual,12,81000,46932,8184,25884,31.96
MP-2025-90589,21/03/2025,W-010249,Nepali,Helper / Labourer,Saudi Aramco,Oil & Gas,Eastern Province,Annual,12,42804,18528,14544,9732,22.74
MP-2024-28714,14/09/2025,W-010252,Sudanese,Welder,Saudi Aramco,Oil & Gas,Eastern Province,Annual,12,69456,33432,12900,23124,33.29
MP-2025-58623,15/01/2025,W-010254,Egyptian,Civil Foreman,NEOM,Mega Project,Tabuk,Annual,12,114360,61488,8820,44052,38.52
MP-2025-77861,31/01/2025,W-010257,Indian,Helper / Labourer,Diriyah Company,Real Estate,Riyadh,Short-Term,6,19806,8826,6108,4872,24.6
MP-2024-69250,25/06/2024,W-010260,Bangladeshi,Welder,Red Sea Global,Tourism Dev,Tabuk,Multi-Year,24,167448,78456,25488,63504,37.92
MP-2025-30644,29/12/2025,W-010263,Sri Lankan,Rigger,Royal Commission Jubail,Industrial,Eastern Province,Annual,12,52680,29928,9048,13704,26.01
MP-2024-57303,21/07/2025,W-010266,Pakistani,Helper / Labourer,NEOM,Mega Project,Tabuk,Annual,12,35736,16224,16800,2712,7.59
MP-2025-63665,11/8/2025,W-010267,Indian,Electrician,Saudi Aramco,Oil & Gas,Eastern Province,Annual,12,81900,42996,15264,23640,28.86
MP-2024-26912,19/03/2025,W-010270,Sri Lankan,Welder,Saudi Aramco,Oil & Gas,Eastern Province,Short-Term,2,11978,4918,1638,5422,45.27
MP-2025-20336,13/09/2024,W-010271,Nepali,Heavy Equipment Operator,Saudi Aramco,Oil & Gas,Eastern Province,Short-Term,6,38634,17808,6564,14262,36.92
MP-2024-96341,1/10/2025,W-010274,Sri Lankan,Electrician,Marafiq,Utilities,Eastern Province,Short-Term,1,5798,2754,1228,1816,31.32
MP-2024-84991,2/3/2025,W-010277,Nepali,Instrument Technician,ROSHN,Real Estate,Riyadh,Short-Term,3,24084,12933,3492,7659,31.8
MP-2024-17852,10/6/2024,W-010279,Bangladeshi,Mechanical Technician,Sadara Chemical,Petrochemical,Eastern Province,Short-Term,3,27285,12804,4146,10335,37.88
MP-2025-77499,29/07/2025,W-010280,Pakistani,Mechanical Technician,SABIC,Petrochemical,Eastern Province,Short-Term,1,6418,2901,1298,2219,34.57
MP-2024-52917,14/08/2025,W-010283,Pakistani,Helper / Labourer,Ma'aden,Mining,Northern Borders,Annual,12,38028,19188,8004,10836,28.49
MP-2025-41552,8/8/2024,W-010286,Pakistani,Welder,Ma'aden,Mining,Northern Borders,Multi-Year,36,160596,95652,26316,38628,24.05
MP-2025-57943,16/02/2025,W-010288,Indian,Welder,NEOM,Mega Project,Tabuk,Annual,12,67560,31944,11856,23760,35.17
MP-2024-26864,9/4/2024,W-010290,Pakistani,Document Controller,NEOM,Mega Project,Tabuk,Annual,12,90624,45468,11412,780,0.86
MP-2025-72094,15/06/2025,W-010292,Indian,Driver (Heavy),Saudi Aramco,Oil & Gas,Eastern Province,Multi-Year,24,144048,58272,28896,56880,39.49
MP-2025-76494,5/6/2025,W-010295,Bangladeshi,Heavy Equipment Operator,Ma'aden,Mining,Northern Borders,Short-Term,3,25887,12039,3264,10584,40.89
MP-2024-88238,30/04/2025,W-010297,Saudi,Helper / Labourer,Royal Commission Jubail,Industrial,Eastern Province,Annual,12,63096,33972,4716,24408,38.68
MP-2025-29369,28/11/2025,W-010298,Indian,Project Engineer,Saudi Aramco,Oil & Gas,Eastern Province,Short-Term,3,56712,31539,3012,22161,39.08
MP-2025-18163,23/12/2025,W-010299,Bangladeshi,Heavy Equipment Operator,Worley KSA,EPC Contractor,Eastern Province,Annual,12,86796,41736,11940,33120,38.16
MP-2025-98587,28/11/2025,W-010302,Sudanese,Scaffolder,Ma'aden,Mining,Northern Borders,Multi-Year,24,120648,66744,33120,20784,17.23
MP-2025-37168,7/12/2025,W-010305,Bangladeshi,Mechanical Technician,NEOM,Mega Project,Tabuk,Multi-Year,24,175800,81024,25368,69408,39.48
MP-2025-55237,29/05/2024,W-010307,Indian,Project Engineer,Saudi Aramco,Oil & Gas,Eastern Province,Multi-Year,24,517656,299616,38136,179904,34.75
MP-2025-27992,21/04/2024,W-010310,Egyptian,Scaffolder,Saudi Aramco,Oil & Gas,Eastern Province,Multi-Year,24,129360,69432,23040,36888,28.52
MP-2024-99285,20/05/2024,W-010311,Saudi,Site Supervisor,Saudi Aramco,Oil & Gas,Eastern Province,Annual,12,269820,136296,6384,127140,47.12
MP-2025-94659,1/3/2024,W-010312,Nepali,Scaffolder,Royal Commission Jubail,Industrial,Eastern Province,Multi-Year,18,102996,59022,23616,20358,19.77
MP-2024-62034,22/05/2025,W-010313,Indonesian,Site Supervisor,Marafiq,Utilities,Eastern Province,Multi-Year,18,167742,97110,30294,40338,24.05
MP-2025-94058,10/7/2025,W-010316,Bangladeshi,Civil Engineer,Saudi Kayan,Petrochemical,Eastern Province,Annual,12,148572,95568,11580,41424,27.88
MP-2025-34405,15/01/2024,W-010319,Pakistani,Scaffolder,Red Sea Global,Tourism Dev,Tabuk,Short-Term,6,43140,19194,7620,16326,37.84
MP-2024-62538,16/11/2025,W-010320,Indian,Pipe Fitter,Sadara Chemical,Petrochemical,Eastern Province,Short-Term,3,18084,9270,2550,6264,34.64
MP-2024-44282,31/10/2025,W-010322,Nepali,Welder,Saudi Aramco,Oil & Gas,Eastern Province,Short-Term,3,24024,9894,3948,10182,42.38
MP-2024-93717,29/10/2024,W-010324,Filipino,Scaffolder,Saudi Aramco,Oil & Gas,Eastern Province,Short-Term,6,34584,15138,8010,11436,33.07
MP-2024-42435,27/11/2025,W-010327,Yemeni,Welder,Saudi Electricity Co.,Power,Riyadh,Annual,12,54492,27900,8352,18240,33.47
MP-2024-85065,3/7/2025,W-010328,Indian,Helper / Labourer,Saudi Electricity Co.,Power,Riyadh,Annual,12,42360,20760,15888,5712,13.48
MP-2024-69432,15/05/2024,W-010331,Bangladeshi,Heavy Equipment Operator,NEOM,Mega Project,Tabuk,Annual,12,75360,40260,10092,-2340,-3.11
MP-2024-15936,9/3/2025,W-010333,Egyptian,Heavy Equipment Operator,Saudi Aramco,Oil & Gas,Eastern Province,Multi-Year,36,210456,102852,44172,63432,30.14
MP-2025-59081,26/01/2025,W-010335,Yemeni,Warehouse Keeper,Saudi Electricity Co.,Power,Riyadh,Annual,12,75144,39924,13680,21540,28.66
MP-2024-80419,6/2/2025,W-010338,Indian,Site Supervisor,Saudi Kayan,Petrochemical,Eastern Province,Annual,12,155328,89220,17844,48264,31.07
MP-2025-40102,10/9/2024,W-010340,Pakistani,Scaffolder,NWC,Water,Riyadh,Annual,12,51672,25896,11568,14208,27.5
MP-2024-41544,30/07/2024,W-010341,Indian,Welder,NEOM,Mega Project,Tabuk,Annual,12,64200,27336,11424,25440,39.63
MP-2024-17398,23/05/2024,W-010344,Ethiopian,Scaffolder,Marafiq,Utilities,Eastern Province,Annual,12,69204,33696,15168,20340,29.39
MP-2024-96535,17/06/2025,W-010345,Bangladeshi,Scaffolder,NEOM,Mega Project,Tabuk,Annual,12,71808,36348,13908,21552,30.01
MP-2024-55143,20/10/2025,W-010348,Bangladeshi,Heavy Equipment Operator,Diriyah Company,Real Estate,Riyadh,Annual,12,66744,40080,12636,14028,21.02
MP-2024-49418,25/12/2025,W-010349,Sudanese,Warehouse Keeper,NEOM,Mega Project,Tabuk,Multi-Year,24,141144,70656,21552,48936,34.67
MP-2025-58637,4/4/2024,W-010352,Egyptian,Pipe Fitter,SABIC,Petrochemical,Eastern Province,Annual,12,93060,41820,9492,41748,44.86
MP-2024-72835,1/8/2024,W-010354,Pakistani,Warehouse Keeper,SABIC,Petrochemical,Eastern Province,Short-Term,1,7292,3446,1336,2510,34.42
MP-2024-61987,2/9/2024,W-010357,Pakistani,Scaffolder,Saudi Electricity Co.,Power,Riyadh,Annual,12,53556,29184,15744,8628,16.11
MP-2025-51973,27/07/2024,W-010359,Pakistani,Welder,Petro Rabigh,Petrochemical,Makkah,Annual,12,53496,26712,13056,13728,25.66
MP-2025-29976,19/07/2024,W-010361,Pakistani,Civil Foreman,SABIC,Petrochemical,Eastern Province,Annual,12,124812,70308,14676,39828,31.91
MP-2025-70401,21/06/2024,W-010364,Sudanese,Pipe Fitter,Diriyah Company,Real Estate,Riyadh,Annual,12,90276,48600,13572,638,0.71
MP-2024-97584,19/02/2024,W-010365,Bangladeshi,Helper / Labourer,SABIC,Petrochemical,Eastern Province,Annual,12,34260,15660,11160,7440,21.72
MP-2025-96413,14/05/2025,W-010366,Indian,Heavy Equipment Operator,Saudi Aramco,Oil & Gas,Eastern Province,Annual,12,92844,39540,7956,45348,48.84
MP-2025-33496,19/04/2024,W-010367,Filipino,Scaffolder,ROSHN,Real Estate,Riyadh,Short-Term,3,12594,7122,2790,2682,21.3
MP-2024-39603,3/11/2024,W-010370,Sudanese,Welder,Worley KSA,EPC Contractor,Eastern Province,Annual,12,50280,27012,11196,12072,24.01
MP-2024-32463,25/03/2024,W-010372,Yemeni,Rigger,Sadara Chemical,Petrochemical,Eastern Province,Multi-Year,18,151884,67176,14796,69912,46.03
MP-2025-45532,17/02/2024,W-010373,Nepali,Scaffolder,NEOM,Mega Project,Tabuk,Annual,12,65400,27012,7944,30444,46.55
MP-2024-62205,19/03/2024,W-010375,Indian,Scaffolder,Saudi Kayan,Petrochemical,Eastern Province,Annual,12,73080,39060,14604,19416,26.57
MP-2024-75639,20/12/2024,W-010376,Indian,Scaffolder,Saudi Aramco,Oil & Gas,Eastern Province,Annual,12,76008,34308,16524,25176,33.12
MP-2025-69054,17/05/2025,W-010377,Pakistani,Civil Engineer,Saudi Electricity Co.,Power,Riyadh,Annual,12,185640,123636,16704,45300,24.4
MP-2024-20752,1/10/2024,W-010378,Pakistani,Helper / Labourer,Saudi Aramco,Oil & Gas,Eastern Province,Annual,12,36600,18192,16284,2124,5.8
MP-2025-23399,15/05/2024,W-010379,Indian,Mechanical Technician,NEOM,Mega Project,Tabuk,Annual,12,70224,34236,8640,27348,38.94
MP-2025-60493,13/01/2024,W-010381,Bangladeshi,Helper / Labourer,Diriyah Company,Real Estate,Riyadh,Annual,12,41676,22752,12492,6432,15.43
MP-2024-28198,2/10/2024,W-010383,Pakistani,Pipe Fitter,Saudi Aramco,Oil & Gas,Eastern Province,Short-Term,3,18399,9816,2517,6066,32.97
MP-2025-87831,23/09/2025,W-010384,Bangladeshi,Pipe Fitter,Saudi Aramco,Oil & Gas,Eastern Province,Annual,12,96456,46980,15564,33912,35.16
MP-2025-95332,31/08/2025,W-010385,Pakistani,Safety Officer,Red Sea Global,Tourism Dev,Tabuk,Annual,12,89796,51360,13344,25092,27.94
MP-2025-85481,5/9/2024,W-010387,Pakistani,Helper / Labourer,Saudi Electricity Co.,Power,Riyadh,Short-Term,6,20112,8520,4710,6882,34.22
MP-2024-70505,26/12/2025,W-010388,Bangladeshi,Scaffolder,Red Sea Global,Tourism Dev,Tabuk,Multi-Year,36,189504,105912,31572,52020,27.45
MP-2024-65460,21/01/2025,W-010389,Bangladeshi,Safety Officer,NEOM,Mega Project,Tabuk,Annual,12,158976,75516,14460,-16814,-10.58
MP-2024-24335,11/9/2024,W-010392,Nepali,Pipe Fitter,ROSHN,Real Estate,Riyadh,Annual,12,80052,42732,16500,20820,26.01
MP-2025-23886,11/1/2024,W-010393,Pakistani,Instrument Technician,Ma'aden,Mining,Northern Borders,Annual,12,99684,54276,11316,34092,34.2
MP-2024-55215,26/01/2024,W-010395,Indian,Industrial Painter,Bechtel KSA,EPC Contractor,Tabuk,Short-Term,2,8548,4636,2476,1436,16.8
MP-2025-72411,9/4/2024,W-010397,Egyptian,Mechanical Technician,Saudi Aramco,Oil & Gas,Eastern Province,Short-Term,1,5722,2845,732,2145,37.49
MP-2024-77632,27/06/2024,W-010400,Indian,Heavy Equipment Operator,NWC,Water,Riyadh,Short-Term,3,19284,11802,3429,4053,21.02
MP-2024-68926,29/08/2025,W-010402,Bangladeshi,HVAC Technician,SABIC,Petrochemical,Eastern Province,Annual,12,86028,48672,8712,28644,33.3
MP-2024-57945,29/11/2024,W-010403,Bangladeshi,Scaffolder,Saudi Kayan,Petrochemical,Eastern Province,Annual,12,70476,34740,13296,22440,31.84
MP-2025-56135,13/04/2025,W-010406,Indian,Rigger,Royal Commission Yanbu,Industrial,Madinah,Multi-Year,18,108810,60750,14922,33138,30.45
MP-2025-28528,7/6/2025,W-010408,Bangladeshi,Pipe Fitter,Saudi Electricity Co.,Power,Riyadh,Short-Term,6,43038,21888,8400,12750,29.62
MP-2025-47858,23/05/2024,W-010409,Pakistani,Mechanical Technician,Saudi Aramco,Oil & Gas,Eastern Province,Annual,12,64320,33828,15132,15360,23.88
MP-2025-63626,2/12/2025,W-010411,Bangladeshi,Helper / Labourer,Ma'aden,Mining,Northern Borders,Short-Term,1,3422,1778,675,969,28.32
MP-2025-32047,13/04/2025,W-010414,Egyptian,Helper / Labourer,NEOM,Mega Project,Tabuk,Short-Term,1,3464,1461,1393,610,17.61
MP-2024-67850,13/07/2025,W-010415,Ethiopian,Welder,Royal Commission Yanbu,Industrial,Madinah,Annual,12,70116,32112,11844,26160,37.31
MP-2024-67549,30/04/2024,W-010416,Indian,Helper / Labourer,Red Sea Global,Tourism Dev,Tabuk,Multi-Year,36,96120,50400,28980,16740,17.42
MP-2024-84720,25/12/2024,W-010419,Pakistani,Heavy Equipment Operator,Sadara Chemical,Petrochemical,Eastern Province,Annual,12,73224,39852,15528,17844,24.37
MP-2024-27771,25/02/2025,W-010420,Ethiopian,Driver (Heavy),Saudi Aramco,Oil & Gas,Eastern Province,Multi-Year,24,117624,57720,20064,39840,33.87
MP-2025-74154,25/05/2024,W-010423,Nepali,QC Inspector,Saudi Electricity Co.,Power,Riyadh,Short-Term,1,9941,5529,1464,2948,29.65
MP-2025-73968,1/12/2024,W-010426,Indian,Helper / Labourer,Diriyah Company,Real Estate,Riyadh,Annual,12,39492,18900,11028,600,1.52
MP-2024-66314,4/8/2024,W-010428,Pakistani,Helper / Labourer,Sadara Chemical,Petrochemical,Eastern Province,Annual,12,42024,19680,10896,11448,27.24
MP-2024-16021,11/4/2024,W-010431,Sudanese,Mechanical Technician,Saudi Aramco,Oil & Gas,Eastern Province,Multi-Year,36,314892,133668,34956,146268,46.45
MP-2024-95196,5/11/2024,W-010432,Yemeni,Driver (Heavy),Saudi Aramco,Oil & Gas,Eastern Province,Annual,12,62796,27780,13644,1497,2.38
MP-2024-66260,2/11/2025,W-010433,Egyptian,Welder,Ma'aden,Mining,Northern Borders,Short-Term,2,11750,6062,1312,4376,37.24
MP-2024-65353,11/12/2025,W-010434,Bangladeshi,Scaffolder,Saudi Aramco,Oil & Gas,Eastern Province,Multi-Year,18,105390,43902,13554,47934,45.48
MP-2024-94092,24/11/2025,W-010435,Indian,Heavy Equipment Operator,ROSHN,Real Estate,Riyadh,Short-Term,3,22542,12300,2292,7950,35.27
MP-2025-38474,29/03/2024,W-010436,Indian,Pipe Fitter,Diriyah Company,Real Estate,Riyadh,Annual,12,75564,38076,10032,27456,36.33
MP-2024-82534,7/9/2025,W-010439,Egyptian,Scaffolder,NWC,Water,Riyadh,Short-Term,3,12930,6864,2373,3693,28.56
MP-2024-41370,21/05/2025,W-010441,Indian,Instrument Technician,NEOM,Mega Project,Tabuk,Annual,12,152544,65388,16200,70956,46.52
MP-2025-57895,13/07/2025,W-010444,Indian,Mechanical Technician,Worley KSA,EPC Contractor,Eastern Province,Short-Term,6,30840,17610,4080,761,2.47
MP-2025-92388,30/12/2025,W-010447,Egyptian,Industrial Painter,Saudi Electricity Co.,Power,Riyadh,Annual,12,52644,30540,8556,13548,25.74
MP-2024-30365,3/7/2025,W-010449,Bangladeshi,QC Inspector,Saudi Kayan,Petrochemical,Eastern Province,Annual,12,97020,53016,17964,26040,26.84
MP-2024-42044,29/03/2024,W-010451,Indian,Safety Officer,Saudi Aramco,Oil & Gas,Eastern Province,Annual,12,119364,66924,9888,42552,35.65
MP-2024-31473,23/05/2025,W-010453,Filipino,Helper / Labourer,Diriyah Company,Real Estate,Riyadh,Short-Term,2,7762,3500,2400,1862,23.99
MP-2024-53910,15/03/2025,W-010455,Filipino,Scaffolder,Bechtel KSA,EPC Contractor,Tabuk,Annual,12,62172,32340,8304,21528,34.63
MP-2024-58193,10/6/2024,W-010457,Egyptian,Driver (Heavy),Red Sea Global,Tourism Dev,Tabuk,Short-Term,6,29418,13224,3954,601,2.04
MP-2024-33456,6/2/2024,W-010460,Sudanese,HVAC Technician,Red Sea Global,Tourism Dev,Tabuk,Short-Term,2,13808,6698,1706,5404,39.14
MP-2025-25650,29/05/2025,W-010463,Sri Lankan,Pipe Fitter,Royal Commission Yanbu,Industrial,Madinah,Multi-Year,36,168444,90864,31032,46548,27.63
MP-2025-21322,20/07/2025,W-010465,Indian,Scaffolder,NEOM,Mega Project,Tabuk,Short-Term,6,29526,14040,8274,7212,24.43
MP-2024-81638,8/9/2024,W-010466,Indian,Industrial Painter,SABIC,Petrochemical,Eastern Province,Short-Term,1,5282,3041,1143,1098,20.79
MP-2025-23624,29/07/2024,W-010469,Ethiopian,Industrial Painter,Bechtel KSA,EPC Contractor,Tabuk,Multi-Year,24,111456,66096,32184,13176,11.82
MP-2025-58823,14/04/2025,W-010472,Indian,Welder,Saudi Aramco,Oil & Gas,Eastern Province,Multi-Year,18,105894,56646,20646,28602,27.01
MP-2025-44208,18/11/2024,W-010474,Egyptian,Helper / Labourer,Sadara Chemical,Petrochemical,Eastern Province,Short-Term,1,3554,1866,1228,460,12.94
MP-2024-31544,5/4/2025,W-010476,Pakistani,Welder,Sadara Chemical,Petrochemical,Eastern Province,Annual,12,69636,35076,15468,19092,27.42
MP-2025-89076,11/2/2024,W-010477,Sudanese,Electrician,Saudi Aramco,Oil & Gas,Eastern Province,Short-Term,3,18687,10059,2622,6006,32.14
MP-2024-14073,18/02/2025,W-010479,Filipino,Heavy Equipment Operator,Saudi Aramco,Oil & Gas,Eastern Province,Short-Term,2,11242,6038,2472,2732,24.3
MP-2024-62505,16/01/2025,W-010482,Nepali,Rigger,NEOM,Mega Project,Tabuk,Short-Term,1,4442,2335,1327,780,17.56
MP-2024-22055,5/12/2024,W-010483,Indian,Mechanical Technician,Saudi Aramco,Oil & Gas,Eastern Province,Annual,12,108696,53316,8064,47316,43.53
MP-2024-56392,7/8/2024,W-010484,Pakistani,Mechanical Technician,Saudi Aramco,Oil & Gas,Eastern Province,Annual,12,105180,48408,12288,44484,42.29
MP-2025-17992,30/03/2024,W-010486,Bangladeshi,Industrial Painter,ROSHN,Real Estate,Riyadh,Annual,12,56640,26388,12696,-2221,-3.92
MP-2025-72873,11/7/2025,W-010488,Pakistani,Civil Foreman,Sadara Chemical,Petrochemical,Eastern Province,Short-Term,1,7268,4297,1322,1649,22.69
MP-2024-71824,26/06/2025,W-010490,Egyptian,Document Controller,Bechtel KSA,EPC Contractor,Tabuk,Short-Term,2,14700,8066,2676,395,2.69
MP-2024-85457,1/2/2025,W-010492,Indonesian,Document Controller,Saudi Aramco,Oil & Gas,Eastern Province,Short-Term,3,30660,15336,4005,-2152,-7.02
MP-2024-83807,11/7/2024,W-010494,Filipino,Pipe Fitter,Saudi Aramco,Oil & Gas,Eastern Province,Short-Term,6,35868,16764,3906,15198,42.37
MP-2024-27103,14/12/2024,W-010497,Indian,Helper / Labourer,Petro Rabigh,Petrochemical,Makkah,Short-Term,2,7852,3304,2462,2086,26.57
MP-2025-19506,17/01/2025,W-010500,Indonesian,Industrial Painter,Saudi Aramco,Oil & Gas,Eastern Province,Short-Term,2,14418,6142,1956,6320,43.83
MP-2025-95089,20/11/2024,W-010501,Egyptian,Heavy Equipment Operator,Petro Rabigh,Petrochemical,Makkah,Annual,12,82500,41304,15132,26064,31.59
MP-2025-26691,30/06/2024,W-010504,Indian,HVAC Technician,NEOM,Mega Project,Tabuk,Multi-Year,18,107082,52704,22626,31752,29.65
MP-2024-75035,24/05/2024,W-010506,Egyptian,Scaffolder,Worley KSA,EPC Contractor,Eastern Province,Short-Term,1,6345,3150,1197,1998,31.49
MP-2024-44761,2/8/2024,W-010507,Nepali,Electrician,Royal Commission Jubail,Industrial,Eastern Province,Annual,12,60552,32292,11580,16680,27.55
MP-2025-74629,22/01/2025,W-010509,Filipino,Welder,Ma'aden,Mining,Northern Borders,Multi-Year,24,101424,59040,30816,11568,11.41
MP-2025-44226,17/04/2024,W-010510,Pakistani,Driver (Heavy),Saudi Aramco,Oil & Gas,Eastern Province,Short-Term,1,6598,2673,1320,2605,39.48
MP-2025-95673,17/06/2024,W-010513,Yemeni,Pipe Fitter,Saudi Aramco,Oil & Gas,Eastern Province,Short-Term,2,13526,6274,2688,4564,33.74
MP-2025-48980,31/08/2024,W-010514,Indian,Civil Foreman,Saudi Kayan,Petrochemical,Eastern Province,Short-Term,3,16890,10530,3804,2556,15.13
MP-2025-36171,9/4/2024,W-010515,Indian,Rigger,Bechtel KSA,EPC Contractor,Tabuk,Annual,12,62052,29820,12036,20196,32.55
MP-2025-21945,19/10/2025,W-010518,Bangladeshi,Industrial Painter,Saudi Electricity Co.,Power,Riyadh,Short-Term,1,4256,2216,820,1220,28.67
MP-2024-29808,14/12/2025,W-010521,Indian,Rigger,Royal Commission Yanbu,Industrial,Madinah,Annual,12,73380,42120,8352,22908,31.22
MP-2025-80190,4/12/2025,W-010523,Filipino,Scaffolder,Sadara Chemical,Petrochemical,Eastern Province,Annual,12,66192,38352,12936,14904,22.52
MP-2024-25765,4/4/2025,W-010524,Indonesian,Pipe Fitter,SABIC,Petrochemical,Eastern Province,Short-Term,1,7239,3162,977,3100,42.82
MP-2024-87994,21/09/2024,W-010526,Sri Lankan,Warehouse Keeper,Saudi Aramco,Oil & Gas,Eastern Province,Annual,12,71016,35472,10284,25260,35.57
MP-2024-91665,24/08/2025,W-010529,Sudanese,Welder,Saudi Aramco,Oil & Gas,Eastern Province,Annual,12,92280,37584,8700,45996,49.84
MP-2024-47498,2/7/2025,W-010531,Yemeni,Scaffolder,Red Sea Global,Tourism Dev,Tabuk,Annual,12,57792,31944,11424,14424,24.96
MP-2025-15083,9/2/2025,W-010533,Nepali,Welder,Ma'aden,Mining,Northern Borders,Short-Term,3,14460,6696,2631,5133,35.5
MP-2025-99764,10/4/2024,W-010534,Indian,Site Supervisor,Saudi Electricity Co.,Power,Riyadh,Multi-Year,24,279984,160464,21504,98016,35.01
MP-2025-73499,12/6/2025,W-010536,Sudanese,Instrument Technician,Saudi Aramco,Oil & Gas,Eastern Province,Short-Term,6,54102,24768,6258,23076,42.65
MP-2024-35265,24/07/2024,W-010537,Pakistani,Mechanical Technician,Marafiq,Utilities,Eastern Province,Annual,12,80244,40176,12348,27720,34.54
MP-2024-99282,1/2/2024,W-010538,Pakistani,Safety Officer,SABIC,Petrochemical,Eastern Province,Multi-Year,24,221592,113496,25320,82776,37.36
MP-2024-47364,29/01/2024,W-010540,Indian,Helper / Labourer,Royal Commission Jubail,Industrial,Eastern Province,Short-Term,2,7360,3376,1704,2280,30.98
MP-2024-99417,10/1/2024,W-010542,Sri Lankan,Rigger,ROSHN,Real Estate,Riyadh,Short-Term,3,20313,9819,3555,6939,34.16
MP-2025-65549,20/01/2025,W-010544,Bangladeshi,Scaffolder,Sadara Chemical,Petrochemical,Eastern Province,Annual,12,70968,34476,7872,28620,40.33
MP-2025-83591,24/10/2025,W-010547,Filipino,Electrician,Saudi Aramco,Oil & Gas,Eastern Province,Short-Term,3,26763,11451,2538,12774,47.73
MP-2025-34688,2/6/2024,W-010550,Egyptian,Driver (Heavy),Royal Commission Yanbu,Industrial,Madinah,Multi-Year,36,225144,112500,42876,69768,30.99
MP-2025-44003,4/3/2025,W-010552,Bangladeshi,Welder,Diriyah Company,Real Estate,Riyadh,Annual,12,59748,30048,9804,19896,33.3
MP-2025-98063,2/1/2025,W-010555,Pakistani,Pipe Fitter,Red Sea Global,Tourism Dev,Tabuk,Annual,12,69024,35148,14472,19404,28.11
MP-2024-99091,9/12/2024,W-010558,Indian,Electrician,Royal Commission Jubail,Industrial,Eastern Province,Short-Term,3,19374,9918,2994,6462,33.35
MP-2024-93151,20/08/2025,W-010561,Indonesian,Welder,Petro Rabigh,Petrochemical,Makkah,Annual,12,81840,43056,10488,2500,3.05
MP-2024-36253,16/12/2024,W-010563,Ethiopian,Driver (Heavy),Worley KSA,EPC Contractor,Eastern Province,Short-Term,2,12566,6582,2246,3738,29.75
MP-2024-10617,7/4/2025,W-010565,Indian,Helper / Labourer,NEOM,Mega Project,Tabuk,Short-Term,1,3159,1378,972,809,25.61
MP-2025-60242,5/1/2024,W-010566,Filipino,Helper / Labourer,NWC,Water,Riyadh,Multi-Year,24,51984,31464,28800,-8280,-15.93
MP-2025-50906,12/5/2024,W-010567,Bangladeshi,Civil Foreman,Saudi Aramco,Oil & Gas,Eastern Province,Multi-Year,24,271416,140904,24960,105552,38.89
MP-2025-27536,16/12/2024,W-010569,Pakistani,Pipe Fitter,NWC,Water,Riyadh,Multi-Year,36,145656,87624,50004,8028,5.51
MP-2024-87292,31/05/2025,W-010570,Indian,HVAC Technician,Royal Commission Jubail,Industrial,Eastern Province,Annual,12,90564,45036,13404,32124,35.47
MP-2024-96765,20/04/2024,W-010573,Sudanese,Welder,Saudi Aramco,Oil & Gas,Eastern Province,Annual,12,57348,28776,14112,14460,25.21
MP-2024-49467,6/3/2025,W-010576,Indian,Instrument Technician,ROSHN,Real Estate,Riyadh,Annual,12,95136,49956,12408,32772,34.45
MP-2025-24943,18/04/2024,W-010578,Indian,Pipe Fitter,SABIC,Petrochemical,Eastern Province,Annual,12,70620,33156,10464,-4030,-5.71
MP-2024-73001,4/12/2024,W-010579,Indian,Rigger,Marafiq,Utilities,Eastern Province,Multi-Year,36,152064,91404,37224,23436,15.41
MP-2024-43540,21/10/2025,W-010580,Bangladeshi,Site Supervisor,SABIC,Petrochemical,Eastern Province,Short-Term,2,27890,14244,2300,11346,40.68
MP-2025-25191,7/4/2024,W-010581,Indian,Pipe Fitter,Red Sea Global,Tourism Dev,Tabuk,Short-Term,3,22893,12357,3600,6936,30.3
MP-2025-33969,26/04/2024,W-010583,Bangladeshi,Mechanical Technician,Saudi Kayan,Petrochemical,Eastern Province,Annual,12,84684,45072,15780,23832,28.14
MP-2024-17686,12/6/2024,W-010584,Bangladeshi,Civil Foreman,Royal Commission Yanbu,Industrial,Madinah,Annual,12,79032,47436,11028,-3844,-4.86
MP-2024-73318,14/05/2025,W-010585,Yemeni,Mechanical Technician,Saudi Aramco,Oil & Gas,Eastern Province,Annual,12,77628,33900,12528,31200,40.19
MP-2024-97797,12/12/2024,W-010588,Filipino,HVAC Technician,Saudi Aramco,Oil & Gas,Eastern Province,Annual,12,73584,36564,13884,23136,31.44
MP-2024-11526,20/10/2025,W-010589,Bangladeshi,Mechanical Technician,Ma'aden,Mining,Northern Borders,Short-Term,3,18942,10323,2577,6042,31.9
MP-2025-62858,28/08/2024,W-010590,Bangladeshi,Helper / Labourer,Saudi Electricity Co.,Power,Riyadh,Multi-Year,36,126072,53640,43524,-3778,-3
MP-2024-83024,16/07/2025,W-010591,Sudanese,Helper / Labourer,Bechtel KSA,EPC Contractor,Tabuk,Annual,12,45924,22008,13692,10224,22.26
MP-2025-57624,25/02/2024,W-010592,Yemeni,Electrician,Royal Commission Jubail,Industrial,Eastern Province,Annual,12,87264,47544,11868,27852,31.92
MP-2024-10287,15/12/2024,W-010594,Sudanese,Site Supervisor,SABIC,Petrochemical,Eastern Province,Annual,12,130164,79272,11592,39300,30.19
MP-2025-24019,17/09/2024,W-010597,Indian,Welder,Saudi Kayan,Petrochemical,Eastern Province,Short-Term,2,11634,6694,1922,3018,25.94
MP-2024-69048,13/04/2025,W-010600,Filipino,Instrument Technician,Bechtel KSA,EPC Contractor,Tabuk,Short-Term,1,7958,4472,1089,2397,30.12
MP-2024-85832,26/06/2024,W-010603,Sudanese,Welder,Red Sea Global,Tourism Dev,Tabuk,Annual,12,72924,32580,11568,28776,39.46
MP-2024-45860,11/2/2025,W-010605,Saudi,Mechanical Technician,Saudi Aramco,Oil & Gas,Eastern Province,Annual,12,170232,85644,4944,79644,46.79
MP-2024-36330,2/8/2024,W-010608,Egyptian,Rigger,Marafiq,Utilities,Eastern Province,Short-Term,2,12480,6212,1784,4484,35.93
MP-2025-83699,6/5/2025,W-010611,Filipino,Rigger,Saudi Electricity Co.,Power,Riyadh,Annual,12,78432,43752,15420,19260,24.56
MP-2024-13312,25/01/2025,W-010612,Indian,Welder,SABIC,Petrochemical,Eastern Province,Annual,12,97680,45288,9120,3581,3.67
MP-2024-80932,3/2/2024,W-010614,Sudanese,Welder,Petro Rabigh,Petrochemical,Makkah,Annual,12,90960,43008,12852,35100,38.59
MP-2025-97096,18/02/2024,W-010616,Bangladeshi,Site Supervisor,Bechtel KSA,EPC Contractor,Tabuk,Short-Term,6,50220,27966,6018,16236,32.33
MP-2025-39563,10/10/2025,W-010619,Egyptian,Industrial Painter,NEOM,Mega Project,Tabuk,Annual,12,61056,25632,9540,25884,42.39
MP-2024-34507,26/06/2024,W-010622,Bangladeshi,Industrial Painter,Saudi Electricity Co.,Power,Riyadh,Annual,12,49236,24672,10092,14472,29.39
MP-2024-15235,6/6/2024,W-010624,Filipino,Helper / Labourer,ROSHN,Real Estate,Riyadh,Multi-Year,24,76272,38256,22056,15960,20.93
MP-2025-78864,13/08/2024,W-010625,Filipino,Helper / Labourer,Saudi Aramco,Oil & Gas,Eastern Province,Annual,12,40608,18504,15756,6348,15.63
MP-2025-57290,27/10/2024,W-010626,Indonesian,QC Inspector,Ma'aden,Mining,Northern Borders,Annual,12,145248,80184,11040,54024,37.19
MP-2024-94182,20/09/2025,W-010629,Pakistani,Welder,Petro Rabigh,Petrochemical,Makkah,Annual,12,72588,41688,10104,20796,28.65
MP-2024-77746,18/01/2025,W-010632,Sudanese,Mechanical Technician,Saudi Aramco,Oil & Gas,Eastern Province,Multi-Year,24,154656,82584,17328,54744,35.4
MP-2024-92173,8/3/2024,W-010633,Nepali,Helper / Labourer,Petro Rabigh,Petrochemical,Makkah,Annual,12,34824,16344,14124,4356,12.51
MP-2025-94746,14/03/2024,W-010636,Nepali,Welder,Diriyah Company,Real Estate,Riyadh,Short-Term,1,4635,2287,1069,1279,27.59
MP-2024-43901,21/02/2025,W-010638,Bangladeshi,Industrial Painter,Sadara Chemical,Petrochemical,Eastern Province,Annual,12,41880,24504,14280,247,0.59
MP-2024-19514,1/1/2025,W-010641,Indian,Helper / Labourer,Sadara Chemical,Petrochemical,Eastern Province,Short-Term,3,10815,4587,2019,4209,38.92
MP-2024-27875,4/2/2025,W-010644,Pakistani,QC Inspector,Sadara Chemical,Petrochemical,Eastern Province,Multi-Year,24,282456,176616,39192,66648,23.6
MP-2024-10659,9/8/2025,W-010647,Bangladeshi,Heavy Equipment Operator,Saudi Aramco,Oil & Gas,Eastern Province,Short-Term,3,22044,9543,3867,8634,39.17
MP-2024-38939,23/09/2025,W-010649,Indian,Pipe Fitter,Royal Commission Yanbu,Industrial,Madinah,Multi-Year,36,211464,128160,41544,41760,19.75
MP-2024-86099,13/05/2025,W-010651,Pakistani,Rigger,SABIC,Petrochemical,Eastern Province,Short-Term,1,7225,3740,988,2497,34.56
MP-2025-86568,5/6/2024,W-010654,Filipino,Helper / Labourer,NWC,Water,Riyadh,Short-Term,3,7746,4344,3615,-213,-2.75
MP-2025-27603,26/11/2025,W-010657,Pakistani,Mechanical Technician,Saudi Electricity Co.,Power,Riyadh,Annual,12,76032,45288,13608,17136,22.54
MP-2025-28350,5/7/2025,W-010658,Pakistani,Driver (Heavy),Saudi Aramco,Oil & Gas,Eastern Province,Short-Term,1,7588,3389,1259,2940,38.75
MP-2024-14804,18/07/2025,W-010660,Filipino,Document Controller,Ma'aden,Mining,Northern Borders,Annual,12,83820,50784,14748,18288,21.82
MP-2025-27548,20/04/2025,W-010663,Bangladeshi,Industrial Painter,Ma'aden,Mining,Northern Borders,Annual,12,76920,35016,13332,28572,37.15
MP-2024-68487,12/6/2024,W-010664,Filipino,Civil Foreman,Petro Rabigh,Petrochemical,Makkah,Short-Term,3,27780,17544,3663,6573,23.66
MP-2025-58422,27/08/2024,W-010665,Nepali,Instrument Technician,Royal Commission Jubail,Industrial,Eastern Province,Annual,12,128136,63732,8160,56244,43.89
MP-2024-78337,10/10/2025,W-010667,Sudanese,Scaffolder,NEOM,Mega Project,Tabuk,Short-Term,3,17259,7533,3831,5895,34.16
MP-2025-39215,12/6/2025,W-010669,Pakistani,Driver (Heavy),Ma'aden,Mining,Northern Borders,Annual,12,72084,36552,9048,26484,36.74
MP-2024-77441,20/10/2025,W-010671,Indian,Pipe Fitter,Sadara Chemical,Petrochemical,Eastern Province,Annual,12,57432,31356,15096,10980,19.12
MP-2025-98503,5/5/2025,W-010673,Indian,Pipe Fitter,Saudi Kayan,Petrochemical,Eastern Province,Short-Term,1,5244,2630,751,1863,35.53
MP-2024-17328,19/06/2024,W-010675,Sri Lankan,Instrument Technician,Saudi Electricity Co.,Power,Riyadh,Multi-Year,18,180342,93978,22788,63576,35.25
MP-2024-68877,13/09/2025,W-010677,Yemeni,Pipe Fitter,Royal Commission Yanbu,Industrial,Madinah,Annual,12,93696,45960,9432,38304,40.88
MP-2025-31983,3/12/2025,W-010679,Sri Lankan,Safety Officer,Saudi Aramco,Oil & Gas,Eastern Province,Annual,12,85692,49884,15636,20172,23.54
MP-2025-29603,12/9/2025,W-010680,Indian,Driver (Heavy),ROSHN,Real Estate,Riyadh,Multi-Year,18,80226,41940,23868,14418,17.97
MP-2024-98940,26/10/2025,W-010682,Filipino,Industrial Painter,Saudi Aramco,Oil & Gas,Eastern Province,Annual,12,62568,26100,14904,21564,34.46
MP-2024-65769,17/05/2024,W-010684,Bangladeshi,Scaffolder,Saudi Kayan,Petrochemical,Eastern Province,Short-Term,6,27564,15432,7092,5040,18.28
MP-2024-78126,8/1/2024,W-010686,Nepali,HVAC Technician,Sadara Chemical,Petrochemical,Eastern Province,Annual,12,70044,34548,10080,25416,36.29
MP-2025-84012,9/1/2025,W-010689,Pakistani,Rigger,Royal Commission Jubail,Industrial,Eastern Province,Annual,12,82068,42648,11136,28284,34.46
MP-2025-50193,14/08/2025,W-010691,Egyptian,Industrial Painter,Saudi Aramco,Oil & Gas,Eastern Province,Multi-Year,18,108000,50346,21132,36522,33.82
MP-2024-76629,14/02/2025,W-010693,Sudanese,Safety Officer,Red Sea Global,Tourism Dev,Tabuk,Short-Term,3,30681,19212,2694,8775,28.6
MP-2025-21552,6/3/2024,W-010695,Pakistani,Welder,Saudi Aramco,Oil & Gas,Eastern Province,Annual,12,100908,45300,12492,43116,42.73
MP-2024-32973,17/10/2025,W-010697,Bangladeshi,Scaffolder,Red Sea Global,Tourism Dev,Tabuk,Multi-Year,24,118896,54552,24792,39552,33.27
MP-2024-98345,6/2/2024,W-010699,Pakistani,Welder,Saudi Aramco,Oil & Gas,Eastern Province,Multi-Year,36,207576,99540,39240,68796,33.14
MP-2024-21818,16/07/2025,W-010701,Egyptian,Heavy Equipment Operator,NEOM,Mega Project,Tabuk,Short-Term,3,22899,9621,2973,10305,45
MP-2024-44223,28/06/2024,W-010703,Bangladeshi,Heavy Equipment Operator,Ma'aden,Mining,Northern Borders,Short-Term,1,9080,4245,1307,3528,38.85
MP-2025-68034,21/01/2025,W-010706,Bangladeshi,Scaffolder,Sadara Chemical,Petrochemical,Eastern Province,Annual,12,79668,35448,15564,28656,35.97
MP-2025-18854,26/01/2025,W-010709,Sudanese,Scaffolder,Diriyah Company,Real Estate,Riyadh,Multi-Year,36,224820,120168,23652,81000,36.03
MP-2024-47655,5/4/2024,W-010711,Nepali,Helper / Labourer,Saudi Aramco,Oil & Gas,Eastern Province,Multi-Year,36,112572,53568,38880,20124,17.88
MP-2024-75404,23/07/2024,W-010712,Egyptian,Driver (Heavy),SABIC,Petrochemical,Eastern Province,Short-Term,2,13182,6742,2468,3972,30.13
MP-2024-98580,10/11/2025,W-010714,Filipino,Helper / Labourer,NEOM,Mega Project,Tabuk,Short-Term,3,10083,4569,3972,1542,15.29
MP-2025-74330,6/7/2024,W-010717,Pakistani,Scaffolder,NEOM,Mega Project,Tabuk,Short-Term,3,17757,8010,3081,6666,37.54
MP-2024-69925,3/5/2024,W-010720,Bangladeshi,Electrician,Saudi Aramco,Oil & Gas,Eastern Province,Annual,12,75264,39852,11052,24360,32.37
MP-2024-81901,26/09/2024,W-010721,Pakistani,Site Supervisor,Sadara Chemical,Petrochemical,Eastern Province,Short-Term,3,28710,15396,3486,9828,34.23
MP-2025-69077,3/7/2024,W-010724,Indian,Civil Foreman,SABIC,Petrochemical,Eastern Province,Short-Term,3,30957,16530,3876,10551,34.08
MP-2024-71995,10/1/2024,W-010725,Bangladeshi,Pipe Fitter,Petro Rabigh,Petrochemical,Makkah,Annual,12,74388,40332,12180,21876,29.41
MP-2024-62219,11/4/2024,W-010728,Indian,Scaffolder,SABIC,Petrochemical,Eastern Province,Multi-Year,18,91944,47340,16578,28026,30.48
MP-2025-55107,21/01/2024,W-010730,Indian,Driver (Heavy),Bechtel KSA,EPC Contractor,Tabuk,Short-Term,6,36174,18660,8310,9204,25.44
MP-2025-98236,6/6/2025,W-010732,Egyptian,Mechanical Technician,Saudi Aramco,Oil & Gas,Eastern Province,Annual,12,104544,44736,15612,44196,42.28
MP-2025-65288,8/10/2025,W-010735,Filipino,Helper / Labourer,Saudi Aramco,Oil & Gas,Eastern Province,Short-Term,2,7170,2976,2366,1828,25.5
MP-2025-45553,31/03/2025,W-010737,Egyptian,Instrument Technician,Saudi Electricity Co.,Power,Riyadh,Short-Term,1,5880,3488,839,1553,26.41
MP-2024-37600,19/06/2024,W-010739,Indian,Welder,Petro Rabigh,Petrochemical,Makkah,Annual,12,51384,26904,14688,9792,19.06
MP-2025-91015,8/6/2024,W-010740,Nepali,Driver (Heavy),Sadara Chemical,Petrochemical,Eastern Province,Short-Term,3,15072,8460,3135,3477,23.07
MP-2024-96972,31/12/2024,W-010742,Yemeni,Mechanical Technician,Petro Rabigh,Petrochemical,Makkah,Multi-Year,36,235944,110520,37944,87480,37.08
MP-2025-92712,13/10/2025,W-010745,Bangladeshi,Rigger,NEOM,Mega Project,Tabuk,Multi-Year,36,272268,113868,35316,123084,45.21
MP-2025-30410,6/11/2024,W-010746,Indian,Helper / Labourer,Saudi Kayan,Petrochemical,Eastern Province,Short-Term,3,10833,4863,3057,2913,26.89
MP-2025-11197,16/03/2025,W-010748,Filipino,Helper / Labourer,NEOM,Mega Project,Tabuk,Short-Term,6,20244,9372,7116,3756,18.55
MP-2025-38913,26/09/2024,W-010749,Bangladeshi,Scaffolder,Royal Commission Jubail,Industrial,Eastern Province,Multi-Year,24,119544,57576,30168,31800,26.6
MP-2024-33908,19/05/2024,W-010751,Indian,Mechanical Technician,Saudi Electricity Co.,Power,Riyadh,Annual,12,80784,45408,9168,26208,32.44
MP-2024-34371,14/04/2024,W-010753,Pakistani,HVAC Technician,Diriyah Company,Real Estate,Riyadh,Short-Term,2,8830,5254,1930,1646,18.64
MP-2025-58679,19/04/2025,W-010756,Sudanese,Electrician,Saudi Kayan,Petrochemical,Eastern Province,Multi-Year,18,105444,55908,19026,30510,28.93
MP-2025-60014,13/01/2024,W-010757,Saudi,HVAC Technician,Saudi Electricity Co.,Power,Riyadh,Multi-Year,24,245880,133248,10320,102312,41.61
MP-2024-71974,2/2/2025,W-010760,Saudi,Civil Engineer,Saudi Aramco,Oil & Gas,Eastern Province,Annual,12,354876,208452,5304,141120,39.77
MP-2025-16827,13/11/2025,W-010761,Saudi,Scaffolder,Saudi Electricity Co.,Power,Riyadh,Short-Term,3,23298,13179,1446,8673,37.23
MP-2025-88146,7/6/2024,W-010763,Egyptian,Scaffolder,Ma'aden,Mining,Northern Borders,Annual,12,66792,29688,14640,1088,1.63
MP-2024-80300,19/04/2024,W-010764,Bangladeshi,Electrician,NEOM,Mega Project,Tabuk,Annual,12,93696,39120,14400,-5044,-5.38
MP-2024-42859,10/2/2024,W-010766,Egyptian,Heavy Equipment Operator,NEOM,Mega Project,Tabuk,Annual,12,98724,45840,10716,42168,42.71
MP-2024-19027,27/06/2025,W-010767,Bangladeshi,Helper / Labourer,NEOM,Mega Project,Tabuk,Annual,12,49680,21192,14400,14088,28.36
MP-2025-91290,1/9/2024,W-010769,Egyptian,Rigger,NEOM,Mega Project,Tabuk,Annual,12,82428,37668,12768,31992,38.81
MP-2025-63713,18/10/2025,W-010771,Indian,Heavy Equipment Operator,Saudi Aramco,Oil & Gas,Eastern Province,Multi-Year,24,138288,74928,17520,45840,33.15
MP-2024-84843,19/10/2025,W-010773,Nepali,Heavy Equipment Operator,Diriyah Company,Real Estate,Riyadh,Short-Term,3,18324,9591,1980,6753,36.85
MP-2025-20480,24/04/2025,W-010776,Indian,Heavy Equipment Operator,NWC,Water,Riyadh,Annual,12,77688,41568,15216,20904,26.91
MP-2024-19225,7/11/2024,W-010777,Indonesian,Site Supervisor,Saudi Aramco,Oil & Gas,Eastern Province,Annual,12,130860,73140,15672,42048,32.13
MP-2024-83193,25/07/2025,W-010779,Egyptian,Helper / Labourer,NEOM,Mega Project,Tabuk,Annual,12,47268,20664,8736,17868,37.8
MP-2025-76151,11/12/2024,W-010782,Indian,Document Controller,Saudi Electricity Co.,Power,Riyadh,Annual,12,93516,49560,10716,33240,35.54
MP-2025-52395,15/09/2025,W-010783,Filipino,Scaffolder,Royal Commission Jubail,Industrial,Eastern Province,Multi-Year,24,114600,60096,32880,-1231,-1.07
MP-2025-88087,17/01/2024,W-010786,Indian,Driver (Heavy),Saudi Aramco,Oil & Gas,Eastern Province,Multi-Year,24,150312,81552,30384,38376,25.53
MP-2025-82569,7/6/2025,W-010789,Filipino,Civil Foreman,Saudi Aramco,Oil & Gas,Eastern Province,Annual,12,85704,46680,15804,23220,27.09
MP-2025-49361,4/4/2024,W-010792,Bangladeshi,Warehouse Keeper,Diriyah Company,Real Estate,Riyadh,Annual,12,69936,42120,15228,12588,18
MP-2024-88018,19/10/2025,W-010794,Indian,Helper / Labourer,Saudi Electricity Co.,Power,Riyadh,Annual,12,43212,22236,15720,5256,12.16
MP-2024-39716,30/10/2025,W-010797,Sri Lankan,QC Inspector,ROSHN,Real Estate,Riyadh,Short-Term,6,42642,26016,5718,10908,25.58
MP-2024-30079,21/02/2024,W-010800,Egyptian,Industrial Painter,Saudi Electricity Co.,Power,Riyadh,Annual,12,53148,30072,10404,12672,23.84
MP-2024-54062,25/03/2024,W-010802,Filipino,Welder,Saudi Electricity Co.,Power,Riyadh,Short-Term,6,35268,17370,7332,10566,29.96
MP-2024-73944,8/2/2025,W-010805,Filipino,Heavy Equipment Operator,Worley KSA,EPC Contractor,Eastern Province,Annual,12,68088,38832,11676,17580,25.82
MP-2024-24749,18/11/2025,W-010807,Bangladeshi,Electrician,Sadara Chemical,Petrochemical,Eastern Province,Annual,12,59460,31752,16692,11016,18.53
MP-2025-91681,29/05/2024,W-010809,Indian,Helper / Labourer,SABIC,Petrochemical,Eastern Province,Annual,12,50988,21060,8808,2026,3.97
MP-2024-47707,15/01/2024,W-010811,Nepali,Welder,Saudi Electricity Co.,Power,Riyadh,Short-Term,2,11844,6768,2120,2956,24.96
MP-2025-91663,24/05/2024,W-010814,Nepali,Welder,NEOM,Mega Project,Tabuk,Annual,12,53724,27240,10356,16128,30.02
MP-2025-16957,21/04/2025,W-010817,Indonesian,Welder,Red Sea Global,Tourism Dev,Tabuk,Annual,12,84480,43932,8772,31776,37.61
MP-2025-40299,24/01/2025,W-010820,Saudi,Welder,Sadara Chemical,Petrochemical,Eastern Province,Multi-Year,18,142596,71946,8478,-6185,-4.34
MP-2025-53721,16/05/2025,W-010822,Egyptian,Welder,Red Sea Global,Tourism Dev,Tabuk,Annual,12,74328,32208,16608,25512,34.32
MP-2024-92023,20/09/2024,W-010824,Sri Lankan,Helper / Labourer,Saudi Aramco,Oil & Gas,Eastern Province,Annual,12,36192,17616,15876,2700,7.46
MP-2024-60096,17/06/2025,W-010827,Filipino,QC Inspector,SABIC,Petrochemical,Eastern Province,Short-Term,2,19584,11214,2760,5610,28.65
MP-2024-37100,30/10/2025,W-010828,Filipino,Rigger,SABIC,Petrochemical,Eastern Province,Short-Term,6,45078,22530,7992,14556,32.29
MP-2024-51614,10/3/2024,W-010831,Filipino,HVAC Technician,SABIC,Petrochemical,Eastern Province,Multi-Year,24,199056,93816,31440,73800,37.07
MP-2025-49760,29/03/2025,W-010834,Indonesian,Driver (Heavy),NWC,Water,Riyadh,Short-Term,2,7760,4698,2444,618,7.96
MP-2025-89377,3/8/2025,W-010837,Pakistani,Scaffolder,Red Sea Global,Tourism Dev,Tabuk,Annual,12,70872,35556,12324,22992,32.44
MP-2025-34114,31/01/2025,W-010839,Bangladeshi,Pipe Fitter,SABIC,Petrochemical,Eastern Province,Annual,12,112104,49728,16356,46020,41.05
MP-2024-36812,8/3/2024,W-010840,Sri Lankan,Document Controller,Petro Rabigh,Petrochemical,Makkah,Annual,12,86604,49800,10020,26784,30.93
MP-2024-89682,24/01/2025,W-010843,Pakistani,Safety Officer,Royal Commission Jubail,Industrial,Eastern Province,Annual,12,116580,62616,18600,35364,30.33
MP-2025-69886,13/02/2024,W-010844,Bangladeshi,Industrial Painter,Diriyah Company,Real Estate,Riyadh,Annual,12,59460,30228,8244,20988,35.3
MP-2025-49918,19/10/2024,W-010846,Indian,Scaffolder,Marafiq,Utilities,Eastern Province,Annual,12,73548,39180,13620,20748,28.21
MP-2024-33562,22/08/2025,W-010849,Filipino,Industrial Painter,Sadara Chemical,Petrochemical,Eastern Province,Short-Term,3,17019,7824,2403,6792,39.91
MP-2025-52477,9/12/2025,W-010852,Sri Lankan,Helper / Labourer,Diriyah Company,Real Estate,Riyadh,Short-Term,1,3570,1724,714,1132,31.71
MP-2024-59634,17/07/2025,W-010854,Indian,Pipe Fitter,Sadara Chemical,Petrochemical,Eastern Province,Multi-Year,24,115296,64608,29448,948,0.82
MP-2025-47851,3/10/2025,W-010855,Indian,Pipe Fitter,SABIC,Petrochemical,Eastern Province,Annual,12,68304,34272,15504,18528,27.13
MP-2024-89689,20/05/2025,W-010856,Indian,Rigger,Saudi Electricity Co.,Power,Riyadh,Annual,12,63852,39144,15744,8964,14.04
MP-2024-16411,8/7/2024,W-010857,Indian,Electrician,Saudi Aramco,Oil & Gas,Eastern Province,Short-Term,6,50430,25152,8040,920,1.82
MP-2024-31146,19/11/2025,W-010859,Filipino,HVAC Technician,NEOM,Mega Project,Tabuk,Annual,12,73764,35028,13008,25728,34.88
MP-2024-49229,26/11/2024,W-010861,Sri Lankan,Helper / Labourer,Royal Commission Jubail,Industrial,Eastern Province,Multi-Year,18,48744,26568,21078,1098,2.25
MP-2025-78766,2/8/2024,W-010864,Indian,Welder,NEOM,Mega Project,Tabuk,Multi-Year,18,123894,53532,24300,46062,37.18
MP-2025-65974,15/09/2025,W-010866,Pakistani,Civil Foreman,ROSHN,Real Estate,Riyadh,Multi-Year,36,294156,172764,36684,84708,28.8
MP-2024-48074,17/07/2024,W-010867,Indian,Mechanical Technician,Royal Commission Yanbu,Industrial,Madinah,Annual,12,73296,38580,11532,1112,1.52
MP-2024-11480,17/10/2025,W-010868,Nepali,Scaffolder,Saudi Aramco,Oil & Gas,Eastern Province,Short-Term,6,26976,14718,6984,5274,19.55
MP-2024-33020,17/07/2024,W-010870,Sudanese,Warehouse Keeper,Ma'aden,Mining,Northern Borders,Annual,12,51156,29400,9204,12552,24.54
MP-2025-70616,27/02/2025,W-010873,Indian,Instrument Technician,NEOM,Mega Project,Tabuk,Annual,12,97248,53724,12996,30528,31.39
MP-2025-18678,1/6/2024,W-010875,Yemeni,Electrician,Saudi Electricity Co.,Power,Riyadh,Annual,12,68052,34980,9492,23580,34.65
MP-2025-51222,27/12/2025,W-010876,Pakistani,Welder,Petro Rabigh,Petrochemical,Makkah,Annual,12,78456,42324,12528,23604,30.09
MP-2025-14901,25/07/2024,W-010877,Bangladeshi,Welder,Ma'aden,Mining,Northern Borders,Annual,12,66780,30048,14388,22344,33.46
MP-2025-28781,10/4/2024,W-010880,Nepali,Pipe Fitter,Diriyah Company,Real Estate,Riyadh,Annual,12,81696,44220,7836,29640,36.28
MP-2024-53684,23/04/2025,W-010881,Indian,Helper / Labourer,Royal Commission Jubail,Industrial,Eastern Province,Short-Term,3,9504,5049,2400,2055,21.62
MP-2025-67817,18/11/2025,W-010882,Pakistani,Pipe Fitter,Saudi Aramco,Oil & Gas,Eastern Province,Multi-Year,18,101574,49896,16002,35676,35.12
MP-2025-85246,7/9/2024,W-010883,Indian,Safety Officer,Sadara Chemical,Petrochemical,Eastern Province,Annual,12,88476,49812,17352,21312,24.09
MP-2024-21287,12/3/2025,W-010885,Indian,Safety Officer,NEOM,Mega Project,Tabuk,Multi-Year,36,368064,196704,56844,114516,31.11
MP-2024-71039,4/8/2025,W-010886,Indian,Helper / Labourer,Diriyah Company,Real Estate,Riyadh,Short-Term,3,10869,5133,2997,2739,25.2
MP-2024-28837,23/09/2025,W-010888,Sri Lankan,Industrial Painter,Diriyah Company,Real Estate,Riyadh,Annual,12,72468,34164,11880,-3833,-5.29
MP-2025-72737,17/04/2025,W-010889,Pakistani,Electrician,NEOM,Mega Project,Tabuk,Annual,12,92580,40452,8760,43368,46.84
MP-2024-49599,29/06/2025,W-010891,Bangladeshi,Industrial Painter,ROSHN,Real Estate,Riyadh,Annual,12,65568,36828,10872,17868,27.25
MP-2025-67062,3/8/2025,W-010893,Filipino,Scaffolder,Red Sea Global,Tourism Dev,Tabuk,Short-Term,6,33756,19026,6582,8148,24.14
MP-2024-68355,29/06/2024,W-010895,Indonesian,Welder,Saudi Aramco,Oil & Gas,Eastern Province,Multi-Year,36,220392,98064,25056,97272,44.14
MP-2024-86122,13/10/2025,W-010896,Egyptian,Rigger,Saudi Electricity Co.,Power,Riyadh,Short-Term,6,33678,19350,6966,7362,21.86
MP-2025-66980,18/12/2024,W-010897,Filipino,Safety Officer,Ma'aden,Mining,Northern Borders,Multi-Year,24,181608,95256,41280,-7302,-4.02
MP-2025-24378,15/10/2024,W-010898,Pakistani,HVAC Technician,Saudi Electricity Co.,Power,Riyadh,Short-Term,3,18318,9993,2424,5901,32.21
MP-2024-34671,22/07/2025,W-010900,Yemeni,Electrician,Saudi Electricity Co.,Power,Riyadh,Short-Term,2,9508,5710,1324,2474,26.02
MP-2025-96235,23/03/2025,W-010901,Indian,Rigger,Saudi Electricity Co.,Power,Riyadh,Annual,12,84480,42744,11628,30108,35.64
MP-2025-82358,5/4/2025,W-010903,Pakistani,Pipe Fitter,ROSHN,Real Estate,Riyadh,Annual,12,78564,47088,12312,19164,24.39
MP-2025-14385,8/2/2024,W-010906,Bangladeshi,Industrial Painter,NEOM,Mega Project,Tabuk,Multi-Year,18,88974,37278,24984,26712,30.02
MP-2025-70940,13/06/2025,W-010907,Filipino,Safety Officer,SABIC,Petrochemical,Eastern Province,Annual,12,126564,67104,17448,42012,33.19
MP-2025-90352,24/02/2024,W-010909,Filipino,Welder,Saudi Electricity Co.,Power,Riyadh,Multi-Year,24,150528,68976,29976,51576,34.26
MP-2024-88333,7/11/2024,W-010912,Sudanese,Scaffolder,ROSHN,Real Estate,Riyadh,Annual,12,64260,33624,10428,20208,31.45
MP-2024-47593,11/5/2025,W-010913,Indian,Welder,Royal Commission Jubail,Industrial,Eastern Province,Short-Term,6,34074,15900,3966,14208,41.7
MP-2024-87564,3/6/2024,W-010916,Bangladeshi,Helper / Labourer,SABIC,Petrochemical,Eastern Province,Annual,12,45540,19092,15564,10884,23.9
MP-2024-29014,1/9/2025,W-010917,Sudanese,Helper / Labourer,Saudi Electricity Co.,Power,Riyadh,Annual,12,44568,20352,9300,14916,33.47
MP-2025-17120,19/10/2025,W-010919,Egyptian,Welder,Saudi Aramco,Oil & Gas,Eastern Province,Annual,12,74448,32184,14568,27696,37.2
MP-2025-99589,23/12/2025,W-010921,Bangladeshi,Pipe Fitter,Petro Rabigh,Petrochemical,Makkah,Short-Term,3,17088,9264,3144,4680,27.39
MP-2024-79637,14/10/2025,W-010923,Indonesian,Mechanical Technician,Marafiq,Utilities,Eastern Province,Multi-Year,24,159360,80184,20208,58968,37
MP-2025-98511,4/9/2024,W-010926,Nepali,Helper / Labourer,Ma'aden,Mining,Northern Borders,Annual,12,45168,22752,7896,-923,-2.04
MP-2025-22805,21/06/2025,W-010927,Nepali,Electrician,Diriyah Company,Real Estate,Riyadh,Short-Term,1,4306,2645,1354,307,7.13
MP-2024-88562,15/10/2025,W-010928,Egyptian,Welder,Saudi Kayan,Petrochemical,Eastern Province,Short-Term,6,37296,20910,4398,11988,32.14
MP-2025-71204,7/11/2025,W-010929,Nepali,Warehouse Keeper,SABIC,Petrochemical,Eastern Province,Annual,12,93420,43980,10716,38724,41.45
MP-2024-46344,4/3/2024,W-010931,Bangladeshi,Document Controller,SABIC,Petrochemical,Eastern Province,Multi-Year,24,191016,105144,32304,53568,28.04
MP-2024-94604,18/05/2025,W-010932,Indian,Helper / Labourer,SABIC,Petrochemical,Eastern Province,Annual,12,51648,22176,8724,20748,40.17
MP-2025-68442,20/01/2024,W-010934,Indian,Rigger,NWC,Water,Riyadh,Annual,12,63300,32712,15936,14652,23.15
MP-2025-72670,22/03/2025,W-010936,Yemeni,Helper / Labourer,Royal Commission Jubail,Industrial,Eastern Province,Annual,12,36804,15624,15156,6024,16.37
MP-2025-53704,29/11/2025,W-010938,Bangladeshi,QC Inspector,NWC,Water,Riyadh,Short-Term,6,66048,42096,9606,14346,21.72
MP-2025-94907,26/07/2024,W-010939,Filipino,Site Supervisor,Red Sea Global,Tourism Dev,Tabuk,Short-Term,3,39636,21567,3447,14622,36.89
MP-2025-34833,23/05/2024,W-010940,Indian,HVAC Technician,NEOM,Mega Project,Tabuk,Annual,12,70056,32556,10572,26928,38.44
MP-2025-12151,7/2/2024,W-010942,Indian,Helper / Labourer,Saudi Aramco,Oil & Gas,Eastern Province,Short-Term,6,22938,9450,7836,5652,24.64
MP-2024-19441,7/2/2024,W-010945,Indian,Rigger,Ma'aden,Mining,Northern Borders,Multi-Year,18,99648,48384,11898,39366,39.51
MP-2025-22752,12/4/2025,W-010948,Indian,Civil Foreman,Royal Commission Yanbu,Industrial,Madinah,Short-Term,3,26394,14961,2091,9342,35.39
MP-2025-98918,15/02/2025,W-010950,Indian,Rigger,NEOM,Mega Project,Tabuk,Short-Term,2,15864,7046,1804,7014,44.21
MP-2024-64415,21/06/2024,W-010953,Pakistani,Pipe Fitter,SABIC,Petrochemical,Eastern Province,Annual,12,69036,31680,13488,23868,34.57
MP-2024-12048,13/05/2025,W-010954,Indian,Pipe Fitter,Saudi Aramco,Oil & Gas,Eastern Province,Annual,12,99480,47952,15072,36456,36.65
MP-2024-37021,26/05/2024,W-010957,Pakistani,Mechanical Technician,SABIC,Petrochemical,Eastern Province,Short-Term,1,8375,3993,1109,3273,39.08
MP-2025-55593,4/3/2025,W-010958,Filipino,Pipe Fitter,Worley KSA,EPC Contractor,Eastern Province,Multi-Year,24,203544,94872,24744,83928,41.23
MP-2024-46231,24/02/2024,W-010959,Indian,Pipe Fitter,Saudi Kayan,Petrochemical,Eastern Province,Multi-Year,36,199116,97812,24552,76752,38.55
MP-2025-37471,21/03/2025,W-010961,Pakistani,Helper / Labourer,Royal Commission Jubail,Industrial,Eastern Province,Short-Term,1,3452,1855,1239,358,10.37
MP-2024-19287,28/08/2024,W-010964,Bangladeshi,Civil Foreman,Saudi Electricity Co.,Power,Riyadh,Annual,12,111648,68952,8796,33900,30.36
MP-2024-64079,23/07/2024,W-010966,Sri Lankan,Welder,NEOM,Mega Project,Tabuk,Short-Term,3,18039,7296,2973,7770,43.07
MP-2024-69996,17/07/2024,W-010969,Pakistani,Scaffolder,Sadara Chemical,Petrochemical,Eastern Province,Short-Term,6,22350,12504,7734,2112,9.45
MP-2024-55033,13/08/2024,W-010971,Filipino,Helper / Labourer,ROSHN,Real Estate,Riyadh,Annual,12,37548,16824,15492,5232,13.93
MP-2025-38369,28/08/2025,W-010973,Sudanese,Scaffolder,Diriyah Company,Real Estate,Riyadh,Annual,12,49656,28140,13020,8496,17.11
MP-2024-85196,6/1/2024,W-010975,Ethiopian,Welder,Ma'aden,Mining,Northern Borders,Annual,12,53808,27048,12108,14652,27.23
MP-2024-69302,22/05/2025,W-010976,Indian,Helper / Labourer,Red Sea Global,Tourism Dev,Tabuk,Annual,12,35232,17172,9948,8112,23.02
MP-2024-72886,16/11/2025,W-010978,Indian,Mechanical Technician,NEOM,Mega Project,Tabuk,Annual,12,120372,57036,9048,54288,45.1
MP-2024-58551,3/10/2025,W-010980,Egyptian,Welder,ROSHN,Real Estate,Riyadh,Annual,12,73056,39660,10464,22932,31.39
MP-2024-99740,23/03/2024,W-010983,Yemeni,Helper / Labourer,Saudi Aramco,Oil & Gas,Eastern Province,Multi-Year,24,89112,43992,22176,22944,25.75
MP-2025-58029,28/06/2024,W-010986,Filipino,Welder,Diriyah Company,Real Estate,Riyadh,Short-Term,3,12741,7746,3027,1968,15.45
MP-2024-39548,24/11/2024,W-010988,Sri Lankan,Instrument Technician,Saudi Electricity Co.,Power,Riyadh,Short-Term,3,21624,11982,3135,6507,30.09
MP-2025-69241,27/09/2025,W-010990,Sudanese,Civil Engineer,Royal Commission Yanbu,Industrial,Madinah,Multi-Year,18,254142,142956,16092,95094,37.42
MP-2024-47797,19/03/2024,W-010991,Indian,Welder,Saudi Aramco,Oil & Gas,Eastern Province,Short-Term,2,13564,6066,1740,5758,42.45
MP-2024-72115,21/12/2024,W-010993,Bangladeshi,Rigger,SABIC,Petrochemical,Eastern Province,Short-Term,2,14952,7272,1804,5876,39.3
MP-2025-73720,30/08/2025,W-010996,Nepali,Helper / Labourer,Saudi Electricity Co.,Power,Riyadh,Short-Term,2,7082,3678,2484,920,12.99
MP-2025-47767,18/02/2024,W-010997,Pakistani,Mechanical Technician,Saudi Aramco,Oil & Gas,Eastern Province,Multi-Year,24,145992,75960,28344,41688,28.55
MP-2024-31135,31/08/2024,W-010998,Indian,Electrician,Saudi Aramco,Oil & Gas,Eastern Province,Short-Term,2,13432,5980,2298,5154,38.37
MP-2024-58878,4/4/2025,W-011001,Saudi,Heavy Equipment Operator,Saudi Aramco,Oil & Gas,Eastern Province,Short-Term,3,51834,22326,804,28704,55.38
MP-2025-94835,23/12/2025,W-011003,Bangladeshi,Scaffolder,NWC,Water,Riyadh,Multi-Year,24,146016,74856,32208,38952,26.68
MP-2024-72781,11/2/2024,W-011004,Nepali,Welder,Saudi Aramco,Oil & Gas,Eastern Province,Annual,12,63144,30636,10740,21768,34.47
MP-2024-86471,23/06/2025,W-011005,Sudanese,Helper / Labourer,SABIC,Petrochemical,Eastern Province,Short-Term,3,12753,5118,4146,3489,27.36
MP-2025-51649,9/9/2025,W-011008,Bangladeshi,Welder,Red Sea Global,Tourism Dev,Tabuk,Annual,12,78852,40152,11280,-3263,-4.14
MP-2025-68402,28/07/2025,W-011009,Indian,Driver (Heavy),Royal Commission Jubail,Industrial,Eastern Province,Annual,12,58836,33840,14352,10644,18.09
MP-2025-28293,24/08/2025,W-011012,Indian,Scaffolder,Ma'aden,Mining,Northern Borders,Multi-Year,24,112728,50232,29208,33288,29.53
MP-2025-93729,6/10/2024,W-011014,Indian,Mechanical Technician,NEOM,Mega Project,Tabuk,Multi-Year,24,157296,76128,25560,4788,3.04
MP-2025-74762,26/07/2025,W-011017,Bangladeshi,Welder,Saudi Aramco,Oil & Gas,Eastern Province,Short-Term,3,16275,7197,2598,6480,39.82
MP-2024-13728,2/5/2024,W-011019,Bangladeshi,Site Supervisor,ROSHN,Real Estate,Riyadh,Annual,12,114252,71292,12648,30312,26.53
MP-2024-58916,8/6/2025,W-011022,Filipino,Helper / Labourer,Saudi Aramco,Oil & Gas,Eastern Province,Short-Term,3,11532,4731,2754,198,1.72
MP-2025-16385,23/10/2024,W-011024,Filipino,Civil Engineer,Ma'aden,Mining,Northern Borders,Annual,12,147024,94992,18216,33816,23
MP-2025-99780,4/11/2024,W-011026,Nepali,HVAC Technician,Saudi Aramco,Oil & Gas,Eastern Province,Annual,12,89928,48984,12468,28476,31.67
MP-2025-64000,14/12/2024,W-011027,Indian,Pipe Fitter,SABIC,Petrochemical,Eastern Province,Short-Term,6,46284,21024,6264,18996,41.04
MP-2024-64702,16/04/2025,W-011028,Indian,Pipe Fitter,Saudi Aramco,Oil & Gas,Eastern Province,Short-Term,3,16614,7950,4173,4491,27.03
MP-2025-32571,27/12/2025,W-011030,Indian,Helper / Labourer,SABIC,Petrochemical,Eastern Province,Multi-Year,24,84480,41112,19368,24000,28.41
MP-2025-24643,20/03/2024,W-011031,Egyptian,Helper / Labourer,Saudi Aramco,Oil & Gas,Eastern Province,Short-Term,6,22644,9936,7986,208,0.92
MP-2024-22648,6/5/2024,W-011034,Indian,Driver (Heavy),SABIC,Petrochemical,Eastern Province,Annual,12,63024,27924,16272,18828,29.87
MP-2025-56163,13/06/2024,W-011037,Sudanese,Safety Officer,Ma'aden,Mining,Northern Borders,Short-Term,6,62100,35166,8904,18030,29.03
MP-2024-80402,5/1/2024,W-011040,Indian,Scaffolder,Ma'aden,Mining,Northern Borders,Annual,12,61044,30156,11760,19128,31.33
MP-2024-56507,23/01/2025,W-011042,Indian,Scaffolder,Saudi Aramco,Oil & Gas,Eastern Province,Multi-Year,18,103410,47736,18396,37278,36.05
MP-2025-83024,11/2/2024,W-011043,Pakistani,Welder,SABIC,Petrochemical,Eastern Province,Annual,12,75696,32388,11796,31512,41.63
MP-2025-66093,12/7/2024,W-011044,Sri Lankan,Helper / Labourer,NWC,Water,Riyadh,Annual,12,32244,15696,13848,2700,8.37
MP-2024-25626,26/05/2024,W-011046,Bangladeshi,Civil Foreman,Saudi Aramco,Oil & Gas,Eastern Province,Multi-Year,24,190824,87888,21696,81240,42.57
MP-2025-26090,26/08/2024,W-011048,Egyptian,Scaffolder,Diriyah Company,Real Estate,Riyadh,Annual,12,57852,28584,13596,15672,27.09
MP-2025-97382,9/9/2025,W-011050,Ethiopian,Instrument Technician,Saudi Aramco,Oil & Gas,Eastern Province,Annual,12,84792,41772,9876,33144,39.09
MP-2024-23055,24/02/2024,W-011051,Bangladeshi,Welder,SABIC,Petrochemical,Eastern Province,Annual,12,62820,32676,13404,16740,26.65
MP-2025-71082,25/07/2024,W-011053,Nepali,Instrument Technician,SABIC,Petrochemical,Eastern Province,Short-Term,6,57768,26742,4044,26982,46.71
MP-2024-60283,5/4/2025,W-011055,Yemeni,Mechanical Technician,Saudi Aramco,Oil & Gas,Eastern Province,Short-Term,3,26265,13707,2919,9639,36.7
MP-2025-73891,22/04/2024,W-011058,Nepali,Rigger,Red Sea Global,Tourism Dev,Tabuk,Annual,12,81612,36732,12360,32520,39.85
MP-2025-87469,21/01/2025,W-011061,Nepali,Helper / Labourer,SABIC,Petrochemical,Eastern Province,Short-Term,6,19194,7962,5472,5760,30.01
MP-2024-91940,15/12/2024,W-011063,Indian,Electrician,Sadara Chemical,Petrochemical,Eastern Province,Annual,12,85200,46272,13632,25296,29.69
MP-2024-49965,27/04/2024,W-011065,Indian,Heavy Equipment Operator,Saudi Aramco,Oil & Gas,Eastern Province,Annual,12,89808,42720,11592,-5109,-5.69
MP-2024-51486,21/01/2025,W-011068,Bangladeshi,Civil Foreman,Royal Commission Yanbu,Industrial,Madinah,Short-Term,2,14904,8680,2448,3776,25.34
MP-2025-57622,22/03/2025,W-011069,Bangladeshi,Helper / Labourer,Royal Commission Jubail,Industrial,Eastern Province,Multi-Year,24,62856,35328,33528,-6000,-9.55
MP-2024-91863,4/4/2024,W-011072,Yemeni,Welder,Sadara Chemical,Petrochemical,Eastern Province,Short-Term,6,32532,17760,7482,7290,22.41
MP-2025-76144,3/11/2024,W-011074,Nepali,Electrician,Saudi Electricity Co.,Power,Riyadh,Short-Term,6,42120,20766,4710,-3173,-7.53
MP-2024-85608,26/05/2025,W-011075,Nepali,Helper / Labourer,NWC,Water,Riyadh,Short-Term,6,23154,10710,7980,4464,19.28
MP-2024-78454,24/07/2024,W-011077,Bangladeshi,Scaffolder,Royal Commission Jubail,Industrial,Eastern Province,Annual,12,71868,38184,15540,18144,25.25
MP-2024-64059,30/09/2024,W-011079,Nepali,Scaffolder,ROSHN,Real Estate,Riyadh,Annual,12,42888,25908,10008,6972,16.26
MP-2025-73620,27/07/2025,W-011081,Bangladeshi,Warehouse Keeper,SABIC,Petrochemical,Eastern Province,Short-Term,1,5913,2762,1144,2007,33.94
MP-2024-73680,21/01/2024,W-011082,Yemeni,Welder,ROSHN,Real Estate,Riyadh,Multi-Year,36,251172,130860,47304,73008,29.07
MP-2024-40938,24/04/2024,W-011085,Egyptian,Civil Engineer,Ma'aden,Mining,Northern Borders,Multi-Year,24,351840,227568,33000,91272,25.94
MP-2025-53160,21/08/2025,W-011088,Bangladeshi,Helper / Labourer,SABIC,Petrochemical,Eastern Province,Annual,12,32712,16644,16524,-456,-1.39
MP-2025-87264,27/02/2024,W-011090,Filipino,HVAC Technician,Saudi Aramco,Oil & Gas,Eastern Province,Annual,12,81252,41460,10296,29496,36.3
MP-2024-57578,1/5/2025,W-011093,Pakistani,Electrician,ROSHN,Real Estate,Riyadh,Multi-Year,18,142182,75582,24408,42192,29.67
MP-2024-43158,19/07/2025,W-011095,Pakistani,Site Supervisor,Sadara Chemical,Petrochemical,Eastern Province,Multi-Year,18,185274,109890,22086,-12906,-6.97
MP-2025-49438,2/4/2024,W-011096,Pakistani,Helper / Labourer,Saudi Aramco,Oil & Gas,Eastern Province,Annual,12,45096,17880,13596,13620,30.2
MP-2025-20498,18/05/2025,W-011098,Egyptian,Warehouse Keeper,Sadara Chemical,Petrochemical,Eastern Province,Annual,12,77616,44232,9240,24144,31.11
MP-2024-56118,6/3/2025,W-011101,Egyptian,Heavy Equipment Operator,Sadara Chemical,Petrochemical,Eastern Province,Annual,12,101256,50064,9456,41736,41.22
MP-2024-10403,14/02/2025,W-011102,Nepali,Electrician,Saudi Aramco,Oil & Gas,Eastern Province,Short-Term,6,54162,23736,6822,23604,43.58
MP-2025-51864,7/4/2025,W-011104,Yemeni,Pipe Fitter,Saudi Aramco,Oil & Gas,Eastern Province,Annual,12,71592,35880,8556,27156,37.93
MP-2025-59456,7/8/2025,W-011105,Indian,Welder,NEOM,Mega Project,Tabuk,Annual,12,59076,30792,11964,16320,27.63
MP-2024-16525,14/02/2025,W-011108,Bangladeshi,Scaffolder,Saudi Aramco,Oil & Gas,Eastern Province,Annual,12,76044,39912,14268,21864,28.75
MP-2025-98291,21/05/2025,W-011109,Pakistani,Scaffolder,NWC,Water,Riyadh,Multi-Year,24,105072,57672,17952,29448,28.03
MP-2024-47089,24/11/2025,W-011110,Bangladeshi,Industrial Painter,Saudi Aramco,Oil & Gas,Eastern Province,Short-Term,3,14070,6549,2508,5013,35.63
MP-2025-21237,11/1/2024,W-011112,Indian,Electrician,Red Sea Global,Tourism Dev,Tabuk,Annual,12,99408,47460,14424,37524,37.75
MP-2024-83007,1/3/2024,W-011113,Pakistani,Scaffolder,Marafiq,Utilities,Eastern Province,Multi-Year,18,68688,36144,16848,15696,22.85
MP-2025-27332,26/07/2025,W-011114,Filipino,Scaffolder,Ma'aden,Mining,Northern Borders,Multi-Year,36,146520,78660,37728,30132,20.57
MP-2024-51060,15/02/2024,W-011115,Bangladeshi,Site Supervisor,SABIC,Petrochemical,Eastern Province,Annual,12,137424,69480,12708,55236,40.19
MP-2025-77760,16/11/2024,W-011117,Sri Lankan,Electrician,Worley KSA,EPC Contractor,Eastern Province,Annual,12,71904,34644,13716,23544,32.74
MP-2024-34762,1/6/2024,W-011118,Pakistani,Welder,SABIC,Petrochemical,Eastern Province,Annual,12,81696,34776,16140,1493,1.83
MP-2025-69999,19/05/2025,W-011119,Yemeni,Driver (Heavy),Saudi Aramco,Oil & Gas,Eastern Province,Short-Term,3,14262,7359,3096,3807,26.69
MP-2024-86486,5/1/2024,W-011122,Egyptian,Pipe Fitter,Marafiq,Utilities,Eastern Province,Short-Term,3,22506,10854,2007,9645,42.86
MP-2024-61664,17/01/2025,W-011125,Sri Lankan,Welder,Sadara Chemical,Petrochemical,Eastern Province,Short-Term,3,22275,10587,2973,8715,39.12
MP-2024-53178,14/02/2024,W-011128,Nepali,Mechanical Technician,NWC,Water,Riyadh,Multi-Year,24,121584,77352,27192,17040,14.02
MP-2024-19269,14/07/2025,W-011131,Bangladeshi,Industrial Painter,SABIC,Petrochemical,Eastern Province,Multi-Year,36,166824,72252,27792,66780,40.03
MP-2025-94825,31/10/2025,W-011132,Indian,Instrument Technician,Saudi Electricity Co.,Power,Riyadh,Multi-Year,24,235680,126696,22056,86928,36.88
MP-2025-77194,23/07/2024,W-011134,Bangladeshi,Industrial Painter,SABIC,Petrochemical,Eastern Province,Annual,12,48672,24096,11112,13464,27.66
MP-2025-22182,11/2/2024,W-011137,Pakistani,Mechanical Technician,SABIC,Petrochemical,Eastern Province,Annual,12,74100,37320,13464,23316,31.47
MP-2025-71370,23/03/2025,W-011138,Sri Lankan,Mechanical Technician,Saudi Aramco,Oil & Gas,Eastern Province,Short-Term,3,28335,13449,2616,321,1.13
MP-2024-77294,20/04/2024,W-011141,Bangladeshi,Welder,Red Sea Global,Tourism Dev,Tabuk,Annual,12,58116,31260,8532,18324,31.53
MP-2024-96714,18/04/2025,W-011142,Sudanese,Helper / Labourer,Saudi Aramco,Oil & Gas,Eastern Province,Annual,12,44856,20676,14316,9864,21.99
MP-2025-91764,28/09/2024,W-011144,Saudi,Driver (Heavy),SABIC,Petrochemical,Eastern Province,Short-Term,6,51432,25674,1392,24366,47.38
MP-2024-32509,2/11/2025,W-011146,Bangladeshi,Industrial Painter,Red Sea Global,Tourism Dev,Tabuk,Annual,12,63336,33252,15120,14964,23.63
MP-2025-49669,30/03/2024,W-011147,Indian,Pipe Fitter,Royal Commission Yanbu,Industrial,Madinah,Annual,12,53436,32868,12132,8436,15.79
MP-2024-67119,3/10/2025,W-011150,Indian,Electrician,Saudi Electricity Co.,Power,Riyadh,Annual,12,54348,31692,9168,13488,24.82
MP-2025-71799,21/01/2024,W-011152,Filipino,Scaffolder,NEOM,Mega Project,Tabuk,Multi-Year,18,85608,44406,23148,18054,21.09
MP-2025-74972,15/08/2025,W-011155,Egyptian,Document Controller,Saudi Aramco,Oil & Gas,Eastern Province,Annual,12,109200,54324,16212,38664,35.41
MP-2025-40396,3/3/2024,W-011158,Indian,Civil Foreman,NEOM,Mega Project,Tabuk,Short-Term,3,30837,17169,3351,10317,33.46
MP-2025-67177,22/01/2024,W-011159,Pakistani,Pipe Fitter,Sadara Chemical,Petrochemical,Eastern Province,Short-Term,2,14398,6916,2682,4800,33.34
MP-2025-27191,27/10/2024,W-011162,Egyptian,Site Supervisor,Royal Commission Yanbu,Industrial,Madinah,Annual,12,144624,80448,18744,45432,31.41
MP-2024-47022,8/12/2025,W-011165,Indian,Mechanical Technician,Saudi Aramco,Oil & Gas,Eastern Province,Short-Term,3,18462,9006,4185,5271,28.55
MP-2024-82984,18/02/2024,W-011166,Pakistani,Scaffolder,Red Sea Global,Tourism Dev,Tabuk,Short-Term,6,21390,12270,5838,3282,15.34
MP-2024-83660,17/08/2024,W-011168,Pakistani,Electrician,Sadara Chemical,Petrochemical,Eastern Province,Short-Term,6,33348,18648,7008,7692,23.07
MP-2024-16608,24/03/2025,W-011170,Saudi,Helper / Labourer,Bechtel KSA,EPC Contractor,Tabuk,Annual,12,62616,34848,4500,23268,37.16
MP-2024-92565,30/04/2024,W-011171,Sri Lankan,Pipe Fitter,SABIC,Petrochemical,Eastern Province,Annual,12,85272,39732,8688,36852,43.22
MP-2025-28058,5/5/2024,W-011172,Bangladeshi,Industrial Painter,Royal Commission Jubail,Industrial,Eastern Province,Short-Term,3,13611,6930,2142,4539,33.35
MP-2025-57270,6/10/2025,W-011175,Pakistani,Helper / Labourer,NEOM,Mega Project,Tabuk,Annual,12,37980,16596,16068,5316,14
MP-2025-13901,29/03/2025,W-011176,Egyptian,HVAC Technician,Ma'aden,Mining,Northern Borders,Short-Term,3,20439,9501,2319,696,3.41
MP-2024-85308,29/02/2024,W-011179,Ethiopian,Helper / Labourer,Petro Rabigh,Petrochemical,Makkah,Multi-Year,36,123336,55476,38340,29520,23.93
MP-2025-55109,9/1/2024,W-011181,Sri Lankan,Safety Officer,Saudi Aramco,Oil & Gas,Eastern Province,Annual,12,138072,66456,16776,54840,39.72
MP-2025-55252,26/10/2025,W-011183,Egyptian,Driver (Heavy),Saudi Aramco,Oil & Gas,Eastern Province,Annual,12,75648,32952,15720,26976,35.66
MP-2025-38014,5/4/2024,W-011186,Filipino,Instrument Technician,Royal Commission Jubail,Industrial,Eastern Province,Short-Term,1,9696,5248,844,3604,37.17
MP-2025-65410,1/6/2025,W-011187,Egyptian,Helper / Labourer,SABIC,Petrochemical,Eastern Province,Annual,12,38856,16488,16272,6096,15.69
MP-2024-69394,13/12/2024,W-011188,Sudanese,Document Controller,NEOM,Mega Project,Tabuk,Multi-Year,24,187488,100824,29736,56928,30.36
MP-2024-59501,16/06/2025,W-011191,Pakistani,Electrician,NEOM,Mega Project,Tabuk,Multi-Year,24,161904,83112,23256,55536,34.3
MP-2024-18151,11/3/2025,W-011192,Bangladeshi,Mechanical Technician,Sadara Chemical,Petrochemical,Eastern Province,Annual,12,93600,47712,11352,34536,36.9
MP-2025-93422,9/3/2025,W-011194,Nepali,Civil Engineer,Diriyah Company,Real Estate,Riyadh,Annual,12,150828,93768,15204,41856,27.75
MP-2024-37871,11/4/2025,W-011196,Indian,Pipe Fitter,NEOM,Mega Project,Tabuk,Multi-Year,18,131976,62694,13338,55944,42.39
MP-2024-78521,5/6/2024,W-011197,Pakistani,Document Controller,Sadara Chemical,Petrochemical,Eastern Province,Annual,12,100608,60984,13104,2428,2.41
MP-2025-38256,6/7/2024,W-011200,Bangladeshi,Pipe Fitter,Sadara Chemical,Petrochemical,Eastern Province,Multi-Year,36,220500,117576,35604,67320,30.53
MP-2025-72289,12/9/2025,W-011201,Egyptian,Instrument Technician,Saudi Electricity Co.,Power,Riyadh,Annual,12,100800,50796,10728,39276,38.96
MP-2025-60755,26/08/2024,W-011203,Pakistani,Welder,Red Sea Global,Tourism Dev,Tabuk,Annual,12,55800,31728,9288,-2602,-4.66
MP-2025-83537,22/10/2025,W-011204,Nepali,Welder,NWC,Water,Riyadh,Annual,12,85020,40944,12492,31584,37.15
MP-2024-12486,8/10/2024,W-011205,Pakistani,HVAC Technician,Petro Rabigh,Petrochemical,Makkah,Annual,12,95736,48624,11412,3176,3.32
MP-2024-54558,23/03/2025,W-011206,Bangladeshi,Helper / Labourer,Sadara Chemical,Petrochemical,Eastern Province,Short-Term,1,4102,1888,864,1350,32.91
MP-2024-30214,10/11/2024,W-011208,Nepali,Welder,Bechtel KSA,EPC Contractor,Tabuk,Short-Term,1,4509,2677,757,1075,23.84
MP-2025-59219,3/5/2024,W-011209,Indian,Helper / Labourer,NEOM,Mega Project,Tabuk,Annual,12,47424,21012,8832,1005,2.12
MP-2025-18579,10/5/2025,W-011210,Bangladeshi,Scaffolder,Petro Rabigh,Petrochemical,Makkah,Short-Term,6,32166,17670,6396,8100,25.18
MP-2025-84481,20/02/2025,W-011212,Indian,Rigger,SABIC,Petrochemical,Eastern Province,Multi-Year,24,139728,75960,20016,43752,31.31
MP-2025-15477,2/1/2024,W-011214,Saudi,QC Inspector,Red Sea Global,Tourism Dev,Tabuk,Short-Term,1,21168,11598,560,9010,42.56
MP-2025-92864,5/8/2024,W-011217,Yemeni,Scaffolder,Saudi Aramco,Oil & Gas,Eastern Province,Annual,12,47508,25176,14088,8244,17.35
MP-2025-66618,3/8/2024,W-011220,Bangladeshi,Helper / Labourer,Petro Rabigh,Petrochemical,Makkah,Multi-Year,24,101520,45312,20520,35688,35.15
MP-2025-54778,3/8/2024,W-011222,Indonesian,Electrician,Marafiq,Utilities,Eastern Province,Short-Term,1,6065,3757,657,1651,27.22
MP-2025-61483,5/7/2025,W-011223,Sudanese,Rigger,Saudi Aramco,Oil & Gas,Eastern Province,Short-Term,3,20844,10128,3780,6936,33.28
MP-2025-60692,30/06/2024,W-011226,Ethiopian,Pipe Fitter,Sadara Chemical,Petrochemical,Eastern Province,Short-Term,1,4803,2799,861,1143,23.8
MP-2025-35101,2/4/2024,W-011229,Nepali,Helper / Labourer,SABIC,Petrochemical,Eastern Province,Multi-Year,24,69144,31728,28272,9144,13.22
MP-2024-35701,15/10/2025,W-011231,Indian,Scaffolder,Ma'aden,Mining,Northern Borders,Short-Term,2,11754,5848,2324,3582,30.47
MP-2024-87091,11/5/2024,W-011234,Indian,Scaffolder,NEOM,Mega Project,Tabuk,Short-Term,6,36984,18120,7716,-2720,-7.35
MP-2025-99218,27/07/2025,W-011236,Indian,Mechanical Technician,Red Sea Global,Tourism Dev,Tabuk,Annual,12,100884,54096,15396,31392,31.12
MP-2024-99151,14/06/2025,W-011238,Bangladeshi,Instrument Technician,Saudi Aramco,Oil & Gas,Eastern Province,Annual,12,89616,39696,12588,37332,41.66
MP-2025-35507,8/12/2024,W-011239,Yemeni,Helper / Labourer,Worley KSA,EPC Contractor,Eastern Province,Short-Term,3,12996,5625,2394,4977,38.3
MP-2024-92050,2/10/2025,W-011240,Indian,Mechanical Technician,Saudi Aramco,Oil & Gas,Eastern Province,Annual,12,127512,56040,10020,61452,48.19
MP-2025-17134,7/12/2024,W-011243,Sudanese,Civil Engineer,Royal Commission Jubail,Industrial,Eastern Province,Annual,12,222804,129840,16260,76704,34.43
MP-2024-14370,21/01/2025,W-011245,Sri Lankan,HVAC Technician,Royal Commission Jubail,Industrial,Eastern Province,Short-Term,3,15663,8097,2922,4644,29.65
MP-2024-83303,23/02/2024,W-011247,Yemeni,Industrial Painter,ROSHN,Real Estate,Riyadh,Annual,12,71280,35244,13416,22620,31.73
MP-2025-66112,27/09/2025,W-011250,Indian,Rigger,Red Sea Global,Tourism Dev,Tabuk,Short-Term,6,30876,16950,4362,9564,30.98
MP-2024-87710,17/07/2024,W-011253,Indian,Instrument Technician,Sadara Chemical,Petrochemical,Eastern Province,Annual,12,96744,55536,9036,972,1
MP-2025-77256,29/10/2025,W-011255,Pakistani,Driver (Heavy),Royal Commission Jubail,Industrial,Eastern Province,Short-Term,3,16560,9135,4134,3291,19.87
MP-2024-17512,31/08/2024,W-011258,Sudanese,Heavy Equipment Operator,Saudi Aramco,Oil & Gas,Eastern Province,Short-Term,2,15304,7906,1402,5996,39.18
MP-2025-71263,6/9/2025,W-011261,Pakistani,Civil Foreman,Bechtel KSA,EPC Contractor,Tabuk,Annual,12,86796,54564,11892,20340,23.43
MP-2024-75002,12/8/2024,W-011262,Nepali,HVAC Technician,Saudi Electricity Co.,Power,Riyadh,Short-Term,3,24444,11766,2697,9981,40.83
MP-2024-62469,7/7/2024,W-011263,Pakistani,Welder,Saudi Aramco,Oil & Gas,Eastern Province,Short-Term,3,19512,8715,4005,6792,34.81
MP-2024-36099,21/07/2024,W-011265,Indian,Driver (Heavy),Diriyah Company,Real Estate,Riyadh,Short-Term,6,25812,15264,4692,5856,22.69
MP-2024-12751,24/11/2025,W-011266,Pakistani,Helper / Labourer,Saudi Aramco,Oil & Gas,Eastern Province,Multi-Year,24,83448,37776,22296,23376,28.01
MP-2025-18569,1/5/2024,W-011267,Yemeni,Pipe Fitter,SABIC,Petrochemical,Eastern Province,Annual,12,83832,43800,11664,28368,33.84
MP-2024-90744,24/08/2025,W-011268,Yemeni,Scaffolder,Saudi Aramco,Oil & Gas,Eastern Province,Short-Term,3,23022,9666,4128,9228,40.08
MP-2024-20670,26/04/2025,W-011271,Filipino,Pipe Fitter,Saudi Electricity Co.,Power,Riyadh,Multi-Year,24,148056,79128,21384,47544,32.11
MP-2025-74853,30/04/2025,W-011273,Filipino,Rigger,Royal Commission Jubail,Industrial,Eastern Province,Annual,12,68376,31584,11868,24924,36.45
MP-2024-50107,11/3/2025,W-011275,Filipino,Civil Engineer,Saudi Electricity Co.,Power,Riyadh,Annual,12,138180,92064,14748,31368,22.7
MP-2024-70981,8/6/2025,W-011278,Pakistani,Mechanical Technician,Saudi Electricity Co.,Power,Riyadh,Annual,12,79992,45540,8028,26424,33.03
MP-2025-94587,18/03/2024,W-011280,Sri Lankan,Scaffolder,Ma'aden,Mining,Northern Borders,Annual,12,46524,25308,9852,11364,24.43
MP-2025-15017,13/07/2025,W-011281,Pakistani,Rigger,SABIC,Petrochemical,Eastern Province,Annual,12,95592,42360,9516,43716,45.73
MP-2024-81188,24/09/2024,W-011282,Egyptian,Scaffolder,Sadara Chemical,Petrochemical,Eastern Province,Multi-Year,36,245412,113436,23724,108252,44.11
MP-2024-62101,21/08/2024,W-011283,Egyptian,Scaffolder,SABIC,Petrochemical,Eastern Province,Annual,12,67404,33288,15132,18984,28.16
MP-2024-51035,11/7/2024,W-011285,Egyptian,HVAC Technician,SABIC,Petrochemical,Eastern Province,Annual,12,83268,43260,12996,27012,32.44
MP-2024-75509,5/11/2025,W-011287,Pakistani,Industrial Painter,Red Sea Global,Tourism Dev,Tabuk,Annual,12,70056,34008,10740,-5241,-7.48
MP-2024-30144,4/12/2024,W-011290,Nepali,Safety Officer,ROSHN,Real Estate,Riyadh,Multi-Year,36,248544,156636,47304,44604,17.95
MP-2024-53101,6/8/2025,W-011292,Nepali,Electrician,Saudi Aramco,Oil & Gas,Eastern Province,Annual,12,81672,35256,13236,-2980,-3.65
MP-2025-47200,29/07/2024,W-011293,Pakistani,Heavy Equipment Operator,Saudi Electricity Co.,Power,Riyadh,Annual,12,60300,33840,15984,10476,17.37
MP-2024-26926,3/7/2025,W-011295,Bangladeshi,Welder,NWC,Water,Riyadh,Multi-Year,24,148344,86232,30312,31800,21.44
MP-2024-89129,11/8/2025,W-011297,Filipino,Instrument Technician,Red Sea Global,Tourism Dev,Tabuk,Short-Term,1,10249,5479,1268,3502,34.17
MP-2024-78925,2/12/2024,W-011300,Yemeni,Mechanical Technician,NEOM,Mega Project,Tabuk,Annual,12,94620,40512,11904,42204,44.6
MP-2025-61260,19/09/2025,W-011301,Bangladeshi,Pipe Fitter,ROSHN,Real Estate,Riyadh,Annual,12,69744,37104,14088,18552,26.6
MP-2024-41417,10/6/2024,W-011303,Yemeni,Heavy Equipment Operator,Red Sea Global,Tourism Dev,Tabuk,Short-Term,2,16932,8872,2442,5618,33.18
MP-2025-20031,17/04/2024,W-011306,Egyptian,Electrician,Saudi Electricity Co.,Power,Riyadh,Short-Term,6,26442,16110,6774,3558,13.46
MP-2025-59958,17/12/2024,W-011309,Bangladeshi,Pipe Fitter,Saudi Aramco,Oil & Gas,Eastern Province,Short-Term,2,13574,5978,2028,356,2.62
MP-2024-67373,23/05/2024,W-011311,Sudanese,Helper / Labourer,Saudi Aramco,Oil & Gas,Eastern Province,Short-Term,1,2861,1406,1206,249,8.7
MP-2024-98785,6/10/2024,W-011312,Bangladeshi,Pipe Fitter,Diriyah Company,Real Estate,Riyadh,Multi-Year,24,123144,76704,27024,19416,15.77
MP-2024-61199,7/12/2025,W-011314,Bangladeshi,Safety Officer,Saudi Aramco,Oil & Gas,Eastern Province,Annual,12,94584,52140,19968,22476,23.76
MP-2024-65270,29/01/2024,W-011315,Pakistani,Pipe Fitter,Red Sea Global,Tourism Dev,Tabuk,Short-Term,1,8288,3834,776,3678,44.38
MP-2025-77174,20/04/2024,W-011317,Pakistani,QC Inspector,ROSHN,Real Estate,Riyadh,Multi-Year,36,392076,262728,36468,92880,23.69
MP-2024-11965,15/02/2025,W-011320,Pakistani,Industrial Painter,Saudi Electricity Co.,Power,Riyadh,Short-Term,3,14955,8040,2100,4815,32.2
MP-2025-88494,26/05/2025,W-011321,Egyptian,Helper / Labourer,Marafiq,Utilities,Eastern Province,Annual,12,30912,17412,10716,2784,9.01
MP-2025-98853,11/12/2025,W-011322,Pakistani,Rigger,Petro Rabigh,Petrochemical,Makkah,Short-Term,3,12168,7224,4002,942,7.74
MP-2024-75984,24/08/2025,W-011325,Ethiopian,Scaffolder,ROSHN,Real Estate,Riyadh,Multi-Year,24,99888,55944,19992,23952,23.98
MP-2024-59089,25/05/2025,W-011327,Indian,Industrial Painter,ROSHN,Real Estate,Riyadh,Short-Term,6,33630,18516,7848,7266,21.61
MP-2025-94358,10/2/2024,W-011330,Sudanese,Industrial Painter,Royal Commission Yanbu,Industrial,Madinah,Annual,12,54012,26100,10884,17028,31.53
MP-2024-97163,11/9/2024,W-011333,Nepali,Scaffolder,Petro Rabigh,Petrochemical,Makkah,Annual,12,55476,27084,8376,20016,36.08
MP-2024-16829,11/10/2025,W-011334,Indonesian,Pipe Fitter,Saudi Aramco,Oil & Gas,Eastern Province,Annual,12,89628,45972,12372,31284,34.9
MP-2025-50824,17/06/2024,W-011337,Indian,Industrial Painter,ROSHN,Real Estate,Riyadh,Short-Term,6,28254,14628,5124,8502,30.09
MP-2024-57131,11/2/2025,W-011339,Indian,Mechanical Technician,Ma'aden,Mining,Northern Borders,Annual,12,107460,51852,14940,-5136,-4.78
MP-2024-49351,1/9/2025,W-011342,Indian,Helper / Labourer,SABIC,Petrochemical,Eastern Province,Annual,12,39612,18864,13260,7488,18.9
MP-2024-71506,19/07/2024,W-011343,Sri Lankan,Welder,Saudi Kayan,Petrochemical,Eastern Province,Annual,12,64296,33588,11544,19164,29.81
MP-2025-60336,16/05/2025,W-011345,Nepali,Civil Foreman,Saudi Electricity Co.,Power,Riyadh,Short-Term,1,7853,4462,796,2595,33.04
MP-2025-55688,5/6/2025,W-011348,Bangladeshi,HVAC Technician,Diriyah Company,Real Estate,Riyadh,Annual,12,98268,51216,9984,-7882,-8.02
MP-2024-97251,22/10/2025,W-011349,Pakistani,Mechanical Technician,Red Sea Global,Tourism Dev,Tabuk,Short-Term,6,48270,23742,4626,19902,41.23
MP-2024-94462,29/12/2025,W-011351,Bangladeshi,Civil Foreman,Petro Rabigh,Petrochemical,Makkah,Annual,12,83352,47664,15264,20424,24.5
MP-2025-75620,29/06/2025,W-011354,Yemeni,Civil Foreman,Diriyah Company,Real Estate,Riyadh,Annual,12,127872,69732,8784,49356,38.6
MP-2025-28705,2/10/2024,W-011357,Indian,Helper / Labourer,Diriyah Company,Real Estate,Riyadh,Short-Term,2,6028,3580,1404,1044,17.32
MP-2025-95789,22/10/2024,W-011360,Bangladeshi,Pipe Fitter,SABIC,Petrochemical,Eastern Province,Short-Term,3,18555,8184,2964,7407,39.92
MP-2024-36337,1/3/2024,W-011363,Indian,Helper / Labourer,SABIC,Petrochemical,Eastern Province,Multi-Year,36,138600,56304,26352,55944,40.36
MP-2024-48420,28/03/2024,W-011365,Indian,Welder,Saudi Aramco,Oil & Gas,Eastern Province,Short-Term,3,18618,9828,2088,6702,36
MP-2024-97205,19/08/2025,W-011366,Indian,Heavy Equipment Operator,Saudi Aramco,Oil & Gas,Eastern Province,Annual,12,122640,54912,16188,51540,42.03
MP-2025-89216,15/03/2025,W-011368,Pakistani,Driver (Heavy),Worley KSA,EPC Contractor,Eastern Province,Multi-Year,24,138720,75144,16632,46944,33.84
MP-2025-23130,4/1/2024,W-011370,Yemeni,Industrial Painter,Saudi Kayan,Petrochemical,Eastern Province,Multi-Year,18,105588,47196,15480,42912,40.64
MP-2024-58290,7/4/2025,W-011373,Nepali,Driver (Heavy),Ma'aden,Mining,Northern Borders,Annual,12,54300,26448,16272,11580,21.33
MP-2025-15997,29/11/2024,W-011376,Bangladeshi,Safety Officer,Saudi Electricity Co.,Power,Riyadh,Annual,12,81036,48240,20232,12564,15.5
MP-2024-60444,27/10/2024,W-011379,Indian,Pipe Fitter,Ma'aden,Mining,Northern Borders,Annual,12,92076,47304,8952,35820,38.9
MP-2025-98219,15/07/2025,W-011381,Indian,Mechanical Technician,Saudi Aramco,Oil & Gas,Eastern Province,Annual,12,76464,39384,14580,22500,29.43
MP-2024-23824,21/03/2025,W-011384,Indian,Warehouse Keeper,Sadara Chemical,Petrochemical,Eastern Province,Annual,12,69072,33516,13788,21768,31.51
MP-2024-97225,19/05/2024,W-011387,Nepali,Instrument Technician,Royal Commission Yanbu,Industrial,Madinah,Short-Term,2,20502,10686,2202,7614,37.14
MP-2025-60023,31/10/2025,W-011390,Sudanese,Site Supervisor,Saudi Electricity Co.,Power,Riyadh,Short-Term,3,22608,14541,2688,5379,23.79
MP-2024-25218,9/8/2025,W-011392,Indian,Electrician,Saudi Electricity Co.,Power,Riyadh,Annual,12,74184,38292,9504,26388,35.57
MP-2025-51896,8/1/2025,W-011395,Indonesian,Pipe Fitter,Red Sea Global,Tourism Dev,Tabuk,Annual,12,53184,31104,15468,6612,12.43
MP-2025-38692,26/05/2025,W-011398,Bangladeshi,Safety Officer,Saudi Aramco,Oil & Gas,Eastern Province,Annual,12,143208,71556,16488,55164,38.52
MP-2024-45841,24/12/2025,W-011401,Bangladeshi,Helper / Labourer,Ma'aden,Mining,Northern Borders,Annual,12,44280,18312,10800,15168,34.25
MP-2024-39500,18/12/2025,W-011404,Indian,Driver (Heavy),SABIC,Petrochemical,Eastern Province,Annual,12,77268,32988,13728,30552,39.54
MP-2024-81819,5/2/2025,W-011406,Bangladeshi,Mechanical Technician,Sadara Chemical,Petrochemical,Eastern Province,Annual,12,72948,35328,10344,27276,37.39
MP-2025-22755,14/05/2024,W-011408,Egyptian,Civil Foreman,Royal Commission Yanbu,Industrial,Madinah,Multi-Year,24,175656,111456,18072,46128,26.26
MP-2025-28982,2/8/2024,W-011409,Sudanese,Pipe Fitter,Red Sea Global,Tourism Dev,Tabuk,Annual,12,83280,47292,14868,21120,25.36
MP-2025-65982,26/11/2025,W-011410,Sri Lankan,Welder,Bechtel KSA,EPC Contractor,Tabuk,Short-Term,1,4597,2388,904,1305,28.39
MP-2024-92178,17/02/2025,W-011411,Indian,Scaffolder,Ma'aden,Mining,Northern Borders,Annual,12,82536,40032,11184,31320,37.95
MP-2024-70774,27/10/2025,W-011413,Pakistani,Rigger,Sadara Chemical,Petrochemical,Eastern Province,Short-Term,1,5222,2495,1331,1396,26.73
MP-2025-45877,11/12/2025,W-011416,Indian,Safety Officer,Saudi Electricity Co.,Power,Riyadh,Multi-Year,36,260100,165816,40212,54072,20.79
MP-2024-63127,18/12/2025,W-011417,Bangladeshi,Helper / Labourer,Royal Commission Jubail,Industrial,Eastern Province,Annual,12,36636,16056,12648,7932,21.65
MP-2024-37192,5/11/2025,W-011418,Indian,Safety Officer,SABIC,Petrochemical,Eastern Province,Annual,12,119616,71532,11196,36888,30.84
MP-2024-21510,29/07/2025,W-011420,Yemeni,Welder,Bechtel KSA,EPC Contractor,Tabuk,Annual,12,64824,33384,11604,19836,30.6
MP-2024-42550,3/11/2024,W-011421,Indonesian,Instrument Technician,Royal Commission Jubail,Industrial,Eastern Province,Annual,12,94524,50676,14052,29796,31.52
MP-2025-89452,5/7/2025,W-011424,Indian,Welder,Royal Commission Yanbu,Industrial,Madinah,Short-Term,2,10202,4854,1622,3726,36.52
MP-2024-87566,2/1/2025,W-011426,Indian,QC Inspector,Saudi Aramco,Oil & Gas,Eastern Province,Short-Term,3,33846,19032,3720,11094,32.78
MP-2025-28775,2/7/2025,W-011427,Indian,Helper / Labourer,Worley KSA,EPC Contractor,Eastern Province,Annual,12,33420,16992,13716,2712,8.11
MP-2024-65009,6/6/2024,W-011429,Ethiopian,Mechanical Technician,Saudi Aramco,Oil & Gas,Eastern Province,Annual,12,67200,35460,8784,22956,34.16
MP-2024-53169,17/10/2025,W-011430,Pakistani,Electrician,SABIC,Petrochemical,Eastern Province,Multi-Year,24,134088,74880,33240,25968,19.37
MP-2024-26187,28/06/2024,W-011433,Egyptian,Electrician,Royal Commission Yanbu,Industrial,Madinah,Annual,12,85488,43260,15588,26640,31.16
MP-2024-16286,23/06/2024,W-011435,Indonesian,Industrial Painter,Sadara Chemical,Petrochemical,Eastern Province,Annual,12,75540,36744,13152,25644,33.95
MP-2025-87635,10/5/2024,W-011437,Indian,Instrument Technician,Saudi Aramco,Oil & Gas,Eastern Province,Short-Term,3,25839,13515,4017,8307,32.15
MP-2025-42651,25/11/2025,W-011440,Bangladeshi,Mechanical Technician,Saudi Electricity Co.,Power,Riyadh,Annual,12,79056,44844,16368,17844,22.57
MP-2024-50001,12/10/2025,W-011441,Indonesian,Industrial Painter,Sadara Chemical,Petrochemical,Eastern Province,Short-Term,1,3712,1992,720,1000,26.94
MP-2024-47467,21/07/2025,W-011443,Sudanese,Welder,NWC,Water,Riyadh,Annual,12,72000,44304,12276,15420,21.42
MP-2024-63145,15/01/2024,W-011446,Indian,Helper / Labourer,Saudi Aramco,Oil & Gas,Eastern Province,Annual,12,42624,19452,16752,6420,15.06
MP-2024-89609,4/4/2025,W-011447,Nepali,Driver (Heavy),Ma'aden,Mining,Northern Borders,Short-Term,1,4758,2714,915,67,1.41
MP-2024-58927,25/04/2024,W-011449,Sri Lankan,Scaffolder,NEOM,Mega Project,Tabuk,Annual,12,53448,25980,10440,17028,31.86
MP-2025-38503,8/11/2024,W-011452,Bangladeshi,Driver (Heavy),NWC,Water,Riyadh,Multi-Year,36,127476,82080,35820,9576,7.51
MP-2024-10675,24/12/2024,W-011455,Indian,Electrician,Saudi Aramco,Oil & Gas,Eastern Province,Annual,12,70656,33132,9180,28344,40.12
MP-2025-10905,8/6/2024,W-011458,Pakistani,Mechanical Technician,Saudi Electricity Co.,Power,Riyadh,Annual,12,103464,55008,10224,38232,36.95
MP-2025-31211,23/05/2024,W-011460,Egyptian,Welder,Petro Rabigh,Petrochemical,Makkah,Annual,12,52572,28524,9000,15048,28.62
MP-2025-14142,13/06/2024,W-011463,Indian,Mechanical Technician,Red Sea Global,Tourism Dev,Tabuk,Short-Term,3,22104,11334,3483,7287,32.97
MP-2025-75779,2/2/2025,W-011464,Indian,Welder,Saudi Aramco,Oil & Gas,Eastern Province,Short-Term,6,30306,13332,4134,12840,42.37
MP-2025-88261,9/1/2024,W-011466,Bangladeshi,Scaffolder,Saudi Aramco,Oil & Gas,Eastern Province,Annual,12,79152,34380,9480,35292,44.59
MP-2024-44541,18/12/2025,W-011467,Nepali,Mechanical Technician,Ma'aden,Mining,Northern Borders,Annual,12,73188,36072,13296,23820,32.55
MP-2024-40065,3/5/2024,W-011468,Bangladeshi,Scaffolder,SABIC,Petrochemical,Eastern Province,Short-Term,1,5131,2863,688,1580,30.79
MP-2025-93009,24/08/2024,W-011469,Pakistani,Mechanical Technician,Ma'aden,Mining,Northern Borders,Annual,12,73836,40908,10320,22608,30.62
MP-2025-42370,23/11/2024,W-011470,Indian,Welder,Red Sea Global,Tourism Dev,Tabuk,Short-Term,3,19986,8865,2178,8943,44.75
MP-2025-57655,8/12/2024,W-011472,Indian,Rigger,Red Sea Global,Tourism Dev,Tabuk,Annual,12,57876,30096,15096,12684,21.92
MP-2025-41228,27/10/2025,W-011474,Indian,Industrial Painter,Petro Rabigh,Petrochemical,Makkah,Short-Term,6,25194,12264,8004,4926,19.55
MP-2024-35287,22/12/2025,W-011476,Sri Lankan,Welder,NEOM,Mega Project,Tabuk,Short-Term,3,22623,11349,3573,272,1.2
MP-2025-83445,21/12/2024,W-011478,Bangladeshi,HVAC Technician,Marafiq,Utilities,Eastern Province,Short-Term,3,21873,10629,3729,7515,34.36
MP-2025-26899,23/10/2024,W-011479,Indonesian,Welder,Bechtel KSA,EPC Contractor,Tabuk,Short-Term,3,17370,8976,3105,5289,30.45
MP-2025-76752,28/01/2025,W-011482,Egyptian,Industrial Painter,SABIC,Petrochemical,Eastern Province,Short-Term,2,11036,5172,1314,4550,41.23
MP-2025-76036,25/12/2025,W-011485,Filipino,Electrician,SABIC,Petrochemical,Eastern Province,Annual,12,80208,43788,8208,28212,35.17
MP-2024-93835,31/05/2024,W-011487,Sri Lankan,Scaffolder,Royal Commission Jubail,Industrial,Eastern Province,Annual,12,59844,28188,12612,-2276,-3.8
MP-2025-52540,26/03/2024,W-011490,Yemeni,Scaffolder,Saudi Aramco,Oil & Gas,Eastern Province,Multi-Year,24,109920,58896,30288,20736,18.86
MP-2024-46659,29/06/2024,W-011492,Saudi,Heavy Equipment Operator,Bechtel KSA,EPC Contractor,Tabuk,Annual,12,144120,72792,3936,67392,46.76
MP-2024-67958,13/08/2024,W-011494,Pakistani,Civil Foreman,Royal Commission Yanbu,Industrial,Madinah,Annual,12,74868,46668,14340,13860,18.51
MP-2025-22280,22/05/2025,W-011495,Bangladeshi,Helper / Labourer,Saudi Aramco,Oil & Gas,Eastern Province,Annual,12,46452,22392,10344,13716,29.53
MP-2024-61668,4/12/2025,W-011498,Indian,Pipe Fitter,Saudi Electricity Co.,Power,Riyadh,Annual,12,78576,42732,14316,21528,27.4
MP-2024-89074,12/4/2024,W-011500,Bangladeshi,Welder,Saudi Aramco,Oil & Gas,Eastern Province,Multi-Year,18,101070,43398,15318,42354,41.91
MP-2024-11231,18/04/2024,W-011503,Egyptian,Electrician,Diriyah Company,Real Estate,Riyadh,Short-Term,3,24696,12129,3786,8781,35.56
MP-2025-30252,6/9/2024,W-011504,Filipino,Scaffolder,NEOM,Mega Project,Tabuk,Short-Term,1,4408,2144,1034,1230,27.9
MP-2024-10158,17/08/2024,W-011505,Pakistani,Industrial Painter,Sadara Chemical,Petrochemical,Eastern Province,Short-Term,3,17790,8172,3978,5640,31.7
MP-2024-39428,14/04/2024,W-011507,Pakistani,Safety Officer,Saudi Aramco,Oil & Gas,Eastern Province,Multi-Year,18,219438,111924,17622,89892,40.96
MP-2024-99054,11/3/2025,W-011508,Sri Lankan,HVAC Technician,ROSHN,Real Estate,Riyadh,Short-Term,1,5480,3088,927,1465,26.73
MP-2024-10285,1/6/2024,W-011511,Indian,Pipe Fitter,Saudi Electricity Co.,Power,Riyadh,Annual,12,102516,49884,8820,43812,42.74
MP-2025-28961,2/4/2024,W-011513,Ethiopian,Pipe Fitter,Saudi Electricity Co.,Power,Riyadh,Short-Term,3,20952,9798,3303,7851,37.47
MP-2024-95715,8/9/2024,W-011515,Bangladeshi,Instrument Technician,NEOM,Mega Project,Tabuk,Annual,12,122604,61068,13032,48504,39.56
MP-2024-21436,28/08/2024,W-011517,Indian,Document Controller,Saudi Aramco,Oil & Gas,Eastern Province,Annual,12,135900,64980,8340,62580,46.05
MP-2024-48626,16/04/2025,W-011518,Sudanese,Heavy Equipment Operator,Marafiq,Utilities,Eastern Province,Annual,12,65508,38148,14520,12840,19.6
MP-2024-59474,27/01/2024,W-011521,Saudi,Industrial Painter,Diriyah Company,Real Estate,Riyadh,Annual,12,87528,41412,2820,43296,49.47
MP-2024-42118,19/03/2024,W-011522,Filipino,Helper / Labourer,Saudi Aramco,Oil & Gas,Eastern Province,Short-Term,2,8540,3498,1750,3292,38.55
MP-2025-68192,22/10/2025,W-011525,Indian,Welder,Saudi Aramco,Oil & Gas,Eastern Province,Annual,12,73788,38004,9240,26544,35.97
MP-2025-99116,10/4/2025,W-011528,Egyptian,Scaffolder,NEOM,Mega Project,Tabuk,Short-Term,2,10182,5186,2760,2236,21.96
MP-2024-37769,14/02/2025,W-011531,Indian,Industrial Painter,Royal Commission Yanbu,Industrial,Madinah,Multi-Year,18,98712,51840,15930,30942,31.35
MP-2025-31603,25/02/2024,W-011533,Nepali,Pipe Fitter,Saudi Aramco,Oil & Gas,Eastern Province,Short-Term,6,46236,22812,4980,18444,39.89
MP-2024-18561,4/8/2024,W-011536,Indian,Warehouse Keeper,SABIC,Petrochemical,Eastern Province,Short-Term,1,4867,2736,1078,104,2.14
MP-2025-15987,19/02/2024,W-011538,Indian,Electrician,Worley KSA,EPC Contractor,Eastern Province,Annual,12,100296,53064,10632,36600,36.49
MP-2025-26976,20/12/2025,W-011541,Indian,Industrial Painter,Royal Commission Jubail,Industrial,Eastern Province,Short-Term,2,8288,3856,2016,2416,29.15
MP-2024-48026,14/06/2024,W-011542,Nepali,Welder,ROSHN,Real Estate,Riyadh,Multi-Year,24,173016,86760,27384,58872,34.03
MP-2024-75748,12/6/2025,W-011545,Filipino,Heavy Equipment Operator,Royal Commission Jubail,Industrial,Eastern Province,Annual,12,64908,36432,13416,15060,23.2
MP-2024-99505,31/01/2025,W-011546,Indian,Safety Officer,Saudi Aramco,Oil & Gas,Eastern Province,Short-Term,3,20931,12189,4593,4149,19.82
MP-2024-75393,6/4/2024,W-011548,Pakistani,Civil Engineer,Saudi Aramco,Oil & Gas,Eastern Province,Short-Term,3,44223,26301,4437,13485,30.49
MP-2025-43557,28/03/2025,W-011551,Sri Lankan,Civil Engineer,Bechtel KSA,EPC Contractor,Tabuk,Annual,12,166680,105804,14352,46524,27.91
MP-2024-67780,10/1/2025,W-011554,Yemeni,Project Engineer,Saudi Electricity Co.,Power,Riyadh,Annual,12,205644,132432,19596,53616,26.07
MP-2024-42088,17/12/2025,W-011557,Indian,Helper / Labourer,SABIC,Petrochemical,Eastern Province,Short-Term,3,10860,5436,3918,1506,13.87
MP-2025-71063,24/04/2025,W-011560,Filipino,Helper / Labourer,Saudi Aramco,Oil & Gas,Eastern Province,Short-Term,1,4810,1850,1226,1734,36.05
MP-2025-18450,20/11/2024,W-011562,Ethiopian,Mechanical Technician,Diriyah Company,Real Estate,Riyadh,Annual,12,64392,40284,9204,14904,23.15
MP-2024-51967,4/8/2025,W-011563,Ethiopian,Helper / Labourer,Saudi Aramco,Oil & Gas,Eastern Province,Multi-Year,36,142524,67932,29124,-9172,-6.44
MP-2025-45369,15/09/2024,W-011566,Indian,Pipe Fitter,SABIC,Petrochemical,Eastern Province,Short-Term,3,24165,11904,3456,8805,36.44
MP-2024-22116,14/03/2025,W-011568,Saudi,Electrician,SABIC,Petrochemical,Eastern Province,Multi-Year,36,385812,211284,14760,159768,41.41
MP-2025-11301,28/07/2025,W-011571,Indian,Helper / Labourer,NEOM,Mega Project,Tabuk,Short-Term,3,10311,3927,4050,2334,22.64
MP-2025-24890,21/11/2025,W-011573,Pakistani,Helper / Labourer,Worley KSA,EPC Contractor,Eastern Province,Multi-Year,24,86136,40344,26016,-3938,-4.57
MP-2024-65073,14/12/2025,W-011576,Egyptian,Safety Officer,SABIC,Petrochemical,Eastern Province,Short-Term,2,23770,12848,1652,9270,39
MP-2024-49576,10/11/2024,W-011579,Sudanese,Pipe Fitter,Ma'aden,Mining,Northern Borders,Multi-Year,36,210672,113004,38052,59616,28.3
MP-2025-24860,29/06/2024,W-011581,Bangladeshi,Pipe Fitter,NEOM,Mega Project,Tabuk,Annual,12,87684,37044,13992,36648,41.8
MP-2025-91313,11/4/2024,W-011582,Sudanese,Welder,Red Sea Global,Tourism Dev,Tabuk,Annual,12,68772,34296,14568,19908,28.95
MP-2024-93037,30/03/2025,W-011585,Filipino,Welder,SABIC,Petrochemical,Eastern Province,Annual,12,61860,30684,11232,19944,32.24
MP-2025-26310,25/12/2024,W-011587,Bangladeshi,Helper / Labourer,Diriyah Company,Real Estate,Riyadh,Annual,12,29952,15660,9816,4476,14.94
MP-2025-50291,28/02/2025,W-011590,Pakistani,Driver (Heavy),Saudi Electricity Co.,Power,Riyadh,Short-Term,2,13976,6614,2078,5284,37.81
MP-2025-53920,23/06/2024,W-011593,Ethiopian,Scaffolder,Bechtel KSA,EPC Contractor,Tabuk,Short-Term,3,19815,9480,3249,7086,35.76
MP-2025-32769,16/02/2025,W-011595,Bangladeshi,Mechanical Technician,Saudi Aramco,Oil & Gas,Eastern Province,Multi-Year,18,164214,73134,23076,68004,41.41
MP-2025-82470,11/6/2024,W-011597,Indian,Welder,Saudi Electricity Co.,Power,Riyadh,Annual,12,62112,37788,14172,10152,16.34
MP-2024-84946,26/01/2025,W-011598,Egyptian,Pipe Fitter,Saudi Electricity Co.,Power,Riyadh,Annual,12,64068,36540,15876,11652,18.19
MP-2024-59559,23/09/2024,W-011601,Indian,Welder,Saudi Aramco,Oil & Gas,Eastern Province,Short-Term,6,40914,21522,8070,11322,27.67
MP-2025-33675,5/4/2024,W-011602,Bangladeshi,Electrician,Saudi Kayan,Petrochemical,Eastern Province,Annual,12,71472,42396,8460,20616,28.84
MP-2024-37563,4/12/2025,W-011604,Pakistani,Electrician,Marafiq,Utilities,Eastern Province,Multi-Year,24,158280,76032,27480,54768,34.6
MP-2024-25362,17/12/2024,W-011606,Bangladeshi,Safety Officer,NEOM,Mega Project,Tabuk,Short-Term,3,34428,18906,2520,-1981,-5.75
MP-2024-38351,8/1/2025,W-011607,Sri Lankan,Welder,Saudi Aramco,Oil & Gas,Eastern Province,Short-Term,2,11256,5256,2730,3270,29.05
MP-2025-71216,22/05/2025,W-011609,Bangladeshi,Industrial Painter,SABIC,Petrochemical,Eastern Province,Short-Term,3,16539,9162,3735,3642,22.02
MP-2024-36978,14/05/2025,W-011611,Yemeni,Industrial Painter,Royal Commission Jubail,Industrial,Eastern Province,Multi-Year,18,90666,47322,19350,23994,26.46
MP-2024-68904,20/06/2024,W-011612,Indonesian,Scaffolder,Saudi Electricity Co.,Power,Riyadh,Annual,12,84300,38736,12576,32988,39.13
MP-2024-33580,26/11/2024,W-011614,Sudanese,Electrician,Saudi Aramco,Oil & Gas,Eastern Province,Annual,12,90828,39684,8904,42240,46.51
MP-2024-53105,6/8/2024,W-011616,Filipino,Electrician,SABIC,Petrochemical,Eastern Province,Short-Term,3,22809,11229,2181,9399,41.21
MP-2024-85228,23/10/2025,W-011618,Nepali,Mechanical Technician,Royal Commission Yanbu,Industrial,Madinah,Short-Term,1,8129,4405,1393,2331,28.68
MP-2024-69347,24/06/2024,W-011621,Pakistani,Industrial Painter,NEOM,Mega Project,Tabuk,Short-Term,6,46596,18516,5178,22902,49.15
MP-2025-14850,30/06/2025,W-011624,Indian,Rigger,Saudi Aramco,Oil & Gas,Eastern Province,Short-Term,3,20817,10371,3645,6801,32.67
MP-2025-74725,19/09/2025,W-011625,Bangladeshi,HVAC Technician,Saudi Electricity Co.,Power,Riyadh,Multi-Year,18,153486,74124,13086,66276,43.18
MP-2024-28184,17/04/2024,W-011627,Yemeni,Helper / Labourer,SABIC,Petrochemical,Eastern Province,Short-Term,3,11865,5370,1962,4533,38.2
MP-2024-44037,14/02/2024,W-011628,Indian,Electrician,SABIC,Petrochemical,Eastern Province,Annual,12,95964,49248,14088,32628,34
MP-2025-25715,9/5/2024,W-011630,Yemeni,Helper / Labourer,Petro Rabigh,Petrochemical,Makkah,Multi-Year,36,134136,60552,37476,36108,26.92
MP-2025-96673,16/05/2025,W-011632,Pakistani,Helper / Labourer,SABIC,Petrochemical,Eastern Province,Short-Term,3,10803,5181,3831,1791,16.58
MP-2024-20225,17/03/2024,W-011634,Indian,Welder,SABIC,Petrochemical,Eastern Province,Multi-Year,24,139152,71520,30240,37392,26.87
MP-2025-50871,26/12/2025,W-011636,Nepali,Helper / Labourer,Saudi Aramco,Oil & Gas,Eastern Province,Short-Term,3,10413,4593,3345,2475,23.77
MP-2025-34635,11/3/2024,W-011638,Bangladeshi,Rigger,NWC,Water,Riyadh,Annual,12,53304,29556,8760,14988,28.12
MP-2024-70404,10/7/2024,W-011640,Indian,Rigger,Saudi Electricity Co.,Power,Riyadh,Short-Term,6,27420,14610,4578,8232,30.02
MP-2025-16967,27/03/2025,W-011642,Pakistani,Welder,Saudi Electricity Co.,Power,Riyadh,Multi-Year,24,119184,64080,26304,28800,24.16
MP-2025-77976,19/03/2025,W-011643,Nepali,Rigger,NWC,Water,Riyadh,Short-Term,1,6965,3732,829,2404,34.52
MP-2025-39683,27/09/2025,W-011646,Egyptian,Industrial Painter,Saudi Aramco,Oil & Gas,Eastern Province,Annual,12,71592,35460,9648,26484,36.99
MP-2025-93479,21/10/2024,W-011649,Filipino,Helper / Labourer,Saudi Aramco,Oil & Gas,Eastern Province,Annual,12,47148,20640,10548,15960,33.85
MP-2024-32312,18/11/2024,W-011652,Indian,Pipe Fitter,Petro Rabigh,Petrochemical,Makkah,Short-Term,1,6856,3599,666,2591,37.79
MP-2024-32377,26/11/2025,W-011653,Filipino,Site Supervisor,NEOM,Mega Project,Tabuk,Annual,12,112368,62916,18960,30492,27.14
MP-2025-39922,21/06/2025,W-011656,Indian,Pipe Fitter,Saudi Aramco,Oil & Gas,Eastern Province,Short-Term,3,21822,9645,4176,8001,36.66
MP-2025-43231,8/1/2025,W-011658,Indian,Electrician,Diriyah Company,Real Estate,Riyadh,Multi-Year,36,195588,101304,43056,-12588,-6.44
MP-2024-96424,25/05/2024,W-011660,Bangladeshi,Scaffolder,Royal Commission Jubail,Industrial,Eastern Province,Multi-Year,24,93120,54936,32160,6024,6.47
MP-2024-45903,3/10/2025,W-011663,Filipino,Warehouse Keeper,Worley KSA,EPC Contractor,Eastern Province,Multi-Year,24,129576,66504,31584,31488,24.3
MP-2025-46208,12/11/2024,W-011664,Indian,Instrument Technician,Sadara Chemical,Petrochemical,Eastern Province,Annual,12,94440,50364,16512,27564,29.19
MP-2025-24442,9/1/2024,W-011666,Sri Lankan,Pipe Fitter,Red Sea Global,Tourism Dev,Tabuk,Annual,12,70548,35064,9264,26220,37.17
MP-2024-48630,16/01/2024,W-011668,Indian,Scaffolder,NEOM,Mega Project,Tabuk,Short-Term,3,12600,6021,3828,85,0.67
MP-2025-75797,12/11/2025,W-011671,Indian,Welder,SABIC,Petrochemical,Eastern Province,Multi-Year,24,159696,69384,20832,-16438,-10.29
MP-2024-98932,14/10/2025,W-011673,Bangladeshi,Site Supervisor,Saudi Aramco,Oil & Gas,Eastern Province,Short-Term,3,33642,18873,3663,11106,33.01
MP-2024-99564,23/07/2024,W-011675,Indian,Heavy Equipment Operator,Sadara Chemical,Petrochemical,Eastern Province,Short-Term,6,51840,26814,4728,20298,39.16
MP-2025-22588,21/05/2024,W-011678,Bangladeshi,Electrician,NWC,Water,Riyadh,Annual,12,73872,41880,11580,20412,27.63
MP-2024-83257,28/01/2024,W-011680,Indian,Pipe Fitter,Marafiq,Utilities,Eastern Province,Annual,12,74664,41340,13392,19932,26.7
MP-2025-17017,6/2/2025,W-011681,Bangladeshi,Welder,Royal Commission Yanbu,Industrial,Madinah,Multi-Year,36,211788,127548,30708,53532,25.28
MP-2024-53710,31/08/2025,W-011682,Sudanese,Civil Foreman,Red Sea Global,Tourism Dev,Tabuk,Multi-Year,18,182214,96318,21690,2337,1.28
MP-2024-83668,22/05/2025,W-011683,Pakistani,Rigger,Saudi Kayan,Petrochemical,Eastern Province,Short-Term,3,23091,10353,3762,8976,38.87
MP-2024-25035,9/3/2024,W-011684,Indian,Driver (Heavy),Ma'aden,Mining,Northern Borders,Short-Term,1,6209,2863,983,70,1.13
MP-2025-73402,7/7/2024,W-011685,Yemeni,Heavy Equipment Operator,Royal Commission Yanbu,Industrial,Madinah,Annual,12,99156,52164,11688,35304,35.6
MP-2024-28571,4/11/2025,W-011686,Indian,Helper / Labourer,NEOM,Mega Project,Tabuk,Annual,12,43524,17688,16428,9408,21.62
MP-2025-61273,30/01/2025,W-011689,Sudanese,Mechanical Technician,Royal Commission Yanbu,Industrial,Madinah,Short-Term,3,20904,11142,1974,7788,37.26
MP-2025-15587,29/12/2024,W-011690,Bangladeshi,Helper / Labourer,SABIC,Petrochemical,Eastern Province,Multi-Year,24,93192,38400,19392,35400,37.99
MP-2025-77245,5/3/2024,W-011691,Nepali,Electrician,Diriyah Company,Real Estate,Riyadh,Short-Term,2,12328,6258,1754,4316,35.01
MP-2025-59351,28/04/2025,W-011694,Nepali,Civil Foreman,Marafiq,Utilities,Eastern Province,Annual,12,90228,57768,10716,21744,24.1
MP-2025-86610,24/09/2025,W-011696,Indian,Welder,Diriyah Company,Real Estate,Riyadh,Short-Term,1,5884,2999,893,1992,33.85
MP-2024-23819,27/06/2024,W-011699,Sri Lankan,Helper / Labourer,Saudi Electricity Co.,Power,Riyadh,Short-Term,6,15276,8700,7272,-696,-4.56
MP-2025-89499,8/10/2025,W-011700,Sri Lankan,Electrician,Diriyah Company,Real Estate,Riyadh,Annual,12,100704,53748,9600,37356,37.09
MP-2025-98978,19/10/2024,W-011701,Indian,Pipe Fitter,Royal Commission Yanbu,Industrial,Madinah,Multi-Year,24,99624,61320,32880,5424,5.44
MP-2024-28423,6/1/2024,W-011703,Egyptian,Civil Foreman,Petro Rabigh,Petrochemical,Makkah,Short-Term,6,54762,28440,6468,19854,36.26
MP-2025-56725,25/09/2025,W-011706,Yemeni,Helper / Labourer,Saudi Electricity Co.,Power,Riyadh,Annual,12,45768,21888,8940,14940,32.64
MP-2024-25456,25/05/2025,W-011707,Indian,Heavy Equipment Operator,Saudi Aramco,Oil & Gas,Eastern Province,Multi-Year,24,210072,107040,28248,6709,3.19
MP-2025-19801,1/7/2025,W-011710,Pakistani,Instrument Technician,ROSHN,Real Estate,Riyadh,Short-Term,6,36240,19980,4398,11862,32.73
MP-2025-95620,31/01/2024,W-011711,Pakistani,Scaffolder,Sadara Chemical,Petrochemical,Eastern Province,Annual,12,53628,26340,14400,12888,24.03
MP-2024-40882,20/05/2025,W-011712,Sudanese,Heavy Equipment Operator,ROSHN,Real Estate,Riyadh,Multi-Year,18,97470,61614,17316,18540,19.02
MP-2024-82276,5/5/2025,W-011713,Pakistani,Welder,Saudi Aramco,Oil & Gas,Eastern Province,Annual,12,82020,38892,10536,32592,39.74
MP-2024-12810,26/02/2024,W-011714,Egyptian,Helper / Labourer,NEOM,Mega Project,Tabuk,Multi-Year,18,59238,29358,22032,7848,13.25
MP-2025-65945,16/07/2025,W-011715,Indian,Welder,ROSHN,Real Estate,Riyadh,Multi-Year,24,107832,60240,16632,30960,28.71
MP-2024-39769,26/02/2025,W-011718,Egyptian,Helper / Labourer,NEOM,Mega Project,Tabuk,Short-Term,1,3940,1824,693,78,1.98
MP-2025-15730,17/11/2024,W-011720,Filipino,Driver (Heavy),Worley KSA,EPC Contractor,Eastern Province,Short-Term,3,14622,8610,2124,3888,26.59
MP-2024-74871,23/12/2025,W-011723,Sudanese,Driver (Heavy),Saudi Kayan,Petrochemical,Eastern Province,Annual,12,59568,31488,12768,15312,25.71
MP-2024-79054,30/09/2024,W-011725,Nepali,Instrument Technician,Saudi Aramco,Oil & Gas,Eastern Province,Multi-Year,36,259884,138384,27108,94392,36.32
MP-2024-49968,20/07/2025,W-011726,Indian,Helper / Labourer,Royal Commission Jubail,Industrial,Eastern Province,Short-Term,2,7434,3438,1980,2016,27.12
MP-2025-14424,3/10/2024,W-011728,Filipino,Electrician,Bechtel KSA,EPC Contractor,Tabuk,Short-Term,6,32706,19974,5622,7110,21.74
MP-2024-36965,23/01/2025,W-011729,Nepali,Heavy Equipment Operator,Red Sea Global,Tourism Dev,Tabuk,Short-Term,3,29016,13461,3648,11907,41.04
MP-2025-87458,9/8/2024,W-011730,Pakistani,Helper / Labourer,Saudi Electricity Co.,Power,Riyadh,Annual,12,45792,20856,8316,16620,36.29
MP-2025-98862,21/10/2024,W-011733,Bangladeshi,Civil Foreman,NEOM,Mega Project,Tabuk,Annual,12,90132,46872,14508,28752,31.9
MP-2024-11990,14/10/2024,W-011736,Indonesian,Welder,SABIC,Petrochemical,Eastern Province,Annual,12,65076,32880,13344,18852,28.97
MP-2025-95594,14/09/2025,W-011737,Indian,Civil Foreman,Sadara Chemical,Petrochemical,Eastern Province,Short-Term,2,14776,9220,1314,-516,-3.49
MP-2024-63557,29/02/2024,W-011740,Indonesian,Scaffolder,ROSHN,Real Estate,Riyadh,Short-Term,1,4428,2617,1240,571,12.9
MP-2025-26675,20/08/2024,W-011743,Indian,Driver (Heavy),Red Sea Global,Tourism Dev,Tabuk,Short-Term,1,4944,2458,980,1506,30.46
MP-2024-17970,22/09/2024,W-011745,Indian,Helper / Labourer,Saudi Kayan,Petrochemical,Eastern Province,Annual,12,30804,15924,8784,6096,19.79
MP-2024-76982,20/03/2024,W-011746,Indian,Civil Foreman,Royal Commission Yanbu,Industrial,Madinah,Annual,12,74388,44136,10344,-3412,-4.59
MP-2025-53907,21/02/2025,W-011749,Pakistani,Civil Engineer,SABIC,Petrochemical,Eastern Province,Short-Term,3,41880,21669,5001,-2613,-6.24
MP-2025-76951,4/6/2025,W-011752,Egyptian,Civil Engineer,Saudi Electricity Co.,Power,Riyadh,Annual,12,188232,123420,18324,46488,24.7
MP-2024-39436,1/8/2025,W-011755,Ethiopian,QC Inspector,Diriyah Company,Real Estate,Riyadh,Annual,12,98952,55200,18732,25020,25.28
MP-2025-51541,2/10/2024,W-011756,Sudanese,Scaffolder,SABIC,Petrochemical,Eastern Province,Short-Term,3,13449,6969,4137,2343,17.42
MP-2025-63729,5/1/2025,W-011757,Pakistani,Instrument Technician,Marafiq,Utilities,Eastern Province,Annual,12,97536,55104,11568,30864,31.64
MP-2024-80466,7/9/2024,W-011759,Nepali,Rigger,ROSHN,Real Estate,Riyadh,Annual,12,55176,34164,11472,9540,17.29
MP-2024-85499,21/05/2025,W-011762,Yemeni,Pipe Fitter,SABIC,Petrochemical,Eastern Province,Annual,12,63840,32400,14688,16752,26.24
MP-2025-23237,9/5/2024,W-011763,Sudanese,Welder,Saudi Aramco,Oil & Gas,Eastern Province,Short-Term,6,52194,21522,7968,22704,43.5
MP-2025-82999,4/9/2024,W-011766,Pakistani,Electrician,Royal Commission Yanbu,Industrial,Madinah,Short-Term,6,48180,22632,4104,21444,44.51
MP-2025-68837,22/02/2025,W-011769,Bangladeshi,Helper / Labourer,SABIC,Petrochemical,Eastern Province,Annual,12,32664,16572,14688,1404,4.3
MP-2024-29956,8/1/2024,W-011772,Filipino,Rigger,Saudi Electricity Co.,Power,Riyadh,Short-Term,2,12252,6228,2718,3306,26.98
MP-2025-74656,15/12/2024,W-011773,Filipino,Driver (Heavy),NEOM,Mega Project,Tabuk,Multi-Year,36,197748,93564,43848,60336,30.51
MP-2024-37614,16/03/2025,W-011776,Pakistani,Driver (Heavy),Sadara Chemical,Petrochemical,Eastern Province,Short-Term,2,8852,4732,1958,2162,24.42
MP-2024-40366,13/11/2025,W-011778,Indian,Scaffolder,Saudi Kayan,Petrochemical,Eastern Province,Annual,12,54048,24456,16440,13152,24.33
MP-2024-10873,15/05/2025,W-011779,Pakistani,Scaffolder,NWC,Water,Riyadh,Annual,12,50976,31476,11880,7620,14.95
MP-2024-68249,18/03/2025,W-011781,Pakistani,Driver (Heavy),Worley KSA,EPC Contractor,Eastern Province,Annual,12,51936,28356,8508,15072,29.02
MP-2024-52875,9/6/2024,W-011784,Pakistani,Mechanical Technician,Royal Commission Jubail,Industrial,Eastern Province,Annual,12,69732,35376,15828,-1299,-1.86
MP-2025-34955,25/07/2025,W-011787,Sudanese,QC Inspector,NWC,Water,Riyadh,Annual,12,99552,60144,19560,19848,19.94
MP-2024-44771,26/04/2025,W-011788,Bangladeshi,Pipe Fitter,Ma'aden,Mining,Northern Borders,Short-Term,1,8785,4111,1212,-220,-2.5
MP-2024-33345,9/2/2024,W-011790,Nepali,Safety Officer,ROSHN,Real Estate,Riyadh,Short-Term,3,25737,15321,2943,7473,29.04
MP-2024-48288,15/11/2025,W-011792,Bangladeshi,QC Inspector,NEOM,Mega Project,Tabuk,Annual,12,113760,62100,20580,31080,27.32
MP-2025-64997,2/4/2025,W-011794,Pakistani,Industrial Painter,Saudi Aramco,Oil & Gas,Eastern Province,Multi-Year,18,88038,41706,13428,32904,37.37
MP-2025-88781,25/02/2025,W-011797,Pakistani,Scaffolder,Ma'aden,Mining,Northern Borders,Multi-Year,36,160056,75060,30456,54540,34.08
MP-2025-67927,11/3/2025,W-011799,Pakistani,Welder,Ma'aden,Mining,Northern Borders,Short-Term,1,5166,2694,1079,1393,26.96
MP-2024-91957,22/04/2024,W-011802,Filipino,Pipe Fitter,NEOM,Mega Project,Tabuk,Multi-Year,18,132444,69192,21222,42030,31.73
MP-2024-95843,20/02/2024,W-011805,Indian,Heavy Equipment Operator,Worley KSA,EPC Contractor,Eastern Province,Multi-Year,36,271728,156528,45036,70164,25.82
MP-2025-64184,8/8/2024,W-011808,Egyptian,Civil Engineer,Saudi Aramco,Oil & Gas,Eastern Province,Short-Term,6,81876,45078,7602,29196,35.66
MP-2025-13177,23/08/2024,W-011811,Egyptian,Scaffolder,SABIC,Petrochemical,Eastern Province,Short-Term,3,15900,8751,3615,3534,22.23
MP-2024-20030,16/03/2024,W-011814,Egyptian,Helper / Labourer,Saudi Electricity Co.,Power,Riyadh,Short-Term,6,18240,9978,7212,1050,5.76
MP-2024-89389,15/11/2024,W-011816,Bangladeshi,Helper / Labourer,Sadara Chemical,Petrochemical,Eastern Province,Annual,12,40056,16320,12984,10752,26.84
MP-2025-22197,15/08/2024,W-011818,Filipino,Mechanical Technician,Marafiq,Utilities,Eastern Province,Annual,12,63936,39468,12276,12192,19.07
MP-2025-81641,20/04/2024,W-011820,Pakistani,Site Supervisor,Saudi Electricity Co.,Power,Riyadh,Short-Term,3,27798,17790,3312,6696,24.09
MP-2024-22502,28/07/2025,W-011821,Indian,Civil Engineer,NEOM,Mega Project,Tabuk,Short-Term,3,56829,30246,4470,22113,38.91
MP-2024-17724,20/05/2025,W-011823,Bangladeshi,Helper / Labourer,Saudi Kayan,Petrochemical,Eastern Province,Short-Term,6,23358,9954,5106,8298,35.53
MP-2025-81511,26/05/2025,W-011825,Indonesian,Scaffolder,Saudi Electricity Co.,Power,Riyadh,Annual,12,68472,33324,14400,20748,30.3
MP-2025-20158,19/01/2025,W-011826,Egyptian,Pipe Fitter,Royal Commission Jubail,Industrial,Eastern Province,Short-Term,3,20265,11898,3942,4425,21.84
MP-2025-28332,14/07/2025,W-011828,Bangladeshi,Electrician,Saudi Electricity Co.,Power,Riyadh,Short-Term,3,21024,10779,2787,7458,35.47
MP-2024-48036,19/06/2025,W-011831,Indian,Safety Officer,Diriyah Company,Real Estate,Riyadh,Annual,12,88356,53736,20280,14340,16.23
MP-2024-31527,20/06/2025,W-011834,Sudanese,Welder,Saudi Electricity Co.,Power,Riyadh,Short-Term,1,6179,3789,1176,1214,19.65
MP-2024-80481,14/04/2025,W-011836,Indian,QC Inspector,NEOM,Mega Project,Tabuk,Short-Term,6,80466,42690,4956,32820,40.79
MP-2025-65858,21/08/2025,W-011839,Pakistani,QC Inspector,Saudi Electricity Co.,Power,Riyadh,Short-Term,6,60528,37902,8208,14418,23.82
MP-2024-46698,1/7/2024,W-011841,Filipino,Pipe Fitter,Ma'aden,Mining,Northern Borders,Annual,12,73572,37068,15480,21024,28.58
MP-2025-37434,21/06/2024,W-011842,Sudanese,Document Controller,Saudi Aramco,Oil & Gas,Eastern Province,Multi-Year,24,173352,90888,15600,66864,38.57
MP-2024-27953,7/6/2025,W-011844,Bangladeshi,Mechanical Technician,Sadara Chemical,Petrochemical,Eastern Province,Annual,12,74820,39384,14760,20676,27.63
MP-2025-50863,18/06/2025,W-011846,Filipino,Driver (Heavy),Saudi Kayan,Petrochemical,Eastern Province,Multi-Year,24,166680,76704,25680,64296,38.57
MP-2025-99832,3/5/2024,W-011849,Sri Lankan,Rigger,SABIC,Petrochemical,Eastern Province,Multi-Year,36,247896,127188,34848,85860,34.64
MP-2024-60129,18/01/2025,W-011850,Indonesian,Document Controller,SABIC,Petrochemical,Eastern Province,Annual,12,86532,46680,10752,29100,33.63
MP-2025-75902,14/01/2024,W-011853,Pakistani,Rigger,ROSHN,Real Estate,Riyadh,Annual,12,90504,46716,10272,2204,2.44
MP-2024-71709,14/09/2025,W-011856,Bangladeshi,Pipe Fitter,Royal Commission Jubail,Industrial,Eastern Province,Annual,12,68916,40584,11124,17208,24.97
MP-2024-33187,14/05/2024,W-011857,Bangladeshi,Helper / Labourer,Saudi Aramco,Oil & Gas,Eastern Province,Annual,12,32340,16044,12696,3600,11.13
MP-2024-95865,20/09/2025,W-011860,Indian,Helper / Labourer,Saudi Kayan,Petrochemical,Eastern Province,Short-Term,2,7970,3686,2716,1568,19.67
MP-2025-64575,14/11/2025,W-011863,Indian,Pipe Fitter,Royal Commission Jubail,Industrial,Eastern Province,Short-Term,3,14373,7653,2571,4149,28.87
MP-2025-32671,12/10/2025,W-011866,Yemeni,Civil Engineer,Sadara Chemical,Petrochemical,Eastern Province,Annual,12,156588,91068,19152,46368,29.61
MP-2025-21555,29/04/2024,W-011867,Indian,Welder,Sadara Chemical,Petrochemical,Eastern Province,Annual,12,48408,26784,7896,13728,28.36
MP-2025-20652,9/9/2024,W-011869,Sudanese,Rigger,Petro Rabigh,Petrochemical,Makkah,Short-Term,2,10624,5594,1730,3300,31.06
MP-2025-64261,19/08/2024,W-011870,Pakistani,Pipe Fitter,Bechtel KSA,EPC Contractor,Tabuk,Short-Term,3,16260,8628,3252,4380,26.94
MP-2025-92709,4/12/2025,W-011871,Indian,Helper / Labourer,Saudi Electricity Co.,Power,Riyadh,Annual,12,37212,17112,10920,9180,24.67
MP-2025-37190,16/12/2024,W-011874,Saudi,Heavy Equipment Operator,Royal Commission Jubail,Industrial,Eastern Province,Short-Term,6,70560,37812,1416,31332,44.4
MP-2024-72286,23/05/2024,W-011876,Filipino,Industrial Painter,Saudi Electricity Co.,Power,Riyadh,Annual,12,48204,23292,13464,11448,23.75
MP-2024-30807,7/3/2025,W-011878,Pakistani,Rigger,Saudi Aramco,Oil & Gas,Eastern Province,Multi-Year,24,134184,61440,29136,43608,32.5
MP-2025-87801,12/8/2025,W-011881,Bangladeshi,Industrial Painter,Saudi Kayan,Petrochemical,Eastern Province,Short-Term,3,15621,7863,2853,463,2.96
MP-2024-76448,20/04/2024,W-011883,Bangladeshi,Scaffolder,NEOM,Mega Project,Tabuk,Annual,12,52716,26760,10500,15456,29.32
MP-2024-84447,22/05/2024,W-011884,Nepali,Helper / Labourer,Saudi Aramco,Oil & Gas,Eastern Province,Short-Term,2,8092,3562,1548,-237,-2.93
MP-2024-49489,10/11/2024,W-011885,Indian,Helper / Labourer,Saudi Electricity Co.,Power,Riyadh,Annual,12,34788,16704,14784,-270,-0.78
MP-2024-71708,17/07/2025,W-011888,Bangladeshi,Scaffolder,Ma'aden,Mining,Northern Borders,Annual,12,57792,31788,16056,9948,17.21
MP-2025-27501,13/02/2025,W-011890,Sri Lankan,Helper / Labourer,Diriyah Company,Real Estate,Riyadh,Annual,12,31824,18432,12192,1200,3.77
MP-2024-39057,15/09/2025,W-011891,Egyptian,Industrial Painter,Sadara Chemical,Petrochemical,Eastern Province,Multi-Year,36,230004,107928,27144,94932,41.27
MP-2024-49575,21/03/2025,W-011892,Pakistani,Rigger,Saudi Electricity Co.,Power,Riyadh,Short-Term,3,19317,10140,2538,6639,34.37
MP-2024-31435,11/2/2025,W-011895,Bangladeshi,Welder,Royal Commission Yanbu,Industrial,Madinah,Short-Term,1,5989,3249,1255,1485,24.8
MP-2024-85324,3/6/2025,W-011897,Nepali,Welder,Red Sea Global,Tourism Dev,Tabuk,Annual,12,59976,34512,11628,13836,23.07
MP-2024-89119,6/4/2025,W-011900,Pakistani,Mechanical Technician,Sadara Chemical,Petrochemical,Eastern Province,Annual,12,88692,42360,16632,29700,33.49
MP-2025-98436,22/03/2024,W-011901,Indian,Project Engineer,Diriyah Company,Real Estate,Riyadh,Short-Term,6,127530,77262,7434,1822,1.43
MP-2024-74175,16/04/2025,W-011903,Indian,Safety Officer,Sadara Chemical,Petrochemical,Eastern Province,Annual,12,127524,67464,10020,50040,39.24
MP-2025-56777,3/3/2025,W-011904,Bangladeshi,Electrician,Saudi Aramco,Oil & Gas,Eastern Province,Short-Term,1,7445,3609,781,3055,41.03
MP-2024-28958,10/10/2025,W-011906,Bangladeshi,Scaffolder,Bechtel KSA,EPC Contractor,Tabuk,Annual,12,59136,28104,15312,15720,26.58
MP-2025-15326,19/03/2024,W-011908,Pakistani,Pipe Fitter,Bechtel KSA,EPC Contractor,Tabuk,Annual,12,87480,47856,16620,23004,26.3
MP-2025-65381,14/02/2025,W-011909,Indian,Helper / Labourer,Diriyah Company,Real Estate,Riyadh,Annual,12,36252,16176,16488,3588,9.9
MP-2025-49741,22/09/2025,W-011912,Filipino,Helper / Labourer,Red Sea Global,Tourism Dev,Tabuk,Short-Term,6,22020,9504,5868,6648,30.19
MP-2024-46287,28/05/2025,W-011915,Indian,Industrial Painter,SABIC,Petrochemical,Eastern Province,Short-Term,1,4177,2389,961,827,19.8
MP-2025-70613,5/9/2025,W-011918,Pakistani,Scaffolder,Saudi Aramco,Oil & Gas,Eastern Province,Short-Term,1,6573,2856,1107,2610,39.71
MP-2025-93200,1/9/2025,W-011920,Filipino,Mechanical Technician,NEOM,Mega Project,Tabuk,Short-Term,3,22005,10479,2988,8538,38.8
MP-2024-79761,15/12/2025,W-011921,Nepali,Scaffolder,Saudi Aramco,Oil & Gas,Eastern Province,Multi-Year,18,113850,51912,16362,45576,40.03
MP-2025-49850,25/10/2024,W-011923,Bangladeshi,Mechanical Technician,Saudi Aramco,Oil & Gas,Eastern Province,Annual,12,103440,48588,11544,43308,41.87
MP-2025-82933,17/05/2025,W-011924,Pakistani,Heavy Equipment Operator,Saudi Electricity Co.,Power,Riyadh,Multi-Year,18,92682,53550,25092,14040,15.15
MP-2024-30855,14/02/2025,W-011927,Bangladeshi,Helper / Labourer,Saudi Electricity Co.,Power,Riyadh,Annual,12,35112,17904,8748,8460,24.09
MP-2025-75838,2/7/2025,W-011930,Bangladeshi,Helper / Labourer,Ma'aden,Mining,Northern Borders,Annual,12,44688,21552,16116,7020,15.71
MP-2025-10437,29/06/2025,W-011932,Egyptian,Rigger,Red Sea Global,Tourism Dev,Tabuk,Short-Term,6,46050,20070,5748,20232,43.93
MP-2024-28162,16/09/2025,W-011935,Bangladeshi,Welder,NEOM,Mega Project,Tabuk,Annual,12,60732,26844,9300,24588,40.49
MP-2024-58535,24/01/2024,W-011938,Filipino,Helper / Labourer,Saudi Electricity Co.,Power,Riyadh,Annual,12,39216,16992,11916,10308,26.29
MP-2024-32965,28/04/2025,W-011941,Sri Lankan,Electrician,SABIC,Petrochemical,Eastern Province,Multi-Year,24,176856,88728,27912,60216,34.05
MP-2024-33183,17/04/2025,W-011944,Nepali,Helper / Labourer,Saudi Kayan,Petrochemical,Eastern Province,Multi-Year,24,78144,34728,16848,26568,34
MP-2025-78126,26/04/2025,W-011946,Indian,Industrial Painter,SABIC,Petrochemical,Eastern Province,Annual,12,55404,24540,13620,17244,31.12
MP-2024-67477,7/5/2025,W-011949,Indian,Helper / Labourer,Royal Commission Yanbu,Industrial,Madinah,Annual,12,31224,15888,16152,-816,-2.61
MP-2025-66175,7/5/2024,W-011950,Indian,Scaffolder,Royal Commission Yanbu,Industrial,Madinah,Annual,12,44208,25872,11520,6816,15.42
MP-2024-73254,3/8/2024,W-011952,Indian,Rigger,Saudi Aramco,Oil & Gas,Eastern Province,Multi-Year,36,292680,126144,32652,133884,45.74
MP-2025-69031,17/12/2025,W-011954,Filipino,Safety Officer,Royal Commission Jubail,Industrial,Eastern Province,Short-Term,3,21636,11610,4023,6003,27.75
MP-2025-30749,4/8/2025,W-011957,Pakistani,HVAC Technician,Red Sea Global,Tourism Dev,Tabuk,Short-Term,2,10596,5728,1876,2992,28.24
MP-2024-37742,20/08/2025,W-011959,Indian,Welder,Sadara Chemical,Petrochemical,Eastern Province,Annual,12,86964,43104,12096,31764,36.53
MP-2025-94390,8/6/2024,W-011962,Yemeni,Electrician,Saudi Electricity Co.,Power,Riyadh,Multi-Year,36,287568,137952,36432,113184,39.36
MP-2025-11865,15/11/2025,W-011963,Pakistani,Electrician,SABIC,Petrochemical,Eastern Province,Short-Term,1,7423,3835,994,2594,34.95
MP-2024-78697,21/08/2024,W-011966,Indian,Rigger,Saudi Electricity Co.,Power,Riyadh,Short-Term,3,16659,9336,4113,3210,19.27
MP-2024-17336,2/4/2025,W-011969,Filipino,Scaffolder,Royal Commission Yanbu,Industrial,Madinah,Short-Term,2,9384,4640,1566,3178,33.87
MP-2025-82348,11/10/2024,W-011970,Egyptian,Helper / Labourer,Marafiq,Utilities,Eastern Province,Multi-Year,24,67944,38736,19704,9504,13.99
MP-2025-70852,10/4/2024,W-011973,Yemeni,Welder,Royal Commission Jubail,Industrial,Eastern Province,Short-Term,3,12108,7158,2394,2556,21.11
MP-2024-88419,13/05/2025,W-011975,Filipino,Civil Foreman,Saudi Kayan,Petrochemical,Eastern Province,Short-Term,3,26946,16329,3762,6855,25.44
MP-2025-10064,14/09/2024,W-011977,Filipino,Instrument Technician,SABIC,Petrochemical,Eastern Province,Annual,12,113580,52596,10500,50484,44.45
MP-2024-54714,8/10/2024,W-011980,Filipino,Electrician,Saudi Electricity Co.,Power,Riyadh,Multi-Year,24,151896,84624,33144,34128,22.47
MP-2024-33435,8/3/2024,W-011982,Nepali,Welder,Saudi Kayan,Petrochemical,Eastern Province,Short-Term,6,37740,21096,4392,12252,32.46
MP-2025-75769,8/11/2024,W-011984,Egyptian,Mechanical Technician,Red Sea Global,Tourism Dev,Tabuk,Multi-Year,24,168552,94608,18408,55536,32.95
MP-2024-30701,16/09/2025,W-011987,Indian,Site Supervisor,Worley KSA,EPC Contractor,Eastern Province,Annual,12,149052,82392,12780,53880,36.15
MP-2025-49795,14/01/2025,W-011988,Pakistani,Helper / Labourer,Royal Commission Yanbu,Industrial,Madinah,Short-Term,3,9150,4665,2889,1596,17.44
MP-2025-17249,22/02/2025,W-011990,Nepali,Pipe Fitter,Saudi Electricity Co.,Power,Riyadh,Short-Term,2,11120,5550,1742,3828,34.42
MP-2025-66033,26/01/2025,W-011992,Filipino,Helper / Labourer,Royal Commission Yanbu,Industrial,Madinah,Annual,12,35412,18768,8472,8172,23.08
MP-2025-87717,26/04/2025,W-011993,Sudanese,Industrial Painter,NWC,Water,Riyadh,Annual,12,56556,26400,13080,418,0.74
MP-2025-46181,4/7/2025,W-011995,Bangladeshi,Scaffolder,Ma'aden,Mining,Northern Borders,Multi-Year,18,94284,44172,17280,32832,34.82
MP-2024-87307,2/11/2024,W-011998,Indian,Welder,SABIC,Petrochemical,Eastern Province,Annual,12,77832,41040,12576,24216,31.11
MP-2024-28411,10/3/2024,W-012001,Egyptian,Electrician,Saudi Kayan,Petrochemical,Eastern Province,Multi-Year,36,259056,144720,32076,82260,31.75
MP-2025-53648,22/07/2024,W-012004,Saudi,Scaffolder,ROSHN,Real Estate,Riyadh,Multi-Year,24,143832,81360,8520,3360,2.34
MP-2025-12123,2/8/2025,W-012006,Ethiopian,Site Supervisor,Petro Rabigh,Petrochemical,Makkah,Short-Term,6,63942,35856,8442,19644,30.72
MP-2024-83176,25/04/2024,W-012009,Indian,Instrument Technician,Saudi Kayan,Petrochemical,Eastern Province,Annual,12,99360,51324,9516,38520,38.77
MP-2025-46289,21/04/2025,W-012011,Yemeni,Document Controller,Saudi Aramco,Oil & Gas,Eastern Province,Short-Term,2,17758,9592,2092,6074,34.2
MP-2025-12815,15/02/2025,W-012014,Pakistani,QC Inspector,Saudi Electricity Co.,Power,Riyadh,Short-Term,3,27225,16830,3063,7332,26.93
MP-2025-79778,13/04/2025,W-012017,Nepali,Helper / Labourer,NEOM,Mega Project,Tabuk,Annual,12,57132,21936,9168,26028,45.56
MP-2024-50433,4/7/2024,W-012018,Indian,Safety Officer,Saudi Kayan,Petrochemical,Eastern Province,Annual,12,121572,63096,13428,45048,37.05
MP-2024-96267,1/8/2024,W-012019,Pakistani,Industrial Painter,SABIC,Petrochemical,Eastern Province,Multi-Year,24,119040,67848,31392,19800,16.63
MP-2024-59166,27/01/2024,W-012021,Yemeni,Helper / Labourer,SABIC,Petrochemical,Eastern Province,Short-Term,3,9177,4620,2805,1752,19.09
MP-2024-32950,2/6/2025,W-012024,Egyptian,Welder,Royal Commission Jubail,Industrial,Eastern Province,Short-Term,3,18807,10155,4191,4461,23.72
MP-2024-21900,3/6/2025,W-012026,Bangladeshi,Instrument Technician,NWC,Water,Riyadh,Short-Term,3,25443,15144,3879,6420,25.23
MP-2025-18559,20/03/2025,W-012029,Pakistani,Document Controller,Saudi Aramco,Oil & Gas,Eastern Province,Annual,12,97848,51348,16356,30144,30.81
MP-2025-15946,24/05/2024,W-012030,Indian,Welder,Ma'aden,Mining,Northern Borders,Short-Term,3,17547,10260,3756,3531,20.12
MP-2025-58719,24/09/2025,W-012032,Sudanese,Industrial Painter,Saudi Aramco,Oil & Gas,Eastern Province,Annual,12,60012,24984,13824,21204,35.33
MP-2024-31282,31/01/2024,W-012034,Indian,Industrial Painter,Saudi Electricity Co.,Power,Riyadh,Multi-Year,24,76296,46416,16104,13776,18.06
MP-2024-63432,17/02/2024,W-012037,Pakistani,Safety Officer,Ma'aden,Mining,Northern Borders,Short-Term,1,7824,4741,1206,183,2.34
MP-2025-64404,3/7/2025,W-012039,Indian,Safety Officer,ROSHN,Real Estate,Riyadh,Short-Term,3,28776,18687,3345,6744,23.44
MP-2024-72624,19/05/2025,W-012042,Sudanese,Civil Foreman,Saudi Aramco,Oil & Gas,Eastern Province,Annual,12,117672,66168,13728,37776,32.1
MP-2025-47001,21/09/2025,W-012043,Pakistani,Scaffolder,Diriyah Company,Real Estate,Riyadh,Short-Term,3,16494,8808,3249,4437,26.9
MP-2024-52984,8/3/2025,W-012045,Nepali,Civil Foreman,NWC,Water,Riyadh,Short-Term,3,26940,15240,4155,-1335,-4.96
MP-2024-31218,10/2/2025,W-012047,Indian,Mechanical Technician,Saudi Kayan,Petrochemical,Eastern Province,Short-Term,6,46722,21666,5940,19116,40.91
MP-2025-25442,13/10/2024,W-012050,Egyptian,Warehouse Keeper,Sadara Chemical,Petrochemical,Eastern Province,Multi-Year,24,147528,69048,29496,48984,33.2
MP-2024-97557,16/12/2024,W-012053,Pakistani,Helper / Labourer,Saudi Electricity Co.,Power,Riyadh,Short-Term,6,15486,8256,5958,1272,8.21
MP-2025-26554,21/12/2024,W-012055,Bangladeshi,Heavy Equipment Operator,NWC,Water,Riyadh,Multi-Year,24,166536,84384,33576,48576,29.17
MP-2024-12191,22/07/2024,W-012058,Egyptian,Heavy Equipment Operator,Royal Commission Jubail,Industrial,Eastern Province,Annual,12,75048,45060,12600,17388,23.17
MP-2024-59082,11/6/2024,W-012059,Nepali,Rigger,Saudi Kayan,Petrochemical,Eastern Province,Short-Term,2,14188,6330,1936,5922,41.74
MP-2024-62543,30/10/2024,W-012061,Sri Lankan,Site Supervisor,Petro Rabigh,Petrochemical,Makkah,Annual,12,113112,58896,9756,44460,39.31
MP-2025-37361,19/09/2025,W-012064,Indonesian,Welder,Saudi Electricity Co.,Power,Riyadh,Short-Term,2,14332,6846,2726,4760,33.21
MP-2024-94683,5/3/2025,W-012066,Filipino,Scaffolder,Sadara Chemical,Petrochemical,Eastern Province,Short-Term,3,12837,6591,3582,2664,20.75
MP-2025-28665,19/11/2025,W-012068,Egyptian,Welder,Saudi Aramco,Oil & Gas,Eastern Province,Short-Term,1,7617,3435,824,3358,44.09
MP-2024-80943,16/09/2025,W-012070,Indian,Driver (Heavy),Royal Commission Jubail,Industrial,Eastern Province,Annual,12,90276,41100,8172,41004,45.42
MP-2025-24789,3/10/2025,W-012072,Bangladeshi,Pipe Fitter,Diriyah Company,Real Estate,Riyadh,Multi-Year,36,229824,135540,26172,68112,29.64
MP-2025-41626,11/11/2025,W-012074,Sudanese,Site Supervisor,Saudi Electricity Co.,Power,Riyadh,Annual,12,138408,85152,17892,35364,25.55
MP-2025-93920,4/6/2025,W-012076,Bangladeshi,Helper / Labourer,Worley KSA,EPC Contractor,Eastern Province,Short-Term,1,3522,1728,1089,705,20.02
MP-2025-97245,29/09/2024,W-012077,Ethiopian,Helper / Labourer,Ma'aden,Mining,Northern Borders,Annual,12,42780,19668,15636,7476,17.48
MP-2024-88861,20/04/2024,W-012080,Sudanese,Rigger,Saudi Aramco,Oil & Gas,Eastern Province,Short-Term,2,13036,5754,2656,4626,35.49
MP-2025-15225,21/12/2024,W-012083,Sudanese,Helper / Labourer,NEOM,Mega Project,Tabuk,Annual,12,57384,22368,13452,21564,37.58
MP-2024-38316,3/8/2025,W-012084,Indian,Civil Engineer,Saudi Aramco,Oil & Gas,Eastern Province,Multi-Year,18,383760,191610,18900,173250,45.15
MP-2025-56186,11/9/2024,W-012086,Bangladeshi,Welder,Saudi Electricity Co.,Power,Riyadh,Multi-Year,24,141600,82320,25656,33624,23.75
MP-2025-62601,22/12/2024,W-012087,Yemeni,Helper / Labourer,Sadara Chemical,Petrochemical,Eastern Province,Annual,12,49536,20928,9852,18756,37.86
MP-2024-21853,16/10/2025,W-012089,Pakistani,Instrument Technician,SABIC,Petrochemical,Eastern Province,Annual,12,93084,45708,10956,36420,39.13
MP-2025-30868,21/06/2024,W-012091,Indian,Pipe Fitter,Sadara Chemical,Petrochemical,Eastern Province,Annual,12,79704,42672,12840,24192,30.35
MP-2024-36033,5/4/2024,W-012092,Egyptian,Warehouse Keeper,Red Sea Global,Tourism Dev,Tabuk,Multi-Year,24,160752,81648,22752,56352,35.06
MP-2024-48523,20/09/2025,W-012095,Saudi,Electrician,SABIC,Petrochemical,Eastern Province,Multi-Year,24,275232,145680,8568,120984,43.96
MP-2024-42158,19/08/2024,W-012097,Nepali,Scaffolder,Saudi Aramco,Oil & Gas,Eastern Province,Short-Term,1,6859,3201,979,2679,39.06
MP-2024-64044,9/7/2024,W-012100,Filipino,QC Inspector,Petro Rabigh,Petrochemical,Makkah,Multi-Year,24,303696,156768,37584,109344,36
MP-2025-57777,28/08/2024,W-012102,Filipino,Welder,Red Sea Global,Tourism Dev,Tabuk,Short-Term,2,14276,6946,1444,5886,41.23
MP-2025-80170,17/11/2024,W-012103,Sudanese,Safety Officer,Diriyah Company,Real Estate,Riyadh,Annual,12,111492,66492,20832,24168,21.68
MP-2024-70324,25/09/2025,W-012105,Bangladeshi,Mechanical Technician,NWC,Water,Riyadh,Short-Term,6,40872,22182,7932,10758,26.32
MP-2024-18359,29/11/2025,W-012107,Indian,HVAC Technician,NEOM,Mega Project,Tabuk,Multi-Year,18,148608,69930,21204,57474,38.67
MP-2025-38207,8/11/2025,W-012109,Pakistani,HVAC Technician,Sadara Chemical,Petrochemical,Eastern Province,Short-Term,6,45864,25818,6330,13716,29.91
MP-2025-10888,16/09/2025,W-012110,Egyptian,Electrician,Saudi Aramco,Oil & Gas,Eastern Province,Multi-Year,18,146736,64926,21582,60228,41.05
MP-2024-33755,31/01/2024,W-012113,Sri Lankan,Helper / Labourer,Sadara Chemical,Petrochemical,Eastern Province,Short-Term,3,12042,4932,2823,4287,35.6
MP-2025-28154,17/12/2024,W-012114,Indian,Electrician,Diriyah Company,Real Estate,Riyadh,Multi-Year,36,171036,99792,28800,42444,24.82
MP-2024-54527,7/4/2025,W-012115,Filipino,Welder,ROSHN,Real Estate,Riyadh,Multi-Year,18,94950,59256,11718,23976,25.25
MP-2024-10610,30/11/2024,W-012117,Pakistani,Helper / Labourer,NEOM,Mega Project,Tabuk,Annual,12,33888,16104,13524,4260,12.57
MP-2024-55252,9/4/2024,W-012120,Sri Lankan,Safety Officer,NEOM,Mega Project,Tabuk,Multi-Year,24,258336,124080,29520,104736,40.54
MP-2024-50850,25/10/2024,W-012121,Pakistani,Pipe Fitter,Ma'aden,Mining,Northern Borders,Multi-Year,36,173916,98928,39960,35028,20.14
MP-2025-96309,15/07/2025,W-012123,Sudanese,Civil Engineer,Red Sea Global,Tourism Dev,Tabuk,Short-Term,2,28818,17656,3158,8004,27.77
MP-2025-15451,1/1/2025,W-012124,Sri Lankan,Warehouse Keeper,Royal Commission Yanbu,Industrial,Madinah,Multi-Year,18,106830,64566,20538,21726,20.34
MP-2025-81615,20/10/2025,W-012125,Pakistani,Pipe Fitter,Royal Commission Jubail,Industrial,Eastern Province,Short-Term,3,17292,9384,3054,4854,28.07
MP-2025-83564,10/5/2025,W-012128,Bangladeshi,Instrument Technician,Royal Commission Jubail,Industrial,Eastern Province,Short-Term,1,7104,4413,1360,1331,18.74
MP-2024-94008,17/11/2024,W-012131,Indian,Welder,Bechtel KSA,EPC Contractor,Tabuk,Annual,12,64260,33156,15216,15888,24.72
MP-2025-76633,20/06/2025,W-012132,Bangladeshi,Rigger,Saudi Aramco,Oil & Gas,Eastern Province,Short-Term,3,27597,11460,3552,12585,45.6
MP-2024-74916,30/07/2024,W-012135,Nepali,Welder,Marafiq,Utilities,Eastern Province,Short-Term,1,5941,3679,830,1432,24.1
MP-2025-33207,3/2/2025,W-012136,Pakistani,Helper / Labourer,Saudi Aramco,Oil & Gas,Eastern Province,Short-Term,2,7126,3346,2684,1096,15.38
MP-2025-36853,31/10/2025,W-012139,Sri Lankan,Industrial Painter,Saudi Aramco,Oil & Gas,Eastern Province,Multi-Year,36,198396,80424,45468,72504,36.55
MP-2024-92121,10/12/2025,W-012141,Indian,Helper / Labourer,Saudi Aramco,Oil & Gas,Eastern Province,Annual,12,32664,16104,9228,7332,22.45
MP-2024-34033,3/7/2025,W-012143,Indian,Helper / Labourer,NWC,Water,Riyadh,Annual,12,37512,20604,10380,6528,17.4
MP-2025-24220,2/5/2024,W-012145,Sudanese,Driver (Heavy),NWC,Water,Riyadh,Annual,12,56316,34764,16764,4788,8.5
MP-2024-24602,22/08/2024,W-012146,Sudanese,Pipe Fitter,Royal Commission Jubail,Industrial,Eastern Province,Multi-Year,24,140616,76440,28896,35280,25.09
MP-2024-96884,30/05/2025,W-012147,Egyptian,Helper / Labourer,Saudi Aramco,Oil & Gas,Eastern Province,Short-Term,2,7886,3010,2682,2194,27.82
MP-2024-94428,27/02/2024,W-012149,Bangladeshi,Civil Engineer,Ma'aden,Mining,Northern Borders,Short-Term,2,30978,17358,1672,11948,38.57
MP-2024-88860,25/06/2025,W-012151,Filipino,Pipe Fitter,Bechtel KSA,EPC Contractor,Tabuk,Short-Term,1,5987,3138,1114,1735,28.98
MP-2025-58545,9/2/2024,W-012152,Sri Lankan,Rigger,Saudi Aramco,Oil & Gas,Eastern Province,Short-Term,1,8385,3602,740,4043,48.22
MP-2024-83877,12/7/2025,W-012153,Indian,Helper / Labourer,Ma'aden,Mining,Northern Borders,Annual,12,40932,18384,11280,11268,27.53
MP-2024-99506,17/05/2025,W-012156,Pakistani,Site Supervisor,ROSHN,Real Estate,Riyadh,Annual,12,138936,86352,19644,32940,23.71
MP-2025-93505,27/06/2024,W-012158,Ethiopian,Driver (Heavy),Sadara Chemical,Petrochemical,Eastern Province,Short-Term,3,14292,7206,3549,3537,24.75
MP-2024-62721,8/5/2024,W-012161,Pakistani,Civil Engineer,Saudi Electricity Co.,Power,Riyadh,Annual,12,209052,128004,14124,66924,32.01
MP-2025-97211,12/2/2025,W-012162,Egyptian,Scaffolder,SABIC,Petrochemical,Eastern Province,Short-Term,2,14540,6654,2476,5410,37.21
MP-2025-81854,22/02/2025,W-012164,Nepali,Scaffolder,Saudi Aramco,Oil & Gas,Eastern Province,Short-Term,3,17202,7260,3693,6249,36.33
MP-2024-36137,10/8/2024,W-012166,Filipino,Pipe Fitter,Saudi Electricity Co.,Power,Riyadh,Annual,12,60828,32700,14040,14088,23.16
MP-2024-45824,27/11/2025,W-012169,Egyptian,Rigger,NEOM,Mega Project,Tabuk,Multi-Year,24,154008,70992,31224,51792,33.63
MP-2025-51446,17/09/2025,W-012172,Filipino,QC Inspector,Saudi Aramco,Oil & Gas,Eastern Province,Short-Term,1,7686,4483,1621,140,1.82
MP-2025-56752,26/07/2024,W-012175,Indian,Scaffolder,Saudi Kayan,Petrochemical,Eastern Province,Annual,12,79356,39276,15252,24828,31.29
MP-2024-47976,6/11/2024,W-012176,Sudanese,Pipe Fitter,Petro Rabigh,Petrochemical,Makkah,Short-Term,1,6742,3358,769,2615,38.79
MP-2025-46861,7/12/2025,W-012177,Saudi,Rigger,Saudi Aramco,Oil & Gas,Eastern Province,Annual,12,127140,61236,3924,61980,48.75
MP-2024-86831,5/12/2025,W-012179,Indonesian,Civil Foreman,SABIC,Petrochemical,Eastern Province,Multi-Year,36,396648,211212,47304,138132,34.82
MP-2025-19029,30/06/2024,W-012180,Nepali,Rigger,Marafiq,Utilities,Eastern Province,Short-Term,2,13786,7678,2368,3740,27.13
MP-2024-56492,9/9/2025,W-012182,Indian,Driver (Heavy),Saudi Electricity Co.,Power,Riyadh,Short-Term,3,13254,7407,3120,2727,20.57
MP-2025-51755,19/06/2024,W-012183,Nepali,HVAC Technician,SABIC,Petrochemical,Eastern Province,Multi-Year,24,135624,64152,29280,42192,31.11
MP-2024-53636,18/07/2025,W-012184,Indian,Site Supervisor,ROSHN,Real Estate,Riyadh,Annual,12,86592,54696,19932,11964,13.82
MP-2024-98067,3/10/2024,W-012187,Pakistani,Industrial Painter,Ma'aden,Mining,Northern Borders,Multi-Year,36,163044,86004,48852,28188,17.29
MP-2024-74071,15/10/2024,W-012189,Indian,Mechanical Technician,Red Sea Global,Tourism Dev,Tabuk,Multi-Year,24,233208,108552,16008,108648,46.59
MP-2024-41845,17/03/2024,W-012190,Pakistani,Pipe Fitter,Royal Commission Yanbu,Industrial,Madinah,Annual,12,76740,47460,7920,21360,27.83
MP-2024-30479,19/08/2025,W-012193,Saudi,Site Supervisor,ROSHN,Real Estate,Riyadh,Short-Term,1,13511,9016,586,3909,28.93
MP-2024-22019,3/4/2024,W-012194,Bangladeshi,Rigger,SABIC,Petrochemical,Eastern Province,Annual,12,74304,35028,9528,29748,40.04
MP-2025-89358,24/12/2025,W-012195,Bangladeshi,Helper / Labourer,NEOM,Mega Project,Tabuk,Multi-Year,36,100800,50796,28152,21852,21.68
MP-2024-81040,12/8/2025,W-012196,Nepali,HVAC Technician,Saudi Aramco,Oil & Gas,Eastern Province,Short-Term,3,23172,11883,2838,8451,36.47
MP-2025-88846,26/02/2025,W-012199,Nepali,Scaffolder,SABIC,Petrochemical,Eastern Province,Short-Term,2,11736,5486,2752,3498,29.81
MP-2024-18474,4/3/2024,W-012200,Bangladeshi,Driver (Heavy),Saudi Aramco,Oil & Gas,Eastern Province,Annual,12,76212,33624,15888,26700,35.03
MP-2024-51733,25/08/2025,W-012202,Nepali,Safety Officer,NWC,Water,Riyadh,Annual,12,108000,69156,13776,25068,23.21
MP-2025-75496,3/11/2024,W-012204,Pakistani,Document Controller,SABIC,Petrochemical,Eastern Province,Annual,12,75816,43020,11988,20808,27.45
MP-2025-70768,20/04/2025,W-012206,Indian,Helper / Labourer,Saudi Electricity Co.,Power,Riyadh,Multi-Year,24,83952,42552,31272,10128,12.06
MP-2025-11828,20/03/2025,W-012209,Sri Lankan,Pipe Fitter,NWC,Water,Riyadh,Short-Term,1,5044,3104,903,-133,-2.64
MP-2025-82001,11/10/2024,W-012210,Indian,Safety Officer,Ma'aden,Mining,Northern Borders,Annual,12,128100,73188,17244,37668,29.41
MP-2024-18769,27/11/2024,W-012213,Bangladeshi,Scaffolder,SABIC,Petrochemical,Eastern Province,Multi-Year,24,108120,61992,21144,24984,23.11
MP-2025-99660,25/09/2025,W-012215,Filipino,Safety Officer,NEOM,Mega Project,Tabuk,Short-Term,3,37719,17937,3477,16305,43.23
MP-2024-12321,2/4/2025,W-012217,Bangladeshi,Scaffolder,Sadara Chemical,Petrochemical,Eastern Province,Short-Term,3,19494,8661,3021,7812,40.07
MP-2025-85657,5/12/2024,W-012220,Indian,Pipe Fitter,Sadara Chemical,Petrochemical,Eastern Province,Annual,12,91140,49776,13140,28224,30.97
MP-2024-74040,30/07/2025,W-012222,Sri Lankan,Electrician,Petro Rabigh,Petrochemical,Makkah,Annual,12,63900,34584,12564,16752,26.22
MP-2025-18772,5/4/2025,W-012224,Egyptian,Helper / Labourer,SABIC,Petrochemical,Eastern Province,Short-Term,1,3165,1584,652,929,29.35
MP-2025-83646,29/05/2024,W-012226,Indonesian,Mechanical Technician,Sadara Chemical,Petrochemical,Eastern Province,Multi-Year,24,216144,106752,32832,76560,35.42
MP-2024-48747,3/3/2024,W-012229,Yemeni,Heavy Equipment Operator,Ma'aden,Mining,Northern Borders,Short-Term,3,22134,10683,1974,9477,42.82
MP-2024-48810,26/01/2024,W-012230,Nepali,Helper / Labourer,Saudi Aramco,Oil & Gas,Eastern Province,Annual,12,45444,22152,13428,9864,21.71
MP-2025-51168,20/04/2024,W-012232,Bangladeshi,Pipe Fitter,ROSHN,Real Estate,Riyadh,Short-Term,6,32016,15786,4458,11772,36.77
MP-2025-58342,25/05/2024,W-012234,Sudanese,Industrial Painter,Saudi Aramco,Oil & Gas,Eastern Province,Annual,12,53700,27468,13320,12912,24.04
MP-2025-52469,2/8/2025,W-012237,Indian,Instrument Technician,Diriyah Company,Real Estate,Riyadh,Annual,12,101892,52104,9060,40728,39.97
MP-2024-40803,4/4/2024,W-012239,Saudi,Electrician,Saudi Electricity Co.,Power,Riyadh,Annual,12,130644,68652,4752,57240,43.81
MP-2024-81840,1/4/2024,W-012240,Bangladeshi,Welder,Marafiq,Utilities,Eastern Province,Short-Term,2,9174,4580,1336,3258,35.51
MP-2024-72743,13/02/2024,W-012241,Indian,Scaffolder,Saudi Aramco,Oil & Gas,Eastern Province,Multi-Year,24,136512,58848,27672,-10154,-7.44
MP-2025-13081,16/11/2025,W-012244,Nepali,Heavy Equipment Operator,Saudi Aramco,Oil & Gas,Eastern Province,Annual,12,81504,38112,7860,35532,43.6
MP-2025-76735,17/06/2024,W-012246,Indian,Heavy Equipment Operator,Marafiq,Utilities,Eastern Province,Annual,12,74304,39684,12396,22224,29.91
MP-2024-89641,19/09/2024,W-012248,Indian,Driver (Heavy),Saudi Electricity Co.,Power,Riyadh,Annual,12,64056,33984,16512,13560,21.17
MP-2025-36816,8/7/2024,W-012249,Indian,Helper / Labourer,Royal Commission Jubail,Industrial,Eastern Province,Multi-Year,24,93432,42144,20976,30312,32.44
MP-2024-87759,6/11/2024,W-012251,Bangladeshi,Rigger,SABIC,Petrochemical,Eastern Province,Multi-Year,24,111216,63528,15816,31872,28.66
MP-2025-37047,26/05/2025,W-012254,Bangladeshi,Electrician,Worley KSA,EPC Contractor,Eastern Province,Annual,12,65940,34968,12852,18120,27.48
MP-2024-20180,23/09/2025,W-012255,Yemeni,Helper / Labourer,ROSHN,Real Estate,Riyadh,Multi-Year,24,81696,44592,22464,14640,17.92
MP-2024-22744,24/02/2024,W-012257,Indian,Pipe Fitter,Saudi Electricity Co.,Power,Riyadh,Multi-Year,18,103014,52272,15714,-2593,-2.52
MP-2024-44435,12/4/2025,W-012258,Indian,Rigger,NWC,Water,Riyadh,Annual,12,91776,44496,9372,37908,41.3
MP-2024-69669,16/08/2025,W-012261,Filipino,Scaffolder,Diriyah Company,Real Estate,Riyadh,Annual,12,60492,36288,8388,15816,26.15
MP-2024-14870,24/05/2025,W-012263,Sudanese,Industrial Painter,Bechtel KSA,EPC Contractor,Tabuk,Annual,12,39072,23436,14724,912,2.33
MP-2025-72805,26/07/2024,W-012265,Indian,Scaffolder,Petro Rabigh,Petrochemical,Makkah,Short-Term,3,21300,9402,2049,9849,46.24
MP-2025-83261,20/12/2025,W-012267,Sudanese,HVAC Technician,Royal Commission Jubail,Industrial,Eastern Province,Short-Term,1,6840,3676,1004,2160,31.58
MP-2025-82223,7/7/2025,W-012268,Pakistani,Rigger,Saudi Electricity Co.,Power,Riyadh,Annual,12,76272,34740,14700,26832,35.18
MP-2025-98566,9/7/2025,W-012270,Pakistani,Mechanical Technician,ROSHN,Real Estate,Riyadh,Multi-Year,24,205344,111576,23712,70056,34.12
MP-2024-15604,17/12/2024,W-012273,Sri Lankan,Document Controller,Saudi Aramco,Oil & Gas,Eastern Province,Short-Term,2,20266,10404,2766,7096,35.01
MP-2025-20714,5/3/2025,W-012274,Ethiopian,Heavy Equipment Operator,Ma'aden,Mining,Northern Borders,Annual,12,75900,39096,16284,20520,27.04
MP-2025-74117,29/04/2024,W-012276,Egyptian,Helper / Labourer,NEOM,Mega Project,Tabuk,Annual,12,45996,20328,12996,12672,27.55
MP-2024-39597,17/10/2025,W-012279,Bangladeshi,Helper / Labourer,Petro Rabigh,Petrochemical,Makkah,Short-Term,1,4425,1836,1250,1339,30.26
MP-2024-50180,4/9/2024,W-012281,Pakistani,Scaffolder,ROSHN,Real Estate,Riyadh,Multi-Year,24,76464,48792,17784,9888,12.93
MP-2024-18784,16/09/2024,W-012283,Indonesian,Industrial Painter,Sadara Chemical,Petrochemical,Eastern Province,Annual,12,62508,32844,11292,18372,29.39
MP-2025-91167,26/08/2025,W-012285,Nepali,Safety Officer,Red Sea Global,Tourism Dev,Tabuk,Multi-Year,36,269748,167868,52884,48996,18.16
MP-2025-80650,10/4/2024,W-012287,Nepali,QC Inspector,Sadara Chemical,Petrochemical,Eastern Province,Multi-Year,36,469008,269352,61740,137916,29.41
MP-2024-72242,15/09/2024,W-012290,Indian,Scaffolder,Royal Commission Yanbu,Industrial,Madinah,Annual,12,46800,25584,10836,10380,22.18
MP-2025-14501,26/11/2024,W-012292,Filipino,HVAC Technician,Saudi Electricity Co.,Power,Riyadh,Annual,12,64860,33252,13140,18468,28.47
MP-2024-76361,31/03/2025,W-012293,Bangladeshi,Mechanical Technician,Diriyah Company,Real Estate,Riyadh,Annual,12,104964,55800,8244,40920,38.98
MP-2025-32795,7/4/2025,W-012295,Yemeni,Welder,ROSHN,Real Estate,Riyadh,Annual,12,82452,39588,8496,34368,41.68
MP-2024-10746,31/01/2025,W-012298,Sudanese,Warehouse Keeper,Royal Commission Jubail,Industrial,Eastern Province,Short-Term,2,11156,5426,2176,3554,31.86
MP-2025-25216,13/04/2024,W-012299,Indian,Helper / Labourer,NWC,Water,Riyadh,Annual,12,35076,18756,14088,-346,-0.99
MP-2025-93208,10/7/2025,W-012300,Bangladeshi,Welder,Saudi Electricity Co.,Power,Riyadh,Annual,12,46452,27684,15696,3072,6.61
MP-2025-62602,3/6/2025,W-012301,Sri Lankan,Driver (Heavy),Saudi Aramco,Oil & Gas,Eastern Province,Short-Term,6,28902,14772,6870,7260,25.12
MP-2025-72636,9/3/2024,W-012304,Indian,Industrial Painter,NEOM,Mega Project,Tabuk,Short-Term,2,10838,4520,1886,4432,40.89
MP-2024-24778,21/06/2025,W-012307,Pakistani,Heavy Equipment Operator,Sadara Chemical,Petrochemical,Eastern Province,Multi-Year,24,227952,106968,30024,90960,39.9
MP-2025-72688,5/5/2025,W-012308,Indian,Industrial Painter,ROSHN,Real Estate,Riyadh,Annual,12,56304,34380,8940,12984,23.06
MP-2024-72611,9/6/2025,W-012309,Filipino,Scaffolder,Royal Commission Jubail,Industrial,Eastern Province,Multi-Year,24,169008,79512,22920,66576,39.39
MP-2024-52006,8/2/2025,W-012310,Indian,Helper / Labourer,Saudi Electricity Co.,Power,Riyadh,Annual,12,40524,21624,15972,2928,7.23
MP-2025-94677,12/10/2025,W-012311,Pakistani,Instrument Technician,Ma'aden,Mining,Northern Borders,Short-Term,6,32424,19626,4284,8514,26.26
MP-2024-94069,10/2/2024,W-012313,Pakistani,Scaffolder,Red Sea Global,Tourism Dev,Tabuk,Multi-Year,24,118080,58200,21480,38400,32.52
MP-2025-77035,14/05/2025,W-012315,Egyptian,Helper / Labourer,NEOM,Mega Project,Tabuk,Annual,12,49452,20508,14868,14076,28.46
MP-2025-21925,9/12/2025,W-012317,Saudi,Heavy Equipment Operator,ROSHN,Real Estate,Riyadh,Short-Term,3,42753,23523,861,18369,42.97
MP-2025-41380,2/8/2025,W-012318,Pakistani,Electrician,Royal Commission Yanbu,Industrial,Madinah,Annual,12,70992,40584,11616,18792,26.47
MP-2024-48668,13/07/2024,W-012321,Nepali,HVAC Technician,NEOM,Mega Project,Tabuk,Short-Term,3,21375,10941,3579,6855,32.07
MP-2025-33996,25/10/2025,W-012323,Pakistani,Industrial Painter,Diriyah Company,Real Estate,Riyadh,Multi-Year,36,153072,91620,39744,21708,14.18
MP-2025-82179,6/2/2025,W-012324,Indian,Helper / Labourer,SABIC,Petrochemical,Eastern Province,Annual,12,49536,22332,15192,12012,24.25
MP-2025-36108,29/09/2024,W-012325,Ethiopian,QC Inspector,Ma'aden,Mining,Northern Borders,Short-Term,3,26472,16431,2946,7095,26.8
MP-2024-15378,12/3/2024,W-012327,Indian,Heavy Equipment Operator,Saudi Aramco,Oil & Gas,Eastern Province,Short-Term,3,21888,9507,3225,-1076,-4.92
MP-2025-47249,16/03/2025,W-012328,Pakistani,QC Inspector,NEOM,Mega Project,Tabuk,Short-Term,6,59226,32202,5004,22020,37.18
MP-2024-32523,27/01/2025,W-012329,Filipino,Welder,Saudi Aramco,Oil & Gas,Eastern Province,Annual,12,94008,38196,15084,40728,43.32
MP-2024-63267,14/08/2024,W-012330,Bangladeshi,Pipe Fitter,Saudi Aramco,Oil & Gas,Eastern Province,Short-Term,1,5353,2406,976,1971,36.82
MP-2025-68479,6/8/2024,W-012331,Indian,Welder,Diriyah Company,Real Estate,Riyadh,Annual,12,72936,40596,13332,19008,26.06
MP-2025-36886,20/11/2025,W-012333,Bangladeshi,Driver (Heavy),Sadara Chemical,Petrochemical,Eastern Province,Short-Term,6,40644,18372,6630,15642,38.49
MP-2024-88768,16/12/2025,W-012336,Pakistani,Helper / Labourer,SABIC,Petrochemical,Eastern Province,Short-Term,3,10227,4392,3972,1863,18.22
MP-2025-13181,3/12/2025,W-012339,Pakistani,HVAC Technician,Saudi Electricity Co.,Power,Riyadh,Multi-Year,36,234828,130644,23940,80244,34.17
MP-2025-65592,1/4/2024,W-012341,Pakistani,Scaffolder,Sadara Chemical,Petrochemical,Eastern Province,Multi-Year,36,146916,79956,39204,27756,18.89
MP-2024-14757,25/01/2025,W-012343,Indian,Scaffolder,Diriyah Company,Real Estate,Riyadh,Short-Term,6,28704,17838,4254,6612,23.04
MP-2025-29533,27/10/2024,W-012344,Yemeni,Scaffolder,Marafiq,Utilities,Eastern Province,Short-Term,3,11055,6699,3912,444,4.02
MP-2024-47780,15/07/2025,W-012346,Indonesian,Driver (Heavy),SABIC,Petrochemical,Eastern Province,Multi-Year,24,130296,73056,29520,27720,21.27
MP-2024-79986,7/5/2024,W-012348,Filipino,Industrial Painter,SABIC,Petrochemical,Eastern Province,Annual,12,57720,25488,10728,21504,37.26
MP-2025-77272,22/01/2024,W-012351,Bangladeshi,Welder,Saudi Aramco,Oil & Gas,Eastern Province,Short-Term,2,14116,7108,2214,4794,33.96
MP-2025-70608,8/9/2024,W-012353,Indian,Welder,SABIC,Petrochemical,Eastern Province,Annual,12,72660,40884,11196,-2926,-4.03
MP-2025-98804,8/2/2025,W-012356,Filipino,Industrial Painter,Ma'aden,Mining,Northern Borders,Multi-Year,24,139800,68256,30672,40872,29.24
MP-2025-78612,21/02/2025,W-012357,Bangladeshi,Instrument Technician,Royal Commission Yanbu,Industrial,Madinah,Short-Term,6,64344,32928,4422,26994,41.95
MP-2025-59275,2/11/2024,W-012359,Indian,Instrument Technician,Royal Commission Jubail,Industrial,Eastern Province,Short-Term,2,15852,8470,2438,4944,31.19
MP-2025-61951,7/9/2024,W-012360,Indian,Scaffolder,Saudi Electricity Co.,Power,Riyadh,Annual,12,60372,31836,15744,12792,21.19
MP-2025-16730,8/9/2024,W-012361,Sri Lankan,Warehouse Keeper,Sadara Chemical,Petrochemical,Eastern Province,Short-Term,3,23625,11019,3912,8694,36.8
MP-2025-56500,8/6/2025,W-012364,Bangladeshi,Civil Engineer,Petro Rabigh,Petrochemical,Makkah,Annual,12,166668,105144,20124,41400,24.84
MP-2024-29128,29/12/2025,W-012367,Pakistani,Welder,SABIC,Petrochemical,Eastern Province,Annual,12,53316,26868,14988,11460,21.49
MP-2025-47345,11/1/2025,W-012368,Sudanese,Civil Foreman,Petro Rabigh,Petrochemical,Makkah,Annual,12,98352,55008,13800,29544,30.04
MP-2024-30097,21/01/2025,W-012370,Nepali,Mechanical Technician,Diriyah Company,Real Estate,Riyadh,Short-Term,2,14452,8648,2226,3578,24.76
MP-2024-15490,15/02/2024,W-012372,Indian,Pipe Fitter,Saudi Electricity Co.,Power,Riyadh,Short-Term,2,12202,6336,2786,3080,25.24
MP-2024-31416,8/2/2024,W-012374,Egyptian,Helper / Labourer,SABIC,Petrochemical,Eastern Province,Multi-Year,24,97032,44520,17040,35472,36.56
MP-2025-90844,16/01/2025,W-012376,Indonesian,Scaffolder,NEOM,Mega Project,Tabuk,Multi-Year,24,143664,69216,18408,56040,39.01
MP-2025-87837,8/9/2024,W-012377,Sudanese,Mechanical Technician,SABIC,Petrochemical,Eastern Province,Multi-Year,24,191520,91152,22896,77472,40.45
MP-2025-43769,19/04/2024,W-012378,Filipino,Helper / Labourer,SABIC,Petrochemical,Eastern Province,Multi-Year,36,163908,66348,42228,55332,33.76
MP-2025-62409,5/3/2025,W-012381,Pakistani,Welder,Saudi Aramco,Oil & Gas,Eastern Province,Annual,12,82776,44220,10620,27936,33.75
MP-2025-63205,18/03/2025,W-012382,Bangladeshi,Site Supervisor,Sadara Chemical,Petrochemical,Eastern Province,Annual,12,116004,65088,20976,29940,25.81
MP-2025-87125,7/8/2024,W-012384,Bangladeshi,Scaffolder,SABIC,Petrochemical,Eastern Province,Multi-Year,24,103368,53352,22392,27624,26.72
MP-2024-20788,9/1/2024,W-012385,Filipino,Instrument Technician,Saudi Aramco,Oil & Gas,Eastern Province,Multi-Year,24,232968,131544,18792,82632,35.47
MP-2025-98963,3/12/2025,W-012388,Pakistani,Civil Foreman,Saudi Aramco,Oil & Gas,Eastern Province,Multi-Year,24,196320,90000,17088,-4465,-2.27
MP-2024-32273,4/2/2025,W-012390,Indian,Safety Officer,ROSHN,Real Estate,Riyadh,Annual,12,112428,72552,10476,29400,26.15
MP-2025-30629,20/10/2025,W-012393,Bangladeshi,Instrument Technician,SABIC,Petrochemical,Eastern Province,Short-Term,3,31194,15480,3513,12201,39.11
MP-2025-76699,9/11/2024,W-012395,Nepali,Helper / Labourer,Saudi Electricity Co.,Power,Riyadh,Multi-Year,24,76104,40800,23904,11400,14.98
MP-2024-20414,1/3/2024,W-012398,Yemeni,Pipe Fitter,Worley KSA,EPC Contractor,Eastern Province,Short-Term,1,5241,2908,890,1443,27.53
MP-2025-67060,23/02/2025,W-012399,Sri Lankan,Rigger,Red Sea Global,Tourism Dev,Tabuk,Annual,12,71292,33408,15864,22020,30.89
MP-2025-30516,4/2/2025,W-012400,Pakistani,Welder,Saudi Kayan,Petrochemical,Eastern Province,Multi-Year,36,177120,89928,41184,46008,25.98
MP-2025-68931,16/05/2024,W-012402,Egyptian,HVAC Technician,Red Sea Global,Tourism Dev,Tabuk,Multi-Year,24,131232,62712,32784,35736,27.23
MP-2025-53850,31/05/2024,W-012403,Yemeni,Scaffolder,ROSHN,Real Estate,Riyadh,Multi-Year,24,128544,72216,29472,26856,20.89
MP-2025-90593,16/01/2025,W-012405,Indian,Mechanical Technician,Royal Commission Yanbu,Industrial,Madinah,Annual,12,68340,38664,13728,15948,23.34
MP-2025-79582,4/2/2025,W-012408,Ethiopian,Safety Officer,ROSHN,Real Estate,Riyadh,Annual,12,132144,76380,14868,40896,30.95
MP-2025-80620,12/4/2025,W-012409,Pakistani,Welder,NEOM,Mega Project,Tabuk,Multi-Year,18,129942,53262,24246,52434,40.35
MP-2024-51311,28/08/2025,W-012410,Bangladeshi,Electrician,Red Sea Global,Tourism Dev,Tabuk,Short-Term,2,15664,7740,1892,-578,-3.69
MP-2024-68884,1/9/2024,W-012412,Indian,Welder,Saudi Aramco,Oil & Gas,Eastern Province,Multi-Year,36,191736,80136,43200,68400,35.67
MP-2025-88675,10/11/2025,W-012413,Bangladeshi,Civil Foreman,NEOM,Mega Project,Tabuk,Annual,12,140616,65388,16128,59100,42.03
MP-2025-33230,12/7/2025,W-012416,Indian,Rigger,Saudi Aramco,Oil & Gas,Eastern Province,Annual,12,84348,45780,8964,29604,35.1
MP-2025-32154,4/11/2025,W-012418,Nepali,Industrial Painter,Marafiq,Utilities,Eastern Province,Short-Term,2,9754,4668,1734,3352,34.37
MP-2024-19991,8/6/2024,W-012419,Yemeni,Welder,SABIC,Petrochemical,Eastern Province,Annual,12,96540,41652,16488,38400,39.78
MP-2025-54240,4/5/2024,W-012422,Egyptian,Helper / Labourer,Saudi Electricity Co.,Power,Riyadh,Short-Term,6,15714,8802,7452,-540,-3.44
MP-2025-34811,12/7/2025,W-012424,Egyptian,Warehouse Keeper,ROSHN,Real Estate,Riyadh,Multi-Year,18,110700,68202,16326,26172,23.64
MP-2024-72742,8/10/2025,W-012426,Indian,Helper / Labourer,Royal Commission Jubail,Industrial,Eastern Province,Annual,12,48012,21408,11424,15180,31.62
MP-2025-86854,15/12/2025,W-012427,Saudi,Helper / Labourer,Saudi Kayan,Petrochemical,Eastern Province,Multi-Year,36,185400,93132,11664,80604,43.48
MP-2024-69363,11/7/2024,W-012428,Filipino,Welder,Red Sea Global,Tourism Dev,Tabuk,Annual,12,71028,32904,7872,30252,42.59
MP-2025-21170,17/05/2024,W-012429,Filipino,Heavy Equipment Operator,Saudi Aramco,Oil & Gas,Eastern Province,Short-Term,3,24165,11388,3663,9114,37.72
MP-2024-93634,20/11/2024,W-012430,Pakistani,Helper / Labourer,SABIC,Petrochemical,Eastern Province,Multi-Year,18,76950,33534,25182,18234,23.7
MP-2025-30058,14/10/2024,W-012432,Yemeni,Site Supervisor,Bechtel KSA,EPC Contractor,Tabuk,Annual,12,129060,71940,14328,-4580,-3.55
MP-2024-22199,20/05/2024,W-012435,Filipino,Helper / Labourer,Sadara Chemical,Petrochemical,Eastern Province,Short-Term,3,10698,5283,2229,3186,29.78
MP-2024-40345,20/02/2024,W-012437,Pakistani,Helper / Labourer,Royal Commission Jubail,Industrial,Eastern Province,Multi-Year,18,67482,32166,19494,15822,23.45
MP-2025-82399,4/11/2025,W-012439,Indian,Industrial Painter,Marafiq,Utilities,Eastern Province,Short-Term,3,10986,6036,3618,1332,12.12
MP-2024-87110,5/1/2024,W-012440,Sri Lankan,Welder,Royal Commission Yanbu,Industrial,Madinah,Annual,12,48444,28452,16260,3732,7.7
MP-2024-20749,8/12/2024,W-012441,Indian,Warehouse Keeper,Diriyah Company,Real Estate,Riyadh,Short-Term,1,5858,3058,745,2055,35.08
MP-2024-63465,6/1/2024,W-012444,Filipino,Scaffolder,Royal Commission Yanbu,Industrial,Madinah,Annual,12,52284,27156,8340,16788,32.11
MP-2025-35227,24/06/2025,W-012446,Pakistani,Industrial Painter,NEOM,Mega Project,Tabuk,Multi-Year,24,122904,53352,31608,37944,30.87
MP-2025-94978,11/9/2025,W-012448,Indian,Welder,NEOM,Mega Project,Tabuk,Annual,12,88884,39672,15132,34080,38.34
MP-2024-27360,29/12/2025,W-012449,Pakistani,Scaffolder,Saudi Aramco,Oil & Gas,Eastern Province,Short-Term,3,12924,6558,4110,2256,17.46
MP-2024-24519,13/12/2025,W-012450,Bangladeshi,Electrician,Saudi Electricity Co.,Power,Riyadh,Short-Term,1,7644,4251,958,2435,31.86
MP-2025-68118,10/11/2025,W-012451,Yemeni,Pipe Fitter,Saudi Electricity Co.,Power,Riyadh,Short-Term,2,13954,6564,1956,5434,38.94
MP-2025-70762,11/6/2024,W-012452,Sudanese,Helper / Labourer,Royal Commission Jubail,Industrial,Eastern Province,Annual,12,31044,17064,10380,3600,11.6
MP-2024-65856,15/01/2024,W-012454,Sudanese,Heavy Equipment Operator,NEOM,Mega Project,Tabuk,Short-Term,2,16108,7218,1714,7176,44.55
MP-2025-45342,13/06/2024,W-012456,Pakistani,Warehouse Keeper,Saudi Aramco,Oil & Gas,Eastern Province,Short-Term,3,20739,8814,3192,8733,42.11
MP-2024-24394,1/10/2024,W-012459,Pakistani,Scaffolder,Saudi Aramco,Oil & Gas,Eastern Province,Multi-Year,24,134616,73080,25800,35736,26.55
MP-2024-47068,15/09/2024,W-012460,Egyptian,Rigger,NEOM,Mega Project,Tabuk,Annual,12,94872,42936,9444,42492,44.79
MP-2024-29542,21/01/2024,W-012462,Egyptian,Helper / Labourer,Saudi Electricity Co.,Power,Riyadh,Short-Term,3,7650,4248,2640,762,9.96
MP-2025-45643,23/08/2025,W-012463,Nepali,Rigger,NWC,Water,Riyadh,Annual,12,60600,34452,13416,12732,21.01
MP-2025-16003,10/12/2024,W-012465,Bangladeshi,Scaffolder,Sadara Chemical,Petrochemical,Eastern Province,Short-Term,6,21258,12138,6444,2676,12.59
MP-2025-15751,28/07/2024,W-012467,Bangladeshi,Document Controller,Saudi Aramco,Oil & Gas,Eastern Province,Annual,12,123864,65424,9024,49416,39.9
MP-2024-58611,9/4/2024,W-012468,Pakistani,Warehouse Keeper,Saudi Electricity Co.,Power,Riyadh,Multi-Year,36,219672,131400,48348,39924,18.17
MP-2024-42809,4/9/2025,W-012471,Egyptian,Civil Engineer,SABIC,Petrochemical,Eastern Province,Annual,12,164364,100620,18264,45480,27.67
MP-2025-38358,25/02/2025,W-012473,Indian,Instrument Technician,SABIC,Petrochemical,Eastern Province,Annual,12,77988,38400,16212,23376,29.97
MP-2024-13525,9/4/2024,W-012476,Filipino,Rigger,SABIC,Petrochemical,Eastern Province,Multi-Year,24,182664,83520,19128,80016,43.81
MP-2024-48666,16/04/2025,W-012477,Nepali,Scaffolder,Saudi Aramco,Oil & Gas,Eastern Province,Short-Term,2,11660,5026,2442,4192,35.95
MP-2025-30175,5/12/2025,W-012478,Sudanese,Pipe Fitter,Saudi Electricity Co.,Power,Riyadh,Short-Term,1,6674,3359,1320,1995,29.89
MP-2024-37759,15/03/2024,W-012479,Bangladeshi,Mechanical Technician,Diriyah Company,Real Estate,Riyadh,Short-Term,6,50388,25362,6288,18738,37.19
MP-2025-69382,10/6/2024,W-012482,Filipino,Civil Foreman,NWC,Water,Riyadh,Annual,12,106644,60324,10308,36012,33.77
MP-2024-12625,19/07/2024,W-012484,Pakistani,Helper / Labourer,Saudi Electricity Co.,Power,Riyadh,Short-Term,6,17826,8214,7956,1656,9.29
MP-2024-83408,5/5/2025,W-012486,Sri Lankan,Civil Foreman,Royal Commission Jubail,Industrial,Eastern Province,Short-Term,6,45216,23694,7494,14028,31.02
MP-2024-76639,13/09/2025,W-012489,Yemeni,Scaffolder,NEOM,Mega Project,Tabuk,Short-Term,6,25986,12786,6372,6828,26.28
MP-2024-66062,17/05/2025,W-012490,Indian,Helper / Labourer,Diriyah Company,Real Estate,Riyadh,Short-Term,2,5784,3350,2382,52,0.9
MP-2025-70410,17/06/2024,W-012493,Pakistani,Helper / Labourer,Saudi Aramco,Oil & Gas,Eastern Province,Annual,12,52956,21216,14016,17724,33.47
MP-2024-20962,26/11/2024,W-012494,Egyptian,Helper / Labourer,NEOM,Mega Project,Tabuk,Short-Term,2,8130,3176,1958,2996,36.85
MP-2025-17503,7/10/2025,W-012497,Saudi,Welder,Saudi Aramco,Oil & Gas,Eastern Province,Annual,12,117960,48696,4764,64500,54.68
MP-2025-30876,28/03/2024,W-012500,Sudanese,Safety Officer,NEOM,Mega Project,Tabuk,Annual,12,130548,61512,10608,58428,44.76
MP-2025-75721,28/09/2025,W-012501,Pakistani,Mechanical Technician,Ma'aden,Mining,Northern Borders,Annual,12,58836,34656,13764,10416,17.7
MP-2025-55265,13/10/2025,W-012503,Indian,Helper / Labourer,SABIC,Petrochemical,Eastern Province,Short-Term,3,9861,4914,2286,2661,26.99
MP-2024-52158,13/01/2025,W-012506,Indian,Electrician,Saudi Aramco,Oil & Gas,Eastern Province,Annual,12,103080,47832,8160,47088,45.68
MP-2025-37252,3/9/2024,W-012508,Filipino,Safety Officer,Saudi Electricity Co.,Power,Riyadh,Annual,12,140832,77964,18504,44364,31.5
MP-2024-26484,7/3/2024,W-012509,Pakistani,Welder,Saudi Aramco,Oil & Gas,Eastern Province,Annual,12,81036,42432,12804,25800,31.84
MP-2024-44289,2/10/2025,W-012512,Pakistani,Helper / Labourer,SABIC,Petrochemical,Eastern Province,Multi-Year,36,132624,65808,28620,38196,28.8
MP-2024-79248,25/10/2025,W-012513,Bangladeshi,Scaffolder,Red Sea Global,Tourism Dev,Tabuk,Short-Term,3,16200,8601,2334,5265,32.5
MP-2025-63430,31/10/2024,W-012514,Indian,Driver (Heavy),Royal Commission Jubail,Industrial,Eastern Province,Short-Term,6,28650,16818,8226,3606,12.59
MP-2025-15344,3/2/2025,W-012516,Indonesian,QC Inspector,Saudi Aramco,Oil & Gas,Eastern Province,Multi-Year,24,332664,160800,20448,151416,45.52
MP-2024-98572,12/1/2025,W-012518,Filipino,Pipe Fitter,SABIC,Petrochemical,Eastern Province,Multi-Year,18,129690,64872,15858,48960,37.75
MP-2025-77237,12/8/2025,W-012521,Bangladeshi,Warehouse Keeper,Royal Commission Jubail,Industrial,Eastern Province,Annual,12,66768,34992,12312,19464,29.15
MP-2025-53457,17/05/2024,W-012523,Filipino,HVAC Technician,Red Sea Global,Tourism Dev,Tabuk,Short-Term,3,19950,11508,3870,4572,22.92
MP-2024-37385,29/12/2024,W-012524,Sudanese,Scaffolder,Sadara Chemical,Petrochemical,Eastern Province,Annual,12,56352,30636,9072,16644,29.54
MP-2024-88624,10/4/2025,W-012527,Bangladeshi,Driver (Heavy),Saudi Aramco,Oil & Gas,Eastern Province,Short-Term,2,9586,5076,2318,2192,22.87
MP-2024-63083,21/10/2025,W-012529,Ethiopian,Welder,Saudi Electricity Co.,Power,Riyadh,Short-Term,1,8048,3730,1109,3209,39.87
MP-2025-61031,7/4/2024,W-012531,Saudi,Helper / Labourer,Royal Commission Jubail,Industrial,Eastern Province,Annual,12,63324,27192,3384,-6947,-10.97
MP-2024-53855,28/02/2025,W-012532,Filipino,Helper / Labourer,Ma'aden,Mining,Northern Borders,Short-Term,3,9876,4500,3069,2307,23.36
MP-2024-64461,4/1/2024,W-012535,Nepali,Industrial Painter,ROSHN,Real Estate,Riyadh,Short-Term,1,3809,1992,1256,561,14.73
MP-2025-24267,6/7/2025,W-012537,Pakistani,Industrial Painter,Ma'aden,Mining,Northern Borders,Multi-Year,24,130608,67392,18672,44544,34.11
MP-2024-89504,8/9/2025,W-012540,Indian,Scaffolder,SABIC,Petrochemical,Eastern Province,Short-Term,1,4921,2129,1172,1620,32.92
MP-2025-27046,16/06/2025,W-012543,Bangladeshi,Helper / Labourer,Royal Commission Yanbu,Industrial,Madinah,Annual,12,40848,21204,12228,7416,18.16
MP-2025-16076,15/06/2025,W-012546,Indian,Helper / Labourer,Saudi Electricity Co.,Power,Riyadh,Multi-Year,18,76698,33588,12456,30654,39.97
MP-2025-61195,11/2/2025,W-012549,Indian,Driver (Heavy),Saudi Aramco,Oil & Gas,Eastern Province,Short-Term,3,16845,6906,2430,7509,44.58
MP-2024-43295,14/12/2024,W-012551,Indian,Mechanical Technician,NEOM,Mega Project,Tabuk,Annual,12,79608,36216,12168,31224,39.22
MP-2024-91419,3/8/2024,W-012554,Sudanese,Scaffolder,Bechtel KSA,EPC Contractor,Tabuk,Short-Term,3,15921,9765,3138,3018,18.96
MP-2024-54906,1/11/2024,W-012555,Bangladeshi,Rigger,NEOM,Mega Project,Tabuk,Multi-Year,24,141696,70848,27216,43632,30.79
MP-2024-16999,14/04/2024,W-012558,Pakistani,HVAC Technician,Saudi Aramco,Oil & Gas,Eastern Province,Multi-Year,24,225096,105312,16776,103008,45.76
MP-2024-12067,8/4/2025,W-012560,Filipino,Pipe Fitter,Royal Commission Jubail,Industrial,Eastern Province,Annual,12,83484,42276,14700,26508,31.75
MP-2025-96084,30/10/2024,W-012563,Nepali,Helper / Labourer,Royal Commission Jubail,Industrial,Eastern Province,Annual,12,48336,21084,8604,18648,38.58
MP-2024-80158,9/1/2025,W-012566,Bangladeshi,Project Engineer,SABIC,Petrochemical,Eastern Province,Short-Term,1,17847,9766,1644,6437,36.07
MP-2024-32953,13/07/2024,W-012567,Indian,Helper / Labourer,Royal Commission Yanbu,Industrial,Madinah,Short-Term,2,7008,3532,2146,1330,18.98
MP-2024-63453,29/09/2025,W-012570,Indian,Heavy Equipment Operator,Saudi Aramco,Oil & Gas,Eastern Province,Annual,12,89160,43476,15828,29856,33.49
MP-2024-38299,12/11/2024,W-012573,Indonesian,Helper / Labourer,Ma'aden,Mining,Northern Borders,Short-Term,6,24390,11070,7944,5376,22.04
MP-2024-47316,4/1/2024,W-012575,Saudi,Driver (Heavy),Saudi Aramco,Oil & Gas,Eastern Province,Short-Term,6,61536,28158,2700,30678,49.85
MP-2025-81368,23/11/2025,W-012576,Bangladeshi,Scaffolder,Royal Commission Jubail,Industrial,Eastern Province,Annual,12,57084,30360,8460,18264,31.99
MP-2024-83635,8/5/2025,W-012578,Indian,Helper / Labourer,Petro Rabigh,Petrochemical,Makkah,Annual,12,42504,21408,10836,10260,24.14
MP-2024-43021,15/07/2024,W-012580,Bangladeshi,Pipe Fitter,NEOM,Mega Project,Tabuk,Annual,12,95412,47160,15888,32364,33.92
MP-2024-72707,17/08/2024,W-012581,Indian,Helper / Labourer,Saudi Electricity Co.,Power,Riyadh,Annual,12,38928,21972,8292,8664,22.26
MP-2025-76047,25/07/2024,W-012582,Indian,Pipe Fitter,ROSHN,Real Estate,Riyadh,Multi-Year,18,70848,44748,18828,7272,10.26
MP-2025-20499,27/10/2024,W-012585,Filipino,Helper / Labourer,Sadara Chemical,Petrochemical,Eastern Province,Annual,12,50472,21168,12492,16812,33.31
MP-2025-94157,25/02/2025,W-012588,Indian,Helper / Labourer,SABIC,Petrochemical,Eastern Province,Short-Term,1,3939,1837,1099,1003,25.46
MP-2024-68854,23/05/2024,W-012591,Bangladeshi,Driver (Heavy),Red Sea Global,Tourism Dev,Tabuk,Annual,12,65688,32184,8628,24876,37.87
MP-2025-60393,18/02/2024,W-012592,Filipino,Civil Engineer,Saudi Aramco,Oil & Gas,Eastern Province,Annual,12,174048,85368,17340,71340,40.99
MP-2024-36009,26/07/2024,W-012594,Pakistani,Civil Engineer,NWC,Water,Riyadh,Short-Term,2,27574,16026,2378,9170,33.26
MP-2024-70850,11/1/2024,W-012595,Yemeni,Driver (Heavy),Saudi Aramco,Oil & Gas,Eastern Province,Short-Term,6,30246,14574,4884,10788,35.67
MP-2025-27348,23/04/2025,W-012597,Filipino,Site Supervisor,Saudi Electricity Co.,Power,Riyadh,Short-Term,3,25050,14169,3273,7608,30.37
MP-2024-32111,15/08/2025,W-012599,Indian,Driver (Heavy),SABIC,Petrochemical,Eastern Province,Short-Term,1,5360,2804,690,1866,34.81
MP-2025-23318,11/2/2025,W-012601,Filipino,Warehouse Keeper,Marafiq,Utilities,Eastern Province,Annual,12,68904,37200,16032,15672,22.74
MP-2024-93763,4/4/2024,W-012603,Sri Lankan,Civil Foreman,Royal Commission Yanbu,Industrial,Madinah,Short-Term,2,15740,8306,1930,5504,34.97
MP-2025-74396,4/12/2025,W-012606,Bangladeshi,Helper / Labourer,Petro Rabigh,Petrochemical,Makkah,Short-Term,6,16110,8676,6216,1218,7.56
MP-2025-63533,30/01/2024,W-012608,Pakistani,Helper / Labourer,NWC,Water,Riyadh,Short-Term,6,19836,9762,5712,4362,21.99
MP-2024-69450,4/5/2025,W-012611,Indian,Driver (Heavy),Ma'aden,Mining,Northern Borders,Multi-Year,24,137520,81696,29352,26472,19.25
MP-2024-21056,5/11/2025,W-012612,Indian,QC Inspector,Sadara Chemical,Petrochemical,Eastern Province,Short-Term,3,35721,19320,2478,13923,38.98
MP-2025-23749,4/12/2025,W-012614,Bangladeshi,Pipe Fitter,Saudi Aramco,Oil & Gas,Eastern Province,Annual,12,91812,49044,12936,29832,32.49
MP-2025-69863,31/08/2025,W-012615,Filipino,Heavy Equipment Operator,Red Sea Global,Tourism Dev,Tabuk,Short-Term,6,43200,23376,6360,-1100,-2.55
MP-2024-53369,4/2/2024,W-012618,Nepali,Scaffolder,Saudi Kayan,Petrochemical,Eastern Province,Annual,12,75768,36084,10056,29628,39.1
MP-2024-49077,12/9/2025,W-012620,Yemeni,Safety Officer,NEOM,Mega Project,Tabuk,Short-Term,1,8811,4566,1324,2921,33.15
MP-2024-95830,27/03/2025,W-012621,Pakistani,Pipe Fitter,Petro Rabigh,Petrochemical,Makkah,Annual,12,66276,37236,14724,14316,21.6
MP-2024-90685,7/4/2025,W-012623,Bangladeshi,Welder,ROSHN,Real Estate,Riyadh,Annual,12,70608,39144,13296,18168,25.73
MP-2024-91741,11/8/2025,W-012625,Bangladeshi,HVAC Technician,Saudi Aramco,Oil & Gas,Eastern Province,Multi-Year,24,163728,84696,33504,-8134,-4.97
MP-2025-99333,20/06/2025,W-012626,Bangladeshi,Pipe Fitter,ROSHN,Real Estate,Riyadh,Short-Term,1,7273,3652,1148,2473,34
MP-2025-59930,26/09/2025,W-012628,Nepali,Civil Foreman,Saudi Aramco,Oil & Gas,Eastern Province,Short-Term,3,30942,17247,3630,10065,32.53
MP-2025-42926,5/7/2024,W-012631,Bangladeshi,Safety Officer,SABIC,Petrochemical,Eastern Province,Annual,12,125256,72012,16932,36312,28.99
MP-2024-99591,29/06/2025,W-012634,Filipino,Scaffolder,Saudi Electricity Co.,Power,Riyadh,Multi-Year,24,142560,66360,25896,50304,35.29
MP-2025-31551,23/09/2024,W-012635,Nepali,Warehouse Keeper,SABIC,Petrochemical,Eastern Province,Annual,12,90288,40932,9396,39960,44.26
MP-2025-31978,12/8/2025,W-012636,Bangladeshi,Civil Foreman,Petro Rabigh,Petrochemical,Makkah,Short-Term,6,56100,30120,4362,21618,38.53
MP-2024-83391,28/12/2025,W-012638,Pakistani,Welder,ROSHN,Real Estate,Riyadh,Annual,12,92760,44760,12828,-4013,-4.33
MP-2025-99142,21/10/2024,W-012640,Pakistani,Pipe Fitter,ROSHN,Real Estate,Riyadh,Short-Term,6,36990,23304,7644,6042,16.33
MP-2025-31602,18/02/2024,W-012641,Filipino,HVAC Technician,NEOM,Mega Project,Tabuk,Short-Term,1,5666,2755,946,1965,34.68
MP-2025-69464,20/04/2024,W-012643,Sudanese,Scaffolder,SABIC,Petrochemical,Eastern Province,Short-Term,6,43554,19446,6042,18066,41.48
MP-2024-41214,12/3/2025,W-012645,Yemeni,Welder,NWC,Water,Riyadh,Short-Term,2,12622,6630,1464,4528,35.87
MP-2024-14612,28/12/2024,W-012646,Bangladeshi,Safety Officer,NWC,Water,Riyadh,Short-Term,6,51510,31284,8280,11946,23.19
MP-2025-10881,5/10/2024,W-012648,Indian,Helper / Labourer,Ma'aden,Mining,Northern Borders,Multi-Year,24,87240,36984,32424,17832,20.44
MP-2025-64536,29/02/2024,W-012650,Yemeni,Civil Foreman,Saudi Electricity Co.,Power,Riyadh,Annual,12,95388,58164,15564,21660,22.71
MP-2025-76874,11/12/2024,W-012653,Sri Lankan,Scaffolder,ROSHN,Real Estate,Riyadh,Annual,12,54408,31092,15600,7716,14.18
MP-2025-33301,29/05/2025,W-012654,Pakistani,Safety Officer,Saudi Aramco,Oil & Gas,Eastern Province,Short-Term,3,33369,19383,5061,-517,-1.55
MP-2024-50218,16/01/2025,W-012657,Pakistani,Rigger,SABIC,Petrochemical,Eastern Province,Multi-Year,24,179280,79872,33432,65976,36.8
MP-2025-51599,11/3/2024,W-012658,Indian,Electrician,Saudi Aramco,Oil & Gas,Eastern Province,Short-Term,3,21240,10968,2175,8097,38.12
MP-2025-60570,23/08/2025,W-012661,Ethiopian,Instrument Technician,Ma'aden,Mining,Northern Borders,Multi-Year,24,205992,100152,29808,76032,36.91
MP-2025-94298,27/02/2025,W-012662,Egyptian,Pipe Fitter,Saudi Kayan,Petrochemical,Eastern Province,Multi-Year,24,178056,97320,32688,1801,1.01
MP-2024-81219,18/04/2024,W-012665,Indian,Helper / Labourer,Saudi Aramco,Oil & Gas,Eastern Province,Annual,12,52704,21924,13440,17340,32.9
MP-2024-59434,9/1/2024,W-012666,Bangladeshi,Industrial Painter,Ma'aden,Mining,Northern Borders,Short-Term,6,24900,14736,4644,5520,22.17
MP-2024-97183,11/4/2025,W-012667,Sudanese,Driver (Heavy),Ma'aden,Mining,Northern Borders,Short-Term,3,16416,8961,2256,5199,31.67
MP-2024-52655,25/05/2024,W-012670,Indian,Helper / Labourer,Saudi Kayan,Petrochemical,Eastern Province,Annual,12,40512,18348,9972,12192,30.09
MP-2024-82007,5/7/2024,W-012673,Bangladeshi,Welder,Saudi Electricity Co.,Power,Riyadh,Short-Term,2,10482,5034,2392,3056,29.15
MP-2024-13836,29/11/2024,W-012674,Indian,Civil Foreman,NEOM,Mega Project,Tabuk,Annual,12,138924,64224,16404,58296,41.96
MP-2025-96146,22/08/2025,W-012675,Nepali,Scaffolder,NEOM,Mega Project,Tabuk,Short-Term,2,10312,4910,2746,2656,25.76
MP-2024-51969,23/07/2025,W-012677,Pakistani,Pipe Fitter,Diriyah Company,Real Estate,Riyadh,Annual,12,82224,44868,9252,28104,34.18
MP-2024-12563,7/8/2025,W-012679,Pakistani,Scaffolder,Royal Commission Yanbu,Industrial,Madinah,Annual,12,69456,34272,9420,25764,37.09
MP-2025-10352,10/7/2024,W-012682,Indian,Welder,Saudi Aramco,Oil & Gas,Eastern Province,Short-Term,6,38430,17700,6138,14592,37.97
MP-2025-52844,21/05/2024,W-012685,Indonesian,Civil Engineer,Ma'aden,Mining,Northern Borders,Short-Term,1,19873,11062,905,7906,39.78
MP-2025-17115,15/07/2025,W-012686,Indian,Driver (Heavy),SABIC,Petrochemical,Eastern Province,Annual,12,84696,36588,15768,32340,38.18
MP-2025-55785,1/12/2025,W-012687,Nepali,Helper / Labourer,Petro Rabigh,Petrochemical,Makkah,Annual,12,35160,18168,12612,4380,12.46
MP-2024-36475,18/01/2024,W-012689,Saudi,Scaffolder,Saudi Electricity Co.,Power,Riyadh,Short-Term,6,52854,31260,1470,20124,38.07
MP-2024-37531,7/8/2025,W-012690,Indian,Pipe Fitter,NEOM,Mega Project,Tabuk,Annual,12,98592,44568,10932,-4764,-4.83
MP-2025-46331,31/10/2025,W-012693,Bangladeshi,Welder,Royal Commission Yanbu,Industrial,Madinah,Multi-Year,36,226224,136332,41940,47952,21.2
MP-2024-29029,11/2/2025,W-012694,Nepali,Helper / Labourer,Saudi Aramco,Oil & Gas,Eastern Province,Short-Term,3,11502,4638,2265,4599,39.98
MP-2024-25195,25/04/2024,W-012696,Bangladeshi,Pipe Fitter,SABIC,Petrochemical,Eastern Province,Short-Term,1,6859,3204,1146,2509,36.58
MP-2025-42594,21/07/2024,W-012699,Egyptian,Scaffolder,SABIC,Petrochemical,Eastern Province,Short-Term,3,15324,7416,3435,4473,29.19
MP-2025-78287,16/04/2024,W-012700,Egyptian,Scaffolder,Saudi Aramco,Oil & Gas,Eastern Province,Short-Term,6,39636,17736,4530,17370,43.82
MP-2024-85553,11/11/2025,W-012702,Ethiopian,Pipe Fitter,SABIC,Petrochemical,Eastern Province,Short-Term,6,36456,16494,8376,11586,31.78
MP-2025-18653,1/11/2025,W-012703,Sudanese,Scaffolder,Red Sea Global,Tourism Dev,Tabuk,Annual,12,55572,26148,12264,-1191,-2.14
MP-2025-25551,25/05/2024,W-012705,Indian,Civil Engineer,NEOM,Mega Project,Tabuk,Annual,12,214524,107244,11220,96060,44.78
MP-2025-19823,8/6/2024,W-012706,Indian,Mechanical Technician,Saudi Aramco,Oil & Gas,Eastern Province,Short-Term,6,36582,18744,6126,796,2.18
MP-2024-68079,28/03/2024,W-012708,Bangladeshi,Civil Foreman,Saudi Electricity Co.,Power,Riyadh,Short-Term,3,27801,14484,2190,11127,40.02
MP-2024-99712,8/10/2025,W-012711,Indian,HVAC Technician,Petro Rabigh,Petrochemical,Makkah,Short-Term,1,5573,2824,1331,1418,25.44
MP-2025-83980,17/10/2025,W-012713,Pakistani,Driver (Heavy),Sadara Chemical,Petrochemical,Eastern Province,Short-Term,3,19752,9078,2733,7941,40.2
MP-2024-42256,14/09/2024,W-012715,Yemeni,Pipe Fitter,Royal Commission Yanbu,Industrial,Madinah,Annual,12,47184,28860,8340,9984,21.16
MP-2024-15076,31/07/2024,W-012716,Sudanese,Helper / Labourer,Saudi Electricity Co.,Power,Riyadh,Short-Term,3,10221,4617,2151,3453,33.78
MP-2024-81352,14/01/2024,W-012719,Indian,Helper / Labourer,Sadara Chemical,Petrochemical,Eastern Province,Short-Term,6,18108,7908,8286,1914,10.57
MP-2025-21067,19/07/2024,W-012722,Indian,Mechanical Technician,SABIC,Petrochemical,Eastern Province,Annual,12,69444,39096,8232,22116,31.85
MP-2025-79559,9/10/2024,W-012724,Pakistani,Helper / Labourer,Saudi Aramco,Oil & Gas,Eastern Province,Annual,12,37032,15780,9432,11820,31.92
MP-2025-68565,12/3/2025,W-012727,Bangladeshi,Scaffolder,Saudi Aramco,Oil & Gas,Eastern Province,Short-Term,1,6113,2467,1253,2393,39.15
MP-2025-30523,26/03/2025,W-012729,Sudanese,Driver (Heavy),Saudi Electricity Co.,Power,Riyadh,Short-Term,3,17484,9057,3819,4608,26.36
MP-2025-12487,2/2/2024,W-012730,Saudi,Industrial Painter,Saudi Electricity Co.,Power,Riyadh,Short-Term,3,18735,11217,774,6744,36
MP-2025-97364,23/04/2025,W-012731,Sri Lankan,Welder,Royal Commission Jubail,Industrial,Eastern Province,Short-Term,2,13458,6140,1402,5916,43.96
MP-2025-85257,4/1/2024,W-012733,Pakistani,Document Controller,Saudi Aramco,Oil & Gas,Eastern Province,Annual,12,84456,43020,12312,29124,34.48
MP-2025-94749,4/9/2025,W-012735,Sri Lankan,Industrial Painter,ROSHN,Real Estate,Riyadh,Multi-Year,24,107280,64272,26232,16776,15.64
MP-2025-60098,9/9/2025,W-012738,Egyptian,Welder,Marafiq,Utilities,Eastern Province,Multi-Year,24,108528,61104,16488,30936,28.51
MP-2025-42537,26/08/2024,W-012739,Egyptian,Mechanical Technician,SABIC,Petrochemical,Eastern Province,Annual,12,93504,45972,10404,37128,39.71
MP-2024-90025,1/4/2025,W-012740,Indian,Helper / Labourer,SABIC,Petrochemical,Eastern Province,Multi-Year,24,68280,31584,24888,11808,17.29
MP-2024-23853,1/4/2024,W-012742,Indian,Pipe Fitter,Red Sea Global,Tourism Dev,Tabuk,Short-Term,3,17100,7713,4056,5331,31.18
MP-2024-40829,13/01/2025,W-012745,Egyptian,Safety Officer,Ma'aden,Mining,Northern Borders,Annual,12,138984,77772,19884,41328,29.74
MP-2024-68255,23/01/2024,W-012748,Sudanese,Instrument Technician,NEOM,Mega Project,Tabuk,Short-Term,6,44010,19620,4218,20172,45.84
MP-2025-44083,7/11/2024,W-012751,Indian,Helper / Labourer,Saudi Electricity Co.,Power,Riyadh,Multi-Year,24,85056,38712,19800,26544,31.21
MP-2025-67365,12/1/2024,W-012754,Indian,Helper / Labourer,SABIC,Petrochemical,Eastern Province,Short-Term,3,10278,4476,3816,1986,19.32
MP-2024-59840,30/07/2025,W-012755,Pakistani,Industrial Painter,Royal Commission Jubail,Industrial,Eastern Province,Annual,12,71340,36252,12300,22788,31.94
MP-2025-31672,6/9/2025,W-012758,Bangladeshi,Driver (Heavy),Saudi Aramco,Oil & Gas,Eastern Province,Annual,12,80532,32988,13836,33708,41.86
MP-2024-45013,14/02/2024,W-012761,Pakistani,HVAC Technician,SABIC,Petrochemical,Eastern Province,Annual,12,94092,48264,10992,3204,3.41
MP-2024-33203,14/05/2025,W-012763,Nepali,Helper / Labourer,NEOM,Mega Project,Tabuk,Short-Term,3,11526,4536,2985,4005,34.75
MP-2025-33819,26/10/2024,W-012766,Indian,Safety Officer,Saudi Electricity Co.,Power,Riyadh,Annual,12,120672,72660,15900,32112,26.61
MP-2025-13358,29/09/2024,W-012768,Bangladeshi,Pipe Fitter,Saudi Electricity Co.,Power,Riyadh,Short-Term,3,13197,7752,4158,1287,9.75
MP-2024-92616,20/02/2025,W-012770,Filipino,Pipe Fitter,Ma'aden,Mining,Northern Borders,Annual,12,82248,45852,12612,23784,28.92
MP-2024-90488,12/2/2024,W-012772,Indian,Scaffolder,Ma'aden,Mining,Northern Borders,Multi-Year,36,175464,102348,24012,49104,27.99
MP-2024-49308,16/03/2024,W-012773,Ethiopian,Welder,Petro Rabigh,Petrochemical,Makkah,Multi-Year,24,141216,66528,26400,48288,34.19
MP-2024-63396,20/04/2024,W-012774,Indian,HVAC Technician,Petro Rabigh,Petrochemical,Makkah,Short-Term,2,9632,5358,2134,2140,22.22
MP-2025-12874,18/06/2024,W-012776,Sri Lankan,Scaffolder,Sadara Chemical,Petrochemical,Eastern Province,Short-Term,1,5624,2863,1138,1623,28.86
MP-2025-45861,29/01/2024,W-012779,Bangladeshi,Helper / Labourer,Saudi Electricity Co.,Power,Riyadh,Annual,12,51156,22056,8388,20712,40.49
MP-2025-87928,5/7/2025,W-012782,Egyptian,QC Inspector,NEOM,Mega Project,Tabuk,Multi-Year,18,245736,127062,23922,94752,38.56
MP-2024-68045,4/10/2024,W-012784,Bangladeshi,Document Controller,Royal Commission Jubail,Industrial,Eastern Province,Multi-Year,24,226680,128112,32640,65928,29.08
MP-2024-86253,9/2/2025,W-012787,Filipino,Mechanical Technician,Marafiq,Utilities,Eastern Province,Annual,12,83424,41100,8616,33708,40.41
MP-2025-51098,6/11/2025,W-012788,Indian,Safety Officer,Diriyah Company,Real Estate,Riyadh,Annual,12,81900,47496,15120,19284,23.55
MP-2025-15831,25/12/2024,W-012789,Indian,Welder,Red Sea Global,Tourism Dev,Tabuk,Short-Term,6,39882,18366,7536,13980,35.05
MP-2025-42578,24/02/2025,W-012792,Nepali,Welder,NEOM,Mega Project,Tabuk,Short-Term,6,29946,13734,4122,12090,40.37
MP-2025-27810,1/11/2024,W-012795,Saudi,Scaffolder,Saudi Aramco,Oil & Gas,Eastern Province,Multi-Year,36,387864,160596,16344,210924,54.38
MP-2025-75208,24/02/2025,W-012796,Pakistani,Mechanical Technician,Saudi Aramco,Oil & Gas,Eastern Province,Multi-Year,24,188328,82296,24432,81600,43.33
MP-2024-84869,6/4/2025,W-012798,Egyptian,Site Supervisor,SABIC,Petrochemical,Eastern Province,Annual,12,135936,75912,12480,47544,34.98
MP-2025-63010,25/01/2025,W-012799,Yemeni,Pipe Fitter,Saudi Electricity Co.,Power,Riyadh,Annual,12,55020,29976,10812,14232,25.87
MP-2024-17038,10/1/2024,W-012802,Indonesian,Industrial Painter,Saudi Kayan,Petrochemical,Eastern Province,Short-Term,2,10356,4506,2498,3352,32.37
MP-2025-96067,30/04/2025,W-012804,Bangladeshi,Helper / Labourer,ROSHN,Real Estate,Riyadh,Annual,12,28704,16344,14184,-1824,-6.35
MP-2025-75976,14/09/2024,W-012807,Sudanese,Rigger,Worley KSA,EPC Contractor,Eastern Province,Short-Term,6,26514,13944,6222,6348,23.94
MP-2025-83246,10/5/2024,W-012808,Yemeni,Pipe Fitter,NEOM,Mega Project,Tabuk,Multi-Year,36,351828,146700,48528,156600,44.51
MP-2024-63549,26/09/2024,W-012809,Nepali,Industrial Painter,Saudi Aramco,Oil & Gas,Eastern Province,Short-Term,2,8654,3928,1644,3082,35.61
MP-2025-54846,21/08/2024,W-012811,Pakistani,Civil Foreman,Saudi Electricity Co.,Power,Riyadh,Annual,12,76248,43440,16560,16248,21.31
MP-2025-44698,10/6/2025,W-012812,Pakistani,Pipe Fitter,NEOM,Mega Project,Tabuk,Annual,12,94704,39672,11064,43968,46.43
MP-2025-16179,2/2/2024,W-012815,Indonesian,Scaffolder,Red Sea Global,Tourism Dev,Tabuk,Short-Term,3,13308,7422,2394,3492,26.24
MP-2024-28342,17/07/2024,W-012816,Indonesian,Document Controller,SABIC,Petrochemical,Eastern Province,Annual,12,115344,60372,12216,42756,37.07
MP-2024-69080,24/03/2025,W-012818,Egyptian,Scaffolder,SABIC,Petrochemical,Eastern Province,Annual,12,74304,36468,8076,29760,40.05
MP-2025-99795,22/06/2024,W-012819,Sri Lankan,Electrician,Saudi Aramco,Oil & Gas,Eastern Province,Annual,12,92436,49464,14856,28116,30.42
MP-2024-43414,2/12/2024,W-012822,Nepali,Welder,ROSHN,Real Estate,Riyadh,Annual,12,59928,30804,12324,16800,28.03
MP-2024-53387,23/08/2024,W-012824,Indian,Helper / Labourer,Petro Rabigh,Petrochemical,Makkah,Annual,12,44268,20928,14232,9108,20.57
MP-2025-76211,20/10/2024,W-012827,Sri Lankan,Helper / Labourer,Sadara Chemical,Petrochemical,Eastern Province,Short-Term,3,9840,4359,2760,2721,27.65
MP-2024-79695,3/8/2024,W-012830,Yemeni,HVAC Technician,Ma'aden,Mining,Northern Borders,Annual,12,84120,40932,8760,34428,40.93
MP-2025-41578,21/10/2025,W-012833,Indian,Heavy Equipment Operator,NWC,Water,Riyadh,Annual,12,70128,39120,11268,19740,28.15
MP-2025-86850,24/06/2025,W-012836,Egyptian,Driver (Heavy),Royal Commission Jubail,Industrial,Eastern Province,Annual,12,69960,31548,12132,26280,37.56
MP-2025-23717,7/10/2024,W-012838,Nepali,Scaffolder,SABIC,Petrochemical,Eastern Province,Multi-Year,36,198792,107820,26964,64008,32.2
MP-2024-87646,5/4/2025,W-012839,Filipino,Scaffolder,Royal Commission Jubail,Industrial,Eastern Province,Short-Term,1,6851,3379,1025,2447,35.72
MP-2024-84262,3/8/2024,W-012840,Bangladeshi,Instrument Technician,Saudi Aramco,Oil & Gas,Eastern Province,Annual,12,118800,63900,8892,46008,38.73
MP-2024-34263,23/08/2024,W-012841,Yemeni,Welder,Red Sea Global,Tourism Dev,Tabuk,Annual,12,61620,34728,15996,10896,17.68
MP-2025-60624,4/5/2024,W-012842,Filipino,Helper / Labourer,SABIC,Petrochemical,Eastern Province,Annual,12,30744,16272,14316,156,0.51
MP-2025-51854,27/10/2025,W-012843,Nepali,Welder,Ma'aden,Mining,Northern Borders,Short-Term,3,16956,7926,3675,5355,31.58
MP-2024-35557,18/11/2024,W-012845,Bangladeshi,Site Supervisor,Sadara Chemical,Petrochemical,Eastern Province,Annual,12,91824,57516,18000,16308,17.76
MP-2025-62989,5/7/2024,W-012846,Pakistani,Helper / Labourer,NWC,Water,Riyadh,Multi-Year,36,95364,56268,23940,15156,15.89
MP-2025-66734,15/11/2025,W-012848,Bangladeshi,Welder,Saudi Aramco,Oil & Gas,Eastern Province,Annual,12,89004,43992,8580,36432,40.93
MP-2024-46987,2/1/2024,W-012850,Filipino,Welder,ROSHN,Real Estate,Riyadh,Multi-Year,24,149112,82464,25008,-8520,-5.71
MP-2024-66347,5/3/2025,W-012853,Indian,Heavy Equipment Operator,Saudi Electricity Co.,Power,Riyadh,Annual,12,83292,45792,11292,26208,31.47
MP-2024-79200,27/08/2024,W-012856,Bangladeshi,Heavy Equipment Operator,Petro Rabigh,Petrochemical,Makkah,Annual,12,94500,43800,13740,36960,39.11
MP-2024-57721,1/2/2024,W-012858,Sudanese,Mechanical Technician,Sadara Chemical,Petrochemical,Eastern Province,Multi-Year,36,283896,165384,39456,79056,27.85
MP-2024-27393,17/03/2025,W-012861,Egyptian,Electrician,Saudi Kayan,Petrochemical,Eastern Province,Annual,12,94176,44364,9480,-9904,-10.52
MP-2024-84925,12/1/2025,W-012862,Indonesian,Helper / Labourer,Sadara Chemical,Petrochemical,Eastern Province,Annual,12,42768,22596,12180,7992,18.69
MP-2024-97944,21/05/2024,W-012864,Pakistani,Safety Officer,Royal Commission Jubail,Industrial,Eastern Province,Short-Term,6,39504,25146,8886,5472,13.85
MP-2024-67113,29/09/2024,W-012865,Indian,Safety Officer,Ma'aden,Mining,Northern Borders,Annual,12,76152,48012,17700,10440,13.71
MP-2025-58030,29/09/2024,W-012866,Indian,Heavy Equipment Operator,Red Sea Global,Tourism Dev,Tabuk,Annual,12,89136,51600,11712,25824,28.97
MP-2024-85756,24/05/2024,W-012867,Yemeni,Industrial Painter,Royal Commission Yanbu,Industrial,Madinah,Annual,12,47748,23064,8376,16308,34.15
MP-2025-63740,8/10/2024,W-012868,Bangladeshi,Scaffolder,Saudi Aramco,Oil & Gas,Eastern Province,Multi-Year,36,262980,122004,48240,92736,35.26
MP-2025-10662,29/02/2024,W-012869,Bangladeshi,Rigger,Marafiq,Utilities,Eastern Province,Annual,12,54060,30684,11868,11508,21.29
MP-2025-19501,2/2/2025,W-012872,Sri Lankan,Helper / Labourer,Saudi Electricity Co.,Power,Riyadh,Annual,12,31296,16020,12864,2412,7.71
MP-2024-21988,28/04/2024,W-012875,Pakistani,Welder,SABIC,Petrochemical,Eastern Province,Annual,12,98064,41904,13716,42444,43.28
MP-2025-20599,14/02/2024,W-012878,Pakistani,Civil Engineer,Saudi Kayan,Petrochemical,Eastern Province,Annual,12,208332,133248,10248,64836,31.12
MP-2025-87810,17/11/2024,W-012881,Indian,Site Supervisor,SABIC,Petrochemical,Eastern Province,Annual,12,148500,89568,15420,43512,29.3
MP-2025-48408,20/08/2024,W-012884,Indian,Civil Foreman,Saudi Electricity Co.,Power,Riyadh,Annual,12,111636,59196,11508,40932,36.67
MP-2025-46572,28/04/2025,W-012885,Bangladeshi,Helper / Labourer,NWC,Water,Riyadh,Annual,12,33492,19308,12072,2112,6.31
MP-2024-37946,13/03/2024,W-012886,Pakistani,Welder,Sadara Chemical,Petrochemical,Eastern Province,Annual,12,70116,38124,9444,22548,32.16
MP-2025-37962,3/1/2025,W-012888,Pakistani,Helper / Labourer,Royal Commission Yanbu,Industrial,Madinah,Short-Term,2,5444,3104,2594,-254,-4.67
MP-2025-15101,15/03/2025,W-012890,Indian,Heavy Equipment Operator,Worley KSA,EPC Contractor,Eastern Province,Multi-Year,24,200376,107424,25440,67512,33.69
MP-2025-39864,26/01/2025,W-012893,Saudi,Electrician,Marafiq,Utilities,Eastern Province,Annual,12,112140,55068,5652,51420,45.85
MP-2025-57199,4/4/2025,W-012896,Pakistani,Welder,Bechtel KSA,EPC Contractor,Tabuk,Short-Term,6,31458,14952,6576,9930,31.57
MP-2025-52539,19/04/2024,W-012897,Bangladeshi,HVAC Technician,Diriyah Company,Real Estate,Riyadh,Annual,12,87852,44160,8700,34992,39.83
MP-2024-70646,3/6/2025,W-012899,Indian,Document Controller,Saudi Aramco,Oil & Gas,Eastern Province,Short-Term,3,27900,14724,2826,10350,37.1
MP-2024-32045,11/10/2025,W-012900,Bangladeshi,QC Inspector,Marafiq,Utilities,Eastern Province,Short-Term,3,30018,19515,2937,-503,-1.68
MP-2024-33886,24/03/2025,W-012902,Sudanese,Driver (Heavy),Sadara Chemical,Petrochemical,Eastern Province,Multi-Year,18,85320,43578,22662,19080,22.36
MP-2024-51878,23/04/2024,W-012904,Indian,HVAC Technician,SABIC,Petrochemical,Eastern Province,Multi-Year,24,177864,81408,21720,74736,42.02
MP-2024-74528,12/4/2024,W-012906,Egyptian,Helper / Labourer,Saudi Electricity Co.,Power,Riyadh,Annual,12,48576,22296,13104,13176,27.12
MP-2024-40225,13/11/2025,W-012907,Indian,Site Supervisor,SABIC,Petrochemical,Eastern Province,Annual,12,107712,61788,17868,28056,26.05
MP-2024-10393,11/10/2024,W-012909,Indian,Welder,SABIC,Petrochemical,Eastern Province,Short-Term,6,43884,19908,4188,19788,45.09
MP-2024-39016,31/10/2025,W-012911,Yemeni,Safety Officer,Saudi Aramco,Oil & Gas,Eastern Province,Annual,12,114792,56808,19980,38004,33.11
MP-2025-29203,16/02/2024,W-012913,Bangladeshi,Welder,Saudi Electricity Co.,Power,Riyadh,Annual,12,72696,44460,7968,20268,27.88
MP-2024-19658,13/07/2025,W-012915,Egyptian,Mechanical Technician,Saudi Aramco,Oil & Gas,Eastern Province,Annual,12,82080,39396,10200,32484,39.58
MP-2024-96797,17/07/2024,W-012918,Yemeni,Electrician,Diriyah Company,Real Estate,Riyadh,Multi-Year,24,112824,63336,23856,25632,22.72
MP-2024-53800,1/12/2024,W-012919,Indian,QC Inspector,Royal Commission Yanbu,Industrial,Madinah,Short-Term,2,24174,14904,1868,7402,30.62
MP-2025-23863,15/04/2025,W-012922,Pakistani,Civil Foreman,ROSHN,Real Estate,Riyadh,Annual,12,104256,59184,9768,35304,33.86
MP-2025-22484,12/3/2024,W-012923,Egyptian,Welder,Saudi Aramco,Oil & Gas,Eastern Province,Multi-Year,36,237060,127512,29988,79560,33.56
MP-2025-76903,16/09/2024,W-012924,Indian,Driver (Heavy),Saudi Aramco,Oil & Gas,Eastern Province,Annual,12,79404,33864,13344,-7382,-9.3
MP-2025-69839,8/12/2024,W-012927,Filipino,Site Supervisor,Saudi Electricity Co.,Power,Riyadh,Multi-Year,24,198960,114312,32856,51792,26.03
MP-2024-61805,17/02/2024,W-012928,Indonesian,Scaffolder,Red Sea Global,Tourism Dev,Tabuk,Multi-Year,18,104400,58302,16704,29394,28.16
MP-2024-43532,18/04/2025,W-012930,Yemeni,HVAC Technician,Saudi Aramco,Oil & Gas,Eastern Province,Multi-Year,18,100098,49752,13896,36450,36.41
MP-2024-33715,12/7/2024,W-012932,Egyptian,Pipe Fitter,ROSHN,Real Estate,Riyadh,Annual,12,68196,43056,15960,9180,13.46
MP-2024-78452,9/8/2025,W-012934,Egyptian,Rigger,NEOM,Mega Project,Tabuk,Annual,12,93012,42432,9708,40872,43.94
MP-2024-87141,16/11/2024,W-012937,Egyptian,HVAC Technician,Saudi Electricity Co.,Power,Riyadh,Annual,12,62832,33240,8196,2127,3.39
MP-2025-40976,5/5/2025,W-012940,Egyptian,HVAC Technician,Saudi Kayan,Petrochemical,Eastern Province,Short-Term,3,19395,11088,3993,4314,22.24
MP-2024-76724,9/10/2024,W-012942,Saudi,Electrician,Saudi Aramco,Oil & Gas,Eastern Province,Short-Term,6,61206,29004,1368,30834,50.38
MP-2024-90614,28/10/2024,W-012945,Indian,Warehouse Keeper,Bechtel KSA,EPC Contractor,Tabuk,Short-Term,2,8290,4966,1718,1606,19.37
MP-2024-27259,21/06/2025,W-012948,Indian,Industrial Painter,NWC,Water,Riyadh,Annual,12,52500,31476,7896,13128,25.01
MP-2024-26722,6/2/2024,W-012951,Indian,Welder,NWC,Water,Riyadh,Annual,12,49644,30600,14256,4788,9.64
MP-2024-23531,6/9/2024,W-012953,Egyptian,Welder,Royal Commission Jubail,Industrial,Eastern Province,Short-Term,1,6196,2869,955,2372,38.28
MP-2024-99414,28/02/2024,W-012955,Egyptian,Safety Officer,NWC,Water,Riyadh,Annual,12,96132,60492,16332,19308,20.08
MP-2024-27304,13/03/2024,W-012958,Indian,Pipe Fitter,ROSHN,Real Estate,Riyadh,Annual,12,90636,47880,14484,28272,31.19
MP-2025-89707,11/2/2024,W-012959,Filipino,Project Engineer,SABIC,Petrochemical,Eastern Province,Multi-Year,18,319248,172476,27144,119628,37.47
MP-2024-91276,31/01/2025,W-012961,Indian,Civil Foreman,Royal Commission Yanbu,Industrial,Madinah,Short-Term,1,6886,4549,692,1645,23.89
MP-2025-64746,6/2/2025,W-012963,Indonesian,Driver (Heavy),Saudi Aramco,Oil & Gas,Eastern Province,Short-Term,3,19788,10506,3102,6180,31.23
MP-2025-17922,6/11/2024,W-012966,Pakistani,Helper / Labourer,SABIC,Petrochemical,Eastern Province,Annual,12,40152,18780,16620,4752,11.84
MP-2024-39454,4/8/2025,W-012968,Pakistani,Electrician,ROSHN,Real Estate,Riyadh,Short-Term,2,9304,5692,1502,2110,22.68
MP-2024-21594,29/10/2024,W-012969,Pakistani,Helper / Labourer,Red Sea Global,Tourism Dev,Tabuk,Multi-Year,24,97632,44760,21360,31512,32.28
MP-2024-99021,11/6/2025,W-012972,Nepali,Project Engineer,NEOM,Mega Project,Tabuk,Annual,12,337728,167016,16704,154008,45.6
MP-2025-29335,16/10/2025,W-012973,Egyptian,Warehouse Keeper,Diriyah Company,Real Estate,Riyadh,Annual,12,67392,38388,9780,19224,28.53
MP-2024-27560,15/10/2024,W-012975,Saudi,Pipe Fitter,Sadara Chemical,Petrochemical,Eastern Province,Short-Term,6,56550,25392,2862,-5317,-9.4
MP-2024-20313,24/12/2025,W-012977,Yemeni,Heavy Equipment Operator,Saudi Electricity Co.,Power,Riyadh,Annual,12,88536,49128,12000,27408,30.96
MP-2025-75454,4/12/2024,W-012979,Bangladeshi,HVAC Technician,Diriyah Company,Real Estate,Riyadh,Multi-Year,24,180456,103320,19920,57216,31.71
MP-2025-45501,6/2/2025,W-012981,Indonesian,Safety Officer,Ma'aden,Mining,Northern Borders,Multi-Year,18,170496,89334,16758,64404,37.77
MP-2025-58488,23/01/2024,W-012984,Nepali,Welder,Sadara Chemical,Petrochemical,Eastern Province,Multi-Year,24,158928,72312,18936,67680,42.59
MP-2024-52348,15/01/2025,W-012987,Bangladeshi,Electrician,Saudi Electricity Co.,Power,Riyadh,Short-Term,2,10946,5252,1714,3980,36.36
MP-2024-44825,4/7/2024,W-012989,Indian,Helper / Labourer,Saudi Aramco,Oil & Gas,Eastern Province,Annual,12,40836,17508,9564,13764,33.71
MP-2024-64454,29/04/2024,W-012991,Egyptian,Driver (Heavy),SABIC,Petrochemical,Eastern Province,Multi-Year,36,201636,107748,44208,49680,24.64
MP-2024-13930,30/06/2025,W-012994,Nepali,Pipe Fitter,NWC,Water,Riyadh,Multi-Year,24,102624,63744,22224,16656,16.23
MP-2024-83004,14/10/2024,W-012996,Indian,Electrician,Bechtel KSA,EPC Contractor,Tabuk,Short-Term,2,14398,6846,2496,5056,35.12
MP-2025-16371,25/04/2024,W-012998,Indian,Site Supervisor,Petro Rabigh,Petrochemical,Makkah,Multi-Year,18,203724,118350,20394,64980,31.9
MP-2024-39171,31/03/2025,W-013000,Bangladeshi,Civil Foreman,Saudi Electricity Co.,Power,Riyadh,Short-Term,2,12152,7974,1718,212,1.74
MP-2025-29988,25/03/2025,W-013003,Indian,Warehouse Keeper,Sadara Chemical,Petrochemical,Eastern Province,Annual,12,68868,39864,8028,20976,30.46
MP-2024-26780,8/3/2024,W-013005,Indian,Mechanical Technician,Saudi Kayan,Petrochemical,Eastern Province,Short-Term,3,15579,8559,4128,2892,18.56
MP-2024-38523,11/2/2025,W-013008,Sudanese,HVAC Technician,Ma'aden,Mining,Northern Borders,Short-Term,1,5235,2957,1117,1161,22.18
MP-2024-77908,4/2/2025,W-013009,Sri Lankan,Welder,ROSHN,Real Estate,Riyadh,Annual,12,69972,38520,10020,21432,30.63
MP-2025-90657,26/12/2024,W-013012,Nepali,Warehouse Keeper,Saudi Aramco,Oil & Gas,Eastern Province,Short-Term,3,17580,8154,3960,5466,31.09
MP-2024-10186,21/10/2024,W-013014,Yemeni,HVAC Technician,Royal Commission Yanbu,Industrial,Madinah,Annual,12,63996,36000,8964,19032,29.74
MP-2024-76489,24/12/2024,W-013015,Bangladeshi,Welder,Saudi Aramco,Oil & Gas,Eastern Province,Multi-Year,18,113076,54324,18414,40338,35.67
MP-2024-36201,25/01/2025,W-013016,Indian,Instrument Technician,Saudi Aramco,Oil & Gas,Eastern Province,Short-Term,6,50796,22266,6948,21582,42.49
MP-2024-21749,19/05/2025,W-013019,Sudanese,QC Inspector,Marafiq,Utilities,Eastern Province,Annual,12,114636,71556,14280,28800,25.12
MP-2025-44426,14/05/2024,W-013020,Indian,Site Supervisor,SABIC,Petrochemical,Eastern Province,Annual,12,118836,59496,20100,39240,33.02
MP-2024-89616,26/10/2024,W-013022,Ethiopian,Electrician,Worley KSA,EPC Contractor,Eastern Province,Multi-Year,24,187992,95112,27936,64944,34.55
MP-2024-56365,18/02/2025,W-013023,Pakistani,Helper / Labourer,ROSHN,Real Estate,Riyadh,Multi-Year,24,61392,36552,22608,2232,3.64
MP-2025-42065,9/3/2024,W-013026,Indian,Welder,Saudi Electricity Co.,Power,Riyadh,Annual,12,66732,31692,7860,27180,40.73
MP-2024-83254,8/11/2024,W-013027,Nepali,Electrician,Saudi Aramco,Oil & Gas,Eastern Province,Annual,12,74472,36216,11412,2222,2.98
MP-2025-40046,7/8/2025,W-013030,Bangladeshi,Industrial Painter,Saudi Aramco,Oil & Gas,Eastern Province,Annual,12,63624,34188,10668,18768,29.5
MP-2024-92078,6/11/2025,W-013031,Pakistani,Mechanical Technician,Diriyah Company,Real Estate,Riyadh,Short-Term,6,49134,25998,5382,17754,36.13
MP-2024-85527,19/01/2025,W-013034,Ethiopian,Civil Foreman,Saudi Electricity Co.,Power,Riyadh,Annual,12,102372,66144,15036,21192,20.7
MP-2024-43242,21/06/2024,W-013036,Saudi,Rigger,Saudi Aramco,Oil & Gas,Eastern Province,Multi-Year,36,282024,149436,11088,121500,43.08
MP-2024-66360,27/09/2025,W-013038,Bangladeshi,Civil Foreman,Saudi Electricity Co.,Power,Riyadh,Short-Term,6,43680,28116,5820,9744,22.31
MP-2024-20473,8/9/2025,W-013039,Indian,Rigger,Red Sea Global,Tourism Dev,Tabuk,Short-Term,3,23427,10239,3153,10035,42.84
MP-2025-56191,30/08/2024,W-013042,Indonesian,Civil Engineer,Red Sea Global,Tourism Dev,Tabuk,Multi-Year,24,340872,192360,33672,114840,33.69
MP-2025-34690,1/2/2024,W-013045,Nepali,Helper / Labourer,ROSHN,Real Estate,Riyadh,Short-Term,1,2420,1387,1090,-57,-2.36
MP-2024-55757,12/5/2025,W-013047,Pakistani,Scaffolder,ROSHN,Real Estate,Riyadh,Annual,12,44712,28776,8244,7692,17.2
MP-2025-61857,9/11/2024,W-013049,Filipino,Helper / Labourer,Ma'aden,Mining,Northern Borders,Short-Term,3,11826,4968,3942,2916,24.66
MP-2024-60548,21/12/2024,W-013051,Nepali,Welder,Saudi Kayan,Petrochemical,Eastern Province,Short-Term,3,14466,7773,2445,4248,29.37
MP-2025-45703,1/8/2025,W-013053,Filipino,Site Supervisor,Saudi Electricity Co.,Power,Riyadh,Short-Term,6,60876,38700,8790,13386,21.99
MP-2024-16494,12/12/2025,W-013055,Filipino,HVAC Technician,SABIC,Petrochemical,Eastern Province,Short-Term,2,13990,7104,2312,4574,32.69
MP-2024-20271,17/11/2024,W-013058,Pakistani,Heavy Equipment Operator,Saudi Kayan,Petrochemical,Eastern Province,Multi-Year,24,172584,93624,20664,58296,33.78
MP-2024-49129,4/12/2024,W-013060,Yemeni,Civil Engineer,SABIC,Petrochemical,Eastern Province,Short-Term,3,61581,32784,3297,25500,41.41
MP-2024-89621,5/9/2024,W-013063,Indonesian,Scaffolder,NEOM,Mega Project,Tabuk,Short-Term,6,47310,19398,5088,22824,48.24
MP-2024-29150,17/08/2024,W-013064,Filipino,Instrument Technician,Saudi Aramco,Oil & Gas,Eastern Province,Annual,12,110088,58368,12984,38736,35.19
MP-2025-23075,12/9/2024,W-013065,Indian,Welder,Petro Rabigh,Petrochemical,Makkah,Annual,12,60216,28884,8832,22500,37.37
MP-2024-72774,30/11/2024,W-013067,Sri Lankan,Instrument Technician,SABIC,Petrochemical,Eastern Province,Annual,12,112092,60048,12048,39996,35.68
MP-2024-14887,7/9/2024,W-013068,Indian,Scaffolder,Saudi Electricity Co.,Power,Riyadh,Short-Term,1,4373,2208,1075,1090,24.93
MP-2024-56631,19/04/2024,W-013069,Egyptian,Scaffolder,Petro Rabigh,Petrochemical,Makkah,Short-Term,3,19146,9630,3288,6228,32.53
MP-2025-92313,24/11/2025,W-013071,Saudi,Heavy Equipment Operator,Saudi Electricity Co.,Power,Riyadh,Multi-Year,24,292104,162480,7344,122280,41.86
MP-2025-61976,1/2/2025,W-013072,Indian,Scaffolder,NEOM,Mega Project,Tabuk,Annual,12,79908,38868,9456,31584,39.53
MP-2024-97916,18/05/2024,W-013073,Yemeni,Pipe Fitter,Saudi Electricity Co.,Power,Riyadh,Short-Term,3,14016,8322,2628,3066,21.88
MP-2025-76117,10/12/2025,W-013076,Sudanese,Industrial Painter,Royal Commission Yanbu,Industrial,Madinah,Multi-Year,18,100332,46134,24516,29682,29.58
MP-2024-84590,14/10/2024,W-013078,Egyptian,Site Supervisor,Saudi Aramco,Oil & Gas,Eastern Province,Multi-Year,18,244890,115920,22014,106956,43.68
MP-2025-44536,11/7/2024,W-013079,Pakistani,Helper / Labourer,Saudi Aramco,Oil & Gas,Eastern Province,Short-Term,3,11559,5604,3783,2172,18.79
MP-2025-65328,4/2/2025,W-013081,Indian,Helper / Labourer,Diriyah Company,Real Estate,Riyadh,Annual,12,38004,21060,9000,7944,20.9
MP-2024-11221,19/05/2024,W-013082,Indian,Industrial Painter,Worley KSA,EPC Contractor,Eastern Province,Short-Term,1,3842,2176,840,826,21.5
MP-2024-26102,17/11/2025,W-013084,Sudanese,Electrician,Royal Commission Yanbu,Industrial,Madinah,Annual,12,82500,40932,13284,28284,34.28
MP-2025-42653,28/02/2024,W-013085,Pakistani,Industrial Painter,Saudi Aramco,Oil & Gas,Eastern Province,Multi-Year,24,168696,71808,25608,71280,42.25
MP-2025-32364,28/08/2024,W-013086,Indian,HVAC Technician,NWC,Water,Riyadh,Short-Term,2,12548,7144,2720,2684,21.39
MP-2024-21910,10/4/2025,W-013089,Indian,Pipe Fitter,Royal Commission Yanbu,Industrial,Madinah,Short-Term,3,15297,7515,3576,4206,27.5
MP-2025-96580,13/07/2025,W-013091,Egyptian,Site Supervisor,Royal Commission Yanbu,Industrial,Madinah,Annual,12,129816,76896,19032,33888,26.1
MP-2024-44564,21/02/2024,W-013093,Pakistani,Heavy Equipment Operator,NEOM,Mega Project,Tabuk,Multi-Year,24,214032,101280,18264,94488,44.15
MP-2024-33577,8/6/2024,W-013095,Filipino,Helper / Labourer,NEOM,Mega Project,Tabuk,Annual,12,46404,18372,10332,17700,38.14
MP-2024-42427,12/5/2025,W-013096,Nepali,Mechanical Technician,Royal Commission Jubail,Industrial,Eastern Province,Short-Term,2,10096,5998,2768,1330,13.17
MP-2025-77307,12/2/2024,W-013097,Nepali,Site Supervisor,NEOM,Mega Project,Tabuk,Multi-Year,18,247698,117162,29790,100746,40.67
MP-2024-73534,25/10/2024,W-013100,Indian,QC Inspector,SABIC,Petrochemical,Eastern Province,Short-Term,1,11462,6140,1049,4273,37.28
MP-2025-24338,20/05/2025,W-013101,Indian,Pipe Fitter,Ma'aden,Mining,Northern Borders,Annual,12,61488,34296,11892,15300,24.88
MP-2025-47914,2/6/2024,W-013102,Indian,Pipe Fitter,Red Sea Global,Tourism Dev,Tabuk,Annual,12,75348,34428,11244,29676,39.39
MP-2024-10197,9/12/2025,W-013105,Sudanese,Scaffolder,SABIC,Petrochemical,Eastern Province,Short-Term,1,5470,2427,1024,2019,36.91
MP-2025-11539,4/10/2024,W-013107,Indian,Pipe Fitter,Saudi Kayan,Petrochemical,Eastern Province,Annual,12,72000,36960,10944,24096,33.47
MP-2025-75121,20/09/2024,W-013110,Egyptian,Pipe Fitter,Saudi Electricity Co.,Power,Riyadh,Annual,12,67356,32256,14472,20628,30.63
MP-2025-34246,8/4/2025,W-013112,Bangladeshi,Helper / Labourer,Saudi Aramco,Oil & Gas,Eastern Province,Annual,12,37476,16704,15768,5004,13.35
MP-2024-28580,11/9/2025,W-013113,Indian,Industrial Painter,Diriyah Company,Real Estate,Riyadh,Short-Term,6,21864,13458,8058,348,1.59
MP-2025-38621,13/02/2024,W-013114,Filipino,Electrician,Red Sea Global,Tourism Dev,Tabuk,Annual,12,67140,36504,13812,16824,25.06
MP-2025-32591,29/09/2025,W-013117,Pakistani,Helper / Labourer,SABIC,Petrochemical,Eastern Province,Annual,12,37044,16152,13416,-1374,-3.71
MP-2025-22726,18/07/2024,W-013118,Egyptian,Scaffolder,NEOM,Mega Project,Tabuk,Multi-Year,18,94878,42876,23184,28818,30.37
MP-2024-18419,19/10/2025,W-013119,Indian,Pipe Fitter,NWC,Water,Riyadh,Short-Term,1,5213,3070,1147,996,19.11
MP-2025-80559,6/6/2024,W-013121,Filipino,Heavy Equipment Operator,Worley KSA,EPC Contractor,Eastern Province,Short-Term,1,5684,2987,1048,1649,29.01
MP-2024-61047,12/11/2024,W-013123,Egyptian,Helper / Labourer,Red Sea Global,Tourism Dev,Tabuk,Short-Term,3,10248,4221,4011,2016,19.67
MP-2025-42053,17/11/2024,W-013126,Pakistani,Helper / Labourer,Saudi Electricity Co.,Power,Riyadh,Annual,12,44448,22404,10596,11448,25.76
MP-2025-26947,10/8/2024,W-013128,Nepali,Welder,Saudi Aramco,Oil & Gas,Eastern Province,Multi-Year,24,116616,59664,15912,41040,35.19
MP-2024-47266,16/06/2024,W-013131,Pakistani,Scaffolder,Bechtel KSA,EPC Contractor,Tabuk,Short-Term,3,21438,9939,3228,8271,38.58
MP-2024-21802,27/04/2025,W-013134,Bangladeshi,Helper / Labourer,Saudi Electricity Co.,Power,Riyadh,Annual,12,43164,22632,14016,6516,15.1
MP-2024-77330,16/12/2025,W-013135,Indian,Heavy Equipment Operator,Saudi Aramco,Oil & Gas,Eastern Province,Multi-Year,36,282852,127368,43524,111960,39.58
MP-2024-10705,22/12/2024,W-013136,Egyptian,Heavy Equipment Operator,SABIC,Petrochemical,Eastern Province,Annual,12,91164,52452,13488,25224,27.67
MP-2024-45409,7/9/2024,W-013139,Sri Lankan,Heavy Equipment Operator,Saudi Aramco,Oil & Gas,Eastern Province,Annual,12,112476,48480,15384,48612,43.22
MP-2024-17817,6/4/2025,W-013141,Filipino,Mechanical Technician,Royal Commission Yanbu,Industrial,Madinah,Annual,12,112764,56004,9396,47364,42
MP-2024-75745,16/09/2025,W-013143,Nepali,Driver (Heavy),SABIC,Petrochemical,Eastern Province,Multi-Year,36,222624,124560,32472,65592,29.46
MP-2025-33204,11/2/2025,W-013145,Indian,Mechanical Technician,Sadara Chemical,Petrochemical,Eastern Province,Annual,12,58572,33624,9192,15756,26.9
MP-2024-36361,19/08/2024,W-013148,Filipino,Welder,NEOM,Mega Project,Tabuk,Annual,12,94152,45036,9480,39636,42.1
MP-2024-79252,3/5/2025,W-013150,Egyptian,Helper / Labourer,NWC,Water,Riyadh,Short-Term,3,8172,4788,2049,1335,16.34
MP-2025-86284,20/06/2024,W-013151,Nepali,Civil Engineer,Ma'aden,Mining,Northern Borders,Multi-Year,24,304512,197688,22368,84456,27.73
MP-2025-25306,16/04/2025,W-013154,Nepali,Electrician,NEOM,Mega Project,Tabuk,Annual,12,87072,43356,14040,29676,34.08
MP-2025-33356,22/11/2025,W-013155,Ethiopian,Helper / Labourer,Saudi Aramco,Oil & Gas,Eastern Province,Annual,12,47856,18252,11388,18216,38.06
MP-2024-90168,28/12/2024,W-013158,Sudanese,Pipe Fitter,Saudi Electricity Co.,Power,Riyadh,Short-Term,6,43602,20808,4632,18162,41.65
MP-2025-97970,21/03/2025,W-013161,Nepali,Helper / Labourer,Royal Commission Jubail,Industrial,Eastern Province,Multi-Year,18,60588,28206,13626,18756,30.96
MP-2025-87367,7/11/2024,W-013162,Egyptian,Civil Foreman,Saudi Electricity Co.,Power,Riyadh,Short-Term,1,8655,4883,880,2892,33.41
MP-2025-83288,26/12/2024,W-013165,Filipino,Civil Foreman,Saudi Electricity Co.,Power,Riyadh,Short-Term,6,42498,23904,6168,12426,29.24
MP-2025-70560,5/9/2024,W-013167,Sudanese,Instrument Technician,ROSHN,Real Estate,Riyadh,Short-Term,6,46290,26604,8388,11298,24.41
MP-2024-44763,23/10/2024,W-013169,Indian,Safety Officer,Red Sea Global,Tourism Dev,Tabuk,Annual,12,93336,58380,20604,14352,15.38
MP-2024-31499,12/2/2025,W-013170,Saudi,Welder,Saudi Electricity Co.,Power,Riyadh,Annual,12,119472,61524,3588,54360,45.5
MP-2025-78168,16/04/2024,W-013171,Indian,Driver (Heavy),NEOM,Mega Project,Tabuk,Short-Term,1,5487,2662,1261,1564,28.5
MP-2025-44329,18/04/2024,W-013174,Pakistani,Document Controller,SABIC,Petrochemical,Eastern Province,Short-Term,3,30198,15231,2055,12912,42.76
MP-2025-61167,26/11/2025,W-013176,Indian,Driver (Heavy),Royal Commission Jubail,Industrial,Eastern Province,Annual,12,64836,29820,16356,18660,28.78
MP-2024-83132,24/09/2024,W-013179,Indian,Mechanical Technician,NEOM,Mega Project,Tabuk,Multi-Year,24,190608,87936,24648,78024,40.93
MP-2024-95672,1/5/2024,W-013182,Bangladeshi,Industrial Painter,ROSHN,Real Estate,Riyadh,Short-Term,1,4444,2657,929,858,19.31
MP-2024-40267,4/10/2024,W-013184,Pakistani,Site Supervisor,Saudi Aramco,Oil & Gas,Eastern Province,Annual,12,106164,55560,17232,33372,31.43
MP-2025-59050,17/06/2024,W-013186,Indonesian,Industrial Painter,Royal Commission Jubail,Industrial,Eastern Province,Short-Term,3,18237,8976,2931,6330,34.71
MP-2025-65767,1/7/2024,W-013187,Indonesian,Pipe Fitter,ROSHN,Real Estate,Riyadh,Short-Term,2,15278,8154,1742,5382,35.23
MP-2025-75392,10/11/2024,W-013189,Sri Lankan,Electrician,SABIC,Petrochemical,Eastern Province,Annual,12,73848,39684,11736,22428,30.37
MP-2024-80041,18/08/2024,W-013191,Indian,Helper / Labourer,Bechtel KSA,EPC Contractor,Tabuk,Short-Term,3,7887,4293,3816,-222,-2.81
MP-2024-10435,12/9/2024,W-013193,Indian,Pipe Fitter,Saudi Aramco,Oil & Gas,Eastern Province,Multi-Year,36,232812,101736,27252,103824,44.6
MP-2025-30585,11/3/2025,W-013195,Filipino,Heavy Equipment Operator,SABIC,Petrochemical,Eastern Province,Short-Term,3,23241,12246,2682,8313,35.77
MP-2025-32323,28/11/2025,W-013197,Indian,Helper / Labourer,Saudi Aramco,Oil & Gas,Eastern Province,Short-Term,6,19830,8982,4278,308,1.55
MP-2024-79349,14/10/2025,W-013198,Pakistani,Safety Officer,SABIC,Petrochemical,Eastern Province,Annual,12,93132,54324,13872,24936,26.77
MP-2024-49002,24/03/2025,W-013201,Egyptian,Helper / Labourer,Sadara Chemical,Petrochemical,Eastern Province,Multi-Year,36,108504,49356,42372,16776,15.46
MP-2025-36140,23/09/2024,W-013203,Yemeni,Safety Officer,Saudi Aramco,Oil & Gas,Eastern Province,Short-Term,6,56712,31458,5580,19674,34.69
MP-2024-18997,5/12/2025,W-013204,Pakistani,Rigger,Marafiq,Utilities,Eastern Province,Multi-Year,36,260532,136728,37080,86724,33.29
MP-2024-56219,27/06/2024,W-013206,Filipino,Pipe Fitter,SABIC,Petrochemical,Eastern Province,Annual,12,69456,32772,10620,26064,37.53
MP-2025-63555,30/11/2024,W-013209,Indian,Electrician,SABIC,Petrochemical,Eastern Province,Multi-Year,18,103176,50274,13158,39744,38.52
MP-2025-34640,26/10/2024,W-013211,Yemeni,Instrument Technician,Diriyah Company,Real Estate,Riyadh,Annual,12,78384,48852,15084,14448,18.43
MP-2024-50683,17/08/2024,W-013212,Sudanese,Pipe Fitter,ROSHN,Real Estate,Riyadh,Short-Term,3,18702,10596,4137,3969,21.22
MP-2024-14840,24/04/2024,W-013213,Filipino,Heavy Equipment Operator,Ma'aden,Mining,Northern Borders,Annual,12,80580,45072,16176,19332,23.99
MP-2024-22478,22/12/2025,W-013214,Filipino,Industrial Painter,Ma'aden,Mining,Northern Borders,Multi-Year,24,123960,64344,28848,30768,24.82
MP-2025-91166,17/11/2025,W-013217,Egyptian,Civil Foreman,Saudi Electricity Co.,Power,Riyadh,Annual,12,127632,68304,15804,43524,34.1
MP-2025-78144,9/5/2024,W-013220,Egyptian,Helper / Labourer,Saudi Aramco,Oil & Gas,Eastern Province,Short-Term,3,11922,5241,3162,3519,29.52
MP-2024-28043,2/11/2024,W-013223,Filipino,Rigger,Marafiq,Utilities,Eastern Province,Annual,12,47268,29172,10752,7344,15.54
MP-2025-44431,2/12/2024,W-013224,Sudanese,Helper / Labourer,SABIC,Petrochemical,Eastern Province,Annual,12,48144,21888,11316,14940,31.03
MP-2024-33884,10/8/2024,W-013227,Indian,Heavy Equipment Operator,Sadara Chemical,Petrochemical,Eastern Province,Annual,12,94368,45180,13008,36180,38.34
MP-2025-80617,22/03/2024,W-013229,Indonesian,Electrician,Saudi Aramco,Oil & Gas,Eastern Province,Multi-Year,24,210000,100392,25992,83616,39.82
MP-2024-83436,11/3/2025,W-013231,Filipino,Scaffolder,Royal Commission Jubail,Industrial,Eastern Province,Short-Term,3,17859,9126,1998,6735,37.71
MP-2024-97678,22/11/2024,W-013232,Indian,Industrial Painter,Royal Commission Jubail,Industrial,Eastern Province,Short-Term,6,26460,13134,3948,9378,35.44
MP-2024-85170,30/04/2025,W-013234,Indian,Driver (Heavy),Sadara Chemical,Petrochemical,Eastern Province,Short-Term,3,11796,6777,3144,1875,15.9
MP-2024-75835,5/5/2024,W-013235,Pakistani,Welder,Saudi Aramco,Oil & Gas,Eastern Province,Short-Term,3,14232,7593,2721,3918,27.53
MP-2025-36953,23/01/2025,W-013237,Indian,Mechanical Technician,SABIC,Petrochemical,Eastern Province,Short-Term,6,40188,21612,5490,13086,32.56
MP-2024-10932,3/10/2025,W-013239,Filipino,Site Supervisor,Bechtel KSA,EPC Contractor,Tabuk,Multi-Year,36,301428,171756,39096,90576,30.05
MP-2024-95283,8/12/2024,W-013241,Sudanese,Scaffolder,Ma'aden,Mining,Northern Borders,Short-Term,3,16239,9318,2805,4116,25.35
MP-2024-96510,17/05/2024,W-013244,Sri Lankan,Mechanical Technician,SABIC,Petrochemical,Eastern Province,Short-Term,2,15156,7778,2448,4930,32.53
MP-2024-54972,12/9/2024,W-013246,Indian,Welder,Royal Commission Yanbu,Industrial,Madinah,Short-Term,3,14790,6966,3354,4470,30.22
MP-2025-93179,28/07/2024,W-013248,Filipino,Helper / Labourer,Marafiq,Utilities,Eastern Province,Annual,12,40704,17508,16476,-1236,-3.04
MP-2024-27743,17/05/2025,W-013249,Indian,Pipe Fitter,Saudi Electricity Co.,Power,Riyadh,Annual,12,92796,48972,8724,35100,37.82
MP-2025-69413,28/04/2024,W-013252,Egyptian,Scaffolder,Sadara Chemical,Petrochemical,Eastern Province,Short-Term,1,5759,2805,684,2270,39.42
MP-2025-96412,13/09/2025,W-013255,Saudi,Warehouse Keeper,NEOM,Mega Project,Tabuk,Short-Term,6,68934,31458,2082,35394,51.34
MP-2025-55954,24/04/2024,W-013258,Pakistani,Helper / Labourer,Sadara Chemical,Petrochemical,Eastern Province,Annual,12,44772,18864,8904,17004,37.98
MP-2024-12788,19/10/2025,W-013260,Sudanese,Site Supervisor,Worley KSA,EPC Contractor,Eastern Province,Annual,12,148812,81276,18984,48552,32.63
MP-2024-36620,8/11/2024,W-013261,Filipino,Helper / Labourer,Petro Rabigh,Petrochemical,Makkah,Annual,12,35628,17076,13668,4884,13.71
MP-2024-40675,7/8/2024,W-013263,Pakistani,Mechanical Technician,Saudi Aramco,Oil & Gas,Eastern Province,Short-Term,2,18212,8470,2234,7508,41.23
MP-2025-35297,8/6/2025,W-013266,Yemeni,Site Supervisor,SABIC,Petrochemical,Eastern Province,Short-Term,2,21438,11092,3444,6902,32.2
MP-2024-95879,23/06/2024,W-013267,Sri Lankan,Safety Officer,Diriyah Company,Real Estate,Riyadh,Annual,12,89736,60564,18276,267,0.3
MP-2025-87537,22/12/2025,W-013269,Indian,Scaffolder,SABIC,Petrochemical,Eastern Province,Multi-Year,24,162528,76224,16680,69624,42.84
MP-2025-22948,11/10/2025,W-013270,Indian,Scaffolder,NWC,Water,Riyadh,Short-Term,6,31332,15990,8322,7020,22.41
MP-2025-36828,6/7/2024,W-013271,Pakistani,Document Controller,Saudi Kayan,Petrochemical,Eastern Province,Annual,12,72984,46452,15288,11244,15.41
MP-2024-32595,5/3/2025,W-013272,Indian,Helper / Labourer,Saudi Aramco,Oil & Gas,Eastern Province,Short-Term,3,9780,4848,2808,45,0.46
MP-2025-68805,12/12/2025,W-013275,Indian,Civil Engineer,Saudi Aramco,Oil & Gas,Eastern Province,Short-Term,6,103032,52056,7074,43902,42.61
MP-2024-19185,7/8/2025,W-013277,Indian,Site Supervisor,NEOM,Mega Project,Tabuk,Short-Term,3,33276,17781,2607,12888,38.73
MP-2024-53717,30/07/2025,W-013278,Indian,Mechanical Technician,ROSHN,Real Estate,Riyadh,Short-Term,1,6686,4109,720,1857,27.77
MP-2025-84235,12/2/2024,W-013281,Bangladeshi,Driver (Heavy),Red Sea Global,Tourism Dev,Tabuk,Annual,12,50772,29520,15216,6036,11.89
MP-2025-63413,24/04/2024,W-013283,Indian,Pipe Fitter,Royal Commission Yanbu,Industrial,Madinah,Multi-Year,36,259668,140472,31680,87516,33.7
MP-2024-39567,4/11/2024,W-013285,Yemeni,Civil Engineer,Saudi Aramco,Oil & Gas,Eastern Province,Annual,12,162660,89568,11376,61716,37.94
MP-2025-20784,25/05/2024,W-013288,Sri Lankan,Rigger,Saudi Aramco,Oil & Gas,Eastern Province,Short-Term,3,22932,10731,2355,9846,42.94
MP-2024-98395,6/7/2024,W-013290,Nepali,Electrician,Saudi Aramco,Oil & Gas,Eastern Province,Multi-Year,36,269100,121572,39672,107856,40.08
MP-2024-98752,17/05/2024,W-013292,Indonesian,Helper / Labourer,Sadara Chemical,Petrochemical,Eastern Province,Annual,12,30180,16404,8748,5028,16.66
MP-2024-51899,3/7/2025,W-013295,Sri Lankan,Welder,Royal Commission Yanbu,Industrial,Madinah,Annual,12,69876,34164,10368,25344,36.27
MP-2025-43462,5/5/2025,W-013298,Bangladeshi,Driver (Heavy),Worley KSA,EPC Contractor,Eastern Province,Annual,12,54084,28536,16788,8760,16.2
MP-2025-50889,12/4/2025,W-013300,Indian,Helper / Labourer,Saudi Electricity Co.,Power,Riyadh,Annual,12,53136,22632,8784,-2353,-4.43
MP-2024-21239,23/03/2025,W-013302,Indian,Industrial Painter,Royal Commission Jubail,Industrial,Eastern Province,Annual,12,77256,36240,16284,24732,32.01
MP-2024-35871,29/11/2024,W-013303,Pakistani,Scaffolder,Saudi Electricity Co.,Power,Riyadh,Annual,12,76692,39972,8856,27864,36.33
MP-2025-51754,7/10/2024,W-013305,Indian,HVAC Technician,Saudi Aramco,Oil & Gas,Eastern Province,Short-Term,2,13108,5918,2330,4860,37.08
MP-2024-57091,2/12/2024,W-013306,Yemeni,Helper / Labourer,Saudi Aramco,Oil & Gas,Eastern Province,Short-Term,6,20520,9666,5214,5640,27.49
MP-2025-69432,2/9/2024,W-013309,Indian,Welder,Ma'aden,Mining,Northern Borders,Annual,12,93744,41340,8892,43512,46.42
MP-2024-13033,16/08/2025,W-013310,Bangladeshi,Helper / Labourer,ROSHN,Real Estate,Riyadh,Multi-Year,24,72720,41064,23832,7824,10.76
MP-2025-90973,15/02/2024,W-013312,Indian,Helper / Labourer,Sadara Chemical,Petrochemical,Eastern Province,Annual,12,40512,21672,15492,3348,8.26
MP-2025-72918,21/09/2024,W-013314,Pakistani,Welder,Marafiq,Utilities,Eastern Province,Multi-Year,24,138744,79080,17736,41928,30.22
MP-2024-68414,25/03/2024,W-013315,Filipino,Welder,Saudi Aramco,Oil & Gas,Eastern Province,Annual,12,88440,38796,10764,38880,43.96
MP-2025-29671,19/01/2024,W-013316,Nepali,Helper / Labourer,Red Sea Global,Tourism Dev,Tabuk,Short-Term,2,5894,2988,1920,-113,-1.92
MP-2025-47143,18/08/2025,W-013319,Pakistani,Industrial Painter,Saudi Electricity Co.,Power,Riyadh,Annual,12,47736,24180,10200,13356,27.98
MP-2024-28255,24/12/2025,W-013322,Sri Lankan,HVAC Technician,Saudi Aramco,Oil & Gas,Eastern Province,Short-Term,2,15124,7048,2450,5626,37.2
MP-2024-61259,24/05/2024,W-013323,Filipino,Instrument Technician,Saudi Aramco,Oil & Gas,Eastern Province,Short-Term,3,31977,15843,3726,12408,38.8
MP-2024-63947,15/11/2024,W-013324,Indonesian,Scaffolder,Worley KSA,EPC Contractor,Eastern Province,Short-Term,3,12639,6366,4182,2091,16.54
MP-2024-82307,19/12/2025,W-013326,Indian,Welder,Saudi Electricity Co.,Power,Riyadh,Short-Term,2,15148,6916,1818,-1174,-7.75
MP-2025-24997,2/2/2024,W-013327,Bangladeshi,Pipe Fitter,Saudi Aramco,Oil & Gas,Eastern Province,Annual,12,55068,29304,12852,12912,23.45
MP-2025-21359,31/01/2024,W-013328,Egyptian,Helper / Labourer,Saudi Aramco,Oil & Gas,Eastern Province,Multi-Year,24,104280,39384,26880,1033,0.99
MP-2024-95834,27/09/2024,W-013331,Egyptian,Welder,Royal Commission Jubail,Industrial,Eastern Province,Annual,12,71820,32640,14748,24432,34.02
MP-2025-50901,25/01/2025,W-013334,Indian,Driver (Heavy),Red Sea Global,Tourism Dev,Tabuk,Multi-Year,36,184356,100332,40536,43488,23.59
MP-2024-24034,28/09/2025,W-013335,Pakistani,Welder,Ma'aden,Mining,Northern Borders,Annual,12,68976,38412,14388,16176,23.45
MP-2024-44009,28/08/2024,W-013337,Filipino,Industrial Painter,Ma'aden,Mining,Northern Borders,Annual,12,57624,25236,14616,17772,30.84
MP-2024-70142,15/11/2025,W-013338,Bangladeshi,Document Controller,Ma'aden,Mining,Northern Borders,Multi-Year,36,370836,193320,44532,132984,35.86
MP-2024-46183,19/03/2024,W-013341,Yemeni,Driver (Heavy),Saudi Electricity Co.,Power,Riyadh,Annual,12,73980,34980,14916,24084,32.55
MP-2025-20553,9/11/2025,W-013342,Filipino,Rigger,Sadara Chemical,Petrochemical,Eastern Province,Short-Term,1,6780,3590,1074,2116,31.21
MP-2024-26456,28/08/2024,W-013344,Yemeni,Helper / Labourer,Sadara Chemical,Petrochemical,Eastern Province,Short-Term,3,12675,5481,3183,4011,31.64
MP-2024-21387,10/12/2024,W-013347,Bangladeshi,Scaffolder,Royal Commission Jubail,Industrial,Eastern Province,Annual,12,59340,30000,9348,19992,33.69
MP-2025-47100,20/10/2025,W-013348,Egyptian,Welder,Diriyah Company,Real Estate,Riyadh,Annual,12,56988,30156,12576,14256,25.02
MP-2024-97646,15/03/2025,W-013349,Pakistani,Electrician,NEOM,Mega Project,Tabuk,Short-Term,6,56880,24792,6276,25812,45.38
MP-2025-80364,24/01/2024,W-013351,Bangladeshi,Driver (Heavy),Saudi Aramco,Oil & Gas,Eastern Province,Multi-Year,18,125820,64620,13878,47322,37.61
MP-2025-35699,3/11/2025,W-013354,Pakistani,Helper / Labourer,SABIC,Petrochemical,Eastern Province,Multi-Year,18,58446,31050,19944,7452,12.75
MP-2025-10549,2/9/2024,W-013356,Indian,HVAC Technician,ROSHN,Real Estate,Riyadh,Annual,12,50976,32340,9264,9372,18.39
MP-2024-23767,31/08/2025,W-013358,Filipino,Safety Officer,ROSHN,Real Estate,Riyadh,Multi-Year,18,112518,72756,30456,9306,8.27
MP-2024-24016,7/12/2025,W-013360,Egyptian,Civil Foreman,Saudi Electricity Co.,Power,Riyadh,Annual,12,100740,54444,8748,37548,37.27
MP-2025-30393,29/12/2024,W-013363,Egyptian,Site Supervisor,Worley KSA,EPC Contractor,Eastern Province,Annual,12,109908,63300,12960,33648,30.61
MP-2025-78666,2/12/2024,W-013365,Sri Lankan,QC Inspector,Saudi Aramco,Oil & Gas,Eastern Province,Multi-Year,24,228672,118488,35400,-17539,-7.67
MP-2025-78496,4/1/2024,W-013367,Indian,Mechanical Technician,Royal Commission Jubail,Industrial,Eastern Province,Annual,12,93876,44832,8748,-7578,-8.07
MP-2024-90683,26/04/2025,W-013368,Indian,Scaffolder,NEOM,Mega Project,Tabuk,Annual,12,73224,34644,12132,26448,36.12
MP-2024-73591,12/12/2024,W-013369,Indian,Driver (Heavy),NEOM,Mega Project,Tabuk,Short-Term,1,5031,2455,661,1915,38.06
MP-2025-56123,21/04/2025,W-013372,Indian,Pipe Fitter,SABIC,Petrochemical,Eastern Province,Multi-Year,24,166824,92088,31368,43368,26
MP-2024-25930,4/2/2025,W-013375,Indian,Document Controller,ROSHN,Real Estate,Riyadh,Annual,12,96468,55236,10140,31092,32.23
MP-2024-60978,29/03/2025,W-013378,Nepali,Welder,ROSHN,Real Estate,Riyadh,Short-Term,6,43848,21360,5544,16944,38.64
MP-2024-21723,25/11/2024,W-013379,Egyptian,Helper / Labourer,Petro Rabigh,Petrochemical,Makkah,Multi-Year,36,101268,48384,23652,29232,28.87
MP-2024-95036,19/06/2025,W-013381,Sri Lankan,Pipe Fitter,Saudi Kayan,Petrochemical,Eastern Province,Annual,12,88008,43812,15588,28608,32.51
MP-2025-81018,26/10/2024,W-013384,Indian,Welder,Sadara Chemical,Petrochemical,Eastern Province,Short-Term,3,20814,9483,3783,7548,36.26
MP-2024-16140,30/05/2024,W-013385,Pakistani,Welder,Ma'aden,Mining,Northern Borders,Annual,12,83844,41904,11292,30648,36.55
MP-2024-40289,14/11/2025,W-013388,Yemeni,Scaffolder,NEOM,Mega Project,Tabuk,Short-Term,3,11769,6072,3663,2034,17.28
MP-2025-44023,8/6/2024,W-013390,Bangladeshi,Helper / Labourer,Royal Commission Jubail,Industrial,Eastern Province,Multi-Year,18,51192,26856,16254,8082,15.79
MP-2024-27932,13/07/2025,W-013391,Sri Lankan,Warehouse Keeper,Sadara Chemical,Petrochemical,Eastern Province,Short-Term,2,13456,6458,2046,4952,36.8
MP-2025-44025,7/6/2024,W-013393,Yemeni,Rigger,Royal Commission Jubail,Industrial,Eastern Province,Multi-Year,36,190656,92052,23904,74700,39.18
MP-2025-67033,13/01/2025,W-013395,Bangladeshi,Mechanical Technician,Saudi Aramco,Oil & Gas,Eastern Province,Annual,12,81480,44196,9636,27648,33.93
MP-2025-26056,5/1/2025,W-013397,Sudanese,Helper / Labourer,Ma'aden,Mining,Northern Borders,Multi-Year,24,85824,38136,19488,28200,32.86
MP-2025-39919,26/06/2025,W-013398,Egyptian,Driver (Heavy),Sadara Chemical,Petrochemical,Eastern Province,Short-Term,3,16569,8715,2982,4872,29.4
MP-2024-31233,30/07/2025,W-013399,Pakistani,Helper / Labourer,Saudi Electricity Co.,Power,Riyadh,Annual,12,52032,22668,9468,19896,38.24
MP-2025-15989,4/4/2025,W-013401,Bangladeshi,Pipe Fitter,Saudi Electricity Co.,Power,Riyadh,Multi-Year,24,135552,63816,31080,40656,29.99
MP-2025-37295,15/07/2025,W-013403,Bangladeshi,HVAC Technician,Sadara Chemical,Petrochemical,Eastern Province,Short-Term,6,39588,20256,6036,1219,3.08
MP-2024-44504,13/06/2025,W-013406,Ethiopian,Safety Officer,SABIC,Petrochemical,Eastern Province,Short-Term,3,34173,17718,3168,13287,38.88
MP-2024-78790,10/9/2025,W-013407,Bangladeshi,Civil Foreman,Royal Commission Jubail,Industrial,Eastern Province,Multi-Year,24,206880,119760,32736,54384,26.29
MP-2025-35146,29/11/2025,W-013410,Egyptian,Industrial Painter,Saudi Aramco,Oil & Gas,Eastern Province,Annual,12,67668,31368,14196,22104,32.67
MP-2024-67191,19/03/2024,W-013413,Egyptian,Welder,Royal Commission Yanbu,Industrial,Madinah,Annual,12,50124,29220,9696,11208,22.36
MP-2024-69695,30/07/2024,W-013414,Indian,Pipe Fitter,NWC,Water,Riyadh,Short-Term,1,4115,2592,999,524,12.73
MP-2025-65827,13/09/2025,W-013415,Saudi,Welder,Saudi Aramco,Oil & Gas,Eastern Province,Annual,12,106812,51588,3636,51588,48.3
MP-2025-85644,20/07/2025,W-013416,Indian,Pipe Fitter,Saudi Aramco,Oil & Gas,Eastern Province,Annual,12,80580,41292,15504,23784,29.52
MP-2024-33616,27/02/2025,W-013419,Sudanese,Welder,Worley KSA,EPC Contractor,Eastern Province,Multi-Year,24,140592,78864,30528,1988,1.41
MP-2024-69058,20/04/2025,W-013420,Sri Lankan,Helper / Labourer,Saudi Aramco,Oil & Gas,Eastern Province,Multi-Year,36,130248,65952,32652,-1790,-1.37
MP-2024-37351,8/7/2024,W-013422,Sudanese,Pipe Fitter,Marafiq,Utilities,Eastern Province,Annual,12,56196,33636,15072,7488,13.32
MP-2025-68143,19/03/2025,W-013423,Sri Lankan,Welder,SABIC,Petrochemical,Eastern Province,Annual,12,89460,40632,10728,3447,3.85
MP-2025-24250,16/12/2025,W-013426,Indian,Safety Officer,Saudi Aramco,Oil & Gas,Eastern Province,Annual,12,148824,77724,15840,55260,37.13
MP-2024-60805,15/08/2024,W-013428,Nepali,Electrician,Royal Commission Jubail,Industrial,Eastern Province,Multi-Year,18,95580,51084,17370,27126,28.38
MP-2025-32497,9/4/2025,W-013429,Filipino,Electrician,Bechtel KSA,EPC Contractor,Tabuk,Annual,12,75240,37236,13080,-4849,-6.44
MP-2025-49498,3/1/2024,W-013431,Egyptian,Document Controller,Royal Commission Jubail,Industrial,Eastern Province,Multi-Year,18,120204,69102,20682,30420,25.31
MP-2024-87990,17/02/2024,W-013432,Indian,Welder,Sadara Chemical,Petrochemical,Eastern Province,Multi-Year,24,160248,86664,16176,57408,35.82
MP-2024-86648,18/08/2024,W-013433,Sri Lankan,Electrician,SABIC,Petrochemical,Eastern Province,Short-Term,1,8277,4419,700,3158,38.15
MP-2025-95455,5/12/2024,W-013435,Yemeni,Welder,ROSHN,Real Estate,Riyadh,Annual,12,77448,45396,14964,17088,22.06
MP-2024-39627,18/02/2025,W-013438,Bangladeshi,Heavy Equipment Operator,NEOM,Mega Project,Tabuk,Annual,12,74844,38100,14784,21960,29.34
MP-2024-48606,9/9/2024,W-013440,Sri Lankan,Safety Officer,Saudi Aramco,Oil & Gas,Eastern Province,Multi-Year,18,172152,85248,23706,63198,36.71
MP-2024-26557,2/10/2024,W-013442,Indian,Driver (Heavy),Saudi Aramco,Oil & Gas,Eastern Province,Annual,12,81324,39024,15972,26328,32.37
MP-2024-17397,30/04/2024,W-013443,Pakistani,Instrument Technician,SABIC,Petrochemical,Eastern Province,Annual,12,87636,46932,9240,31464,35.9
MP-2025-33888,1/9/2025,W-013445,Nepali,Civil Foreman,Petro Rabigh,Petrochemical,Makkah,Short-Term,1,8163,4965,985,2213,27.11
MP-2024-73126,16/01/2025,W-013446,Egyptian,Pipe Fitter,Saudi Electricity Co.,Power,Riyadh,Multi-Year,36,211716,107028,37152,67536,31.9
MP-2025-60213,15/04/2024,W-013447,Egyptian,Driver (Heavy),Saudi Electricity Co.,Power,Riyadh,Annual,12,64524,39276,12936,12312,19.08
MP-2025-51340,20/05/2024,W-013449,Indian,Pipe Fitter,Saudi Aramco,Oil & Gas,Eastern Province,Annual,12,68376,33768,7884,26724,39.08
MP-2024-28294,12/4/2024,W-013452,Nepali,Electrician,Red Sea Global,Tourism Dev,Tabuk,Short-Term,3,21450,10566,3384,7500,34.97
MP-2024-59068,10/12/2025,W-013455,Pakistani,Pipe Fitter,Bechtel KSA,EPC Contractor,Tabuk,Annual,12,69744,33900,13452,22392,32.11
MP-2024-87424,3/7/2024,W-013458,Sri Lankan,Welder,Royal Commission Jubail,Industrial,Eastern Province,Annual,12,52488,27192,11244,14052,26.77
MP-2024-40733,23/06/2024,W-013461,Filipino,Heavy Equipment Operator,Sadara Chemical,Petrochemical,Eastern Province,Annual,12,81372,46944,10860,23568,28.96
MP-2025-66792,8/10/2024,W-013462,Yemeni,Electrician,Ma'aden,Mining,Northern Borders,Annual,12,94032,47964,15264,30804,32.76
MP-2025-67310,28/12/2025,W-013464,Indian,Helper / Labourer,Saudi Aramco,Oil & Gas,Eastern Province,Annual,12,37596,18468,13056,6072,16.15
MP-2025-38404,14/10/2025,W-013466,Egyptian,Welder,NEOM,Mega Project,Tabuk,Short-Term,2,12052,4952,1312,5788,48.03
MP-2024-56224,10/11/2025,W-013469,Bangladeshi,Helper / Labourer,Worley KSA,EPC Contractor,Eastern Province,Annual,12,36240,19572,14640,2028,5.6
MP-2024-21880,22/06/2024,W-013470,Pakistani,Scaffolder,SABIC,Petrochemical,Eastern Province,Annual,12,75492,33984,13248,28260,37.43
MP-2025-32313,11/12/2025,W-013472,Indian,Industrial Painter,Saudi Aramco,Oil & Gas,Eastern Province,Multi-Year,24,129624,69456,26064,34104,26.31
MP-2024-18749,3/5/2025,W-013474,Nepali,Welder,SABIC,Petrochemical,Eastern Province,Short-Term,1,5888,3120,1222,1546,26.26
MP-2024-27625,13/06/2024,W-013476,Sudanese,Welder,NWC,Water,Riyadh,Short-Term,1,5898,3312,666,1920,32.55
MP-2025-73681,5/11/2025,W-013477,Pakistani,Scaffolder,Saudi Aramco,Oil & Gas,Eastern Province,Annual,12,73656,31020,12072,30564,41.5
MP-2024-61238,15/10/2024,W-013478,Egyptian,HVAC Technician,Sadara Chemical,Petrochemical,Eastern Province,Short-Term,3,16176,9033,2562,4581,28.32
MP-2025-96381,30/05/2024,W-013479,Nepali,Scaffolder,Petro Rabigh,Petrochemical,Makkah,Short-Term,3,13329,6483,3732,3114,23.36
MP-2024-67052,2/11/2024,W-013480,Indonesian,HVAC Technician,Saudi Electricity Co.,Power,Riyadh,Short-Term,3,16698,8427,2985,5286,31.66
MP-2025-78597,5/1/2025,W-013482,Indonesian,Driver (Heavy),Royal Commission Jubail,Industrial,Eastern Province,Annual,12,80016,38040,13236,28740,35.92
MP-2024-46365,14/03/2025,W-013483,Bangladeshi,Helper / Labourer,Saudi Aramco,Oil & Gas,Eastern Province,Annual,12,31620,15744,15420,456,1.44
MP-2024-32601,2/11/2024,W-013486,Indian,Driver (Heavy),SABIC,Petrochemical,Eastern Province,Short-Term,3,14670,7719,3678,3273,22.31
MP-2025-53940,20/07/2024,W-013489,Sudanese,Civil Foreman,Saudi Electricity Co.,Power,Riyadh,Annual,12,70824,42324,10440,18060,25.5
MP-2024-59610,20/05/2024,W-013491,Filipino,Welder,Red Sea Global,Tourism Dev,Tabuk,Short-Term,6,37026,17364,4182,-3738,-10.1
MP-2025-39771,27/05/2025,W-013493,Nepali,Electrician,Royal Commission Jubail,Industrial,Eastern Province,Short-Term,1,5986,3343,891,1752,29.27
MP-2024-14260,18/08/2025,W-013494,Bangladeshi,Welder,Red Sea Global,Tourism Dev,Tabuk,Short-Term,3,22275,10662,3609,8004,35.93
MP-2025-76216,19/06/2025,W-013496,Pakistani,Mechanical Technician,Saudi Electricity Co.,Power,Riyadh,Annual,12,85800,46608,13668,25524,29.75
MP-2025-43607,28/02/2025,W-013498,Indian,Driver (Heavy),Royal Commission Jubail,Industrial,Eastern Province,Annual,12,90924,41928,14844,34152,37.56
MP-2025-21420,15/06/2025,W-013500,Sudanese,Helper / Labourer,NEOM,Mega Project,Tabuk,Multi-Year,24,99816,37728,18600,43488,43.57
MP-2024-77767,11/11/2024,W-013502,Indian,Mechanical Technician,Saudi Kayan,Petrochemical,Eastern Province,Annual,12,73248,34092,11076,28080,38.34
MP-2025-14360,11/12/2024,W-013503,Pakistani,Scaffolder,SABIC,Petrochemical,Eastern Province,Annual,12,60756,32556,11364,16836,27.71
MP-2024-12916,18/02/2025,W-013505,Egyptian,Driver (Heavy),Saudi Aramco,Oil & Gas,Eastern Province,Multi-Year,24,162888,77496,31584,53808,33.03
MP-2025-20653,21/09/2025,W-013506,Egyptian,Mechanical Technician,ROSHN,Real Estate,Riyadh,Annual,12,73464,38832,13884,20748,28.24
MP-2024-60752,27/04/2025,W-013507,Filipino,Scaffolder,Red Sea Global,Tourism Dev,Tabuk,Short-Term,6,39762,17826,6168,15768,39.66
MP-2025-13154,18/11/2024,W-013510,Pakistani,Welder,Red Sea Global,Tourism Dev,Tabuk,Short-Term,2,8604,4844,1984,1776,20.64
MP-2025-20190,12/7/2025,W-013512,Nepali,Mechanical Technician,Saudi Electricity Co.,Power,Riyadh,Short-Term,1,7861,4325,772,2764,35.16
MP-2024-72202,15/07/2024,W-013515,Filipino,Helper / Labourer,Ma'aden,Mining,Northern Borders,Annual,12,43944,20448,12624,10872,24.74
MP-2024-83643,6/6/2024,W-013517,Egyptian,Site Supervisor,Royal Commission Jubail,Industrial,Eastern Province,Annual,12,98004,62400,18048,17556,17.91
MP-2025-50365,17/09/2025,W-013519,Indian,Civil Foreman,Saudi Aramco,Oil & Gas,Eastern Province,Short-Term,6,62748,29034,4956,28758,45.83
MP-2024-52838,5/11/2024,W-013522,Ethiopian,Safety Officer,Saudi Aramco,Oil & Gas,Eastern Province,Short-Term,6,61578,32688,5028,23862,38.75
MP-2024-18324,23/09/2025,W-013524,Sudanese,Mechanical Technician,Saudi Aramco,Oil & Gas,Eastern Province,Short-Term,6,54162,23166,5124,25872,47.77
MP-2025-96335,8/9/2024,W-013525,Nepali,Helper / Labourer,Red Sea Global,Tourism Dev,Tabuk,Multi-Year,18,61740,28440,17298,16002,25.92
MP-2024-60641,11/10/2025,W-013527,Indonesian,Scaffolder,SABIC,Petrochemical,Eastern Province,Short-Term,6,37140,16872,7962,620,1.67
MP-2025-86142,4/11/2025,W-013528,Sri Lankan,Rigger,Saudi Aramco,Oil & Gas,Eastern Province,Short-Term,3,20214,10620,2073,7521,37.21
MP-2024-64036,7/10/2025,W-013530,Indian,Driver (Heavy),SABIC,Petrochemical,Eastern Province,Annual,12,72864,35460,15888,21516,29.53
MP-2024-69540,12/6/2024,W-013532,Indian,Pipe Fitter,NWC,Water,Riyadh,Annual,12,82956,42864,15300,24792,29.89
MP-2025-13957,7/11/2025,W-013533,Bangladeshi,Instrument Technician,Red Sea Global,Tourism Dev,Tabuk,Multi-Year,24,211104,112224,20568,78312,37.1
MP-2024-65441,29/08/2025,W-013536,Indian,Safety Officer,Petro Rabigh,Petrochemical,Makkah,Multi-Year,24,245928,143016,22488,80424,32.7
MP-2024-12194,2/9/2024,W-013539,Indian,Welder,Royal Commission Jubail,Industrial,Eastern Province,Short-Term,3,16335,7533,2544,6258,38.31
MP-2025-87969,25/01/2025,W-013542,Nepali,Rigger,Sadara Chemical,Petrochemical,Eastern Province,Annual,12,86652,43368,7848,35436,40.89
MP-2025-96759,4/11/2025,W-013543,Pakistani,Rigger,Saudi Electricity Co.,Power,Riyadh,Annual,12,46956,27960,16140,2856,6.08
MP-2025-57740,11/9/2024,W-013544,Indian,Warehouse Keeper,NEOM,Mega Project,Tabuk,Annual,12,95244,42516,10044,42684,44.82
MP-2025-10100,15/05/2024,W-013546,Pakistani,Electrician,Saudi Kayan,Petrochemical,Eastern Province,Multi-Year,24,120000,64320,28176,27504,22.92
MP-2024-79833,26/03/2025,W-013548,Egyptian,Scaffolder,Saudi Aramco,Oil & Gas,Eastern Province,Short-Term,3,18999,9474,3924,5601,29.48
MP-2024-25578,26/12/2024,W-013551,Filipino,Document Controller,SABIC,Petrochemical,Eastern Province,Annual,12,114924,64536,9168,41220,35.87
MP-2024-40254,14/03/2025,W-013552,Bangladeshi,Helper / Labourer,ROSHN,Real Estate,Riyadh,Annual,12,35316,19404,8460,7452,21.1
MP-2025-84310,11/5/2025,W-013555,Sri Lankan,Pipe Fitter,Saudi Aramco,Oil & Gas,Eastern Province,Short-Term,6,38880,20064,8226,10590,27.24
MP-2024-11452,28/01/2025,W-013557,Bangladeshi,Site Supervisor,NWC,Water,Riyadh,Annual,12,104160,68700,13632,21828,20.96
MP-2024-87068,9/9/2025,W-013560,Filipino,Scaffolder,Royal Commission Jubail,Industrial,Eastern Province,Annual,12,72288,38532,12432,21324,29.5
MP-2025-90073,10/7/2024,W-013562,Sri Lankan,Mechanical Technician,Sadara Chemical,Petrochemical,Eastern Province,Short-Term,6,37062,18870,7800,10392,28.04
MP-2024-22536,1/12/2024,W-013563,Filipino,Helper / Labourer,Bechtel KSA,EPC Contractor,Tabuk,Annual,12,30288,16716,7884,-360,-1.19
MP-2025-16510,30/10/2025,W-013566,Nepali,Warehouse Keeper,Saudi Aramco,Oil & Gas,Eastern Province,Annual,12,77112,41352,14928,20832,27.02
MP-2024-14424,18/10/2024,W-013569,Indonesian,Welder,Sadara Chemical,Petrochemical,Eastern Province,Short-Term,6,42078,20988,4584,16506,39.23
MP-2025-27353,3/2/2024,W-013572,Filipino,Mechanical Technician,Sadara Chemical,Petrochemical,Eastern Province,Annual,12,84408,40728,13800,29880,35.4
MP-2025-11488,3/12/2024,W-013575,Saudi,Rigger,Saudi Aramco,Oil & Gas,Eastern Province,Short-Term,3,37446,15384,1464,20598,55.01
MP-2024-91577,24/09/2024,W-013578,Sri Lankan,Industrial Painter,Marafiq,Utilities,Eastern Province,Annual,12,77292,36864,16092,24336,31.49
MP-2024-95070,13/01/2025,W-013580,Filipino,Driver (Heavy),Saudi Aramco,Oil & Gas,Eastern Province,Annual,12,74364,30528,11832,32004,43.04
MP-2024-78969,16/03/2025,W-013583,Pakistani,Mechanical Technician,Royal Commission Jubail,Industrial,Eastern Province,Annual,12,107616,51180,10416,46020,42.76
MP-2025-42493,10/11/2024,W-013585,Pakistani,HVAC Technician,Sadara Chemical,Petrochemical,Eastern Province,Multi-Year,24,167400,83232,30912,53256,31.81
MP-2025-74994,20/07/2024,W-013588,Indian,Instrument Technician,Bechtel KSA,EPC Contractor,Tabuk,Short-Term,3,18828,10194,3441,5193,27.58
MP-2024-53715,28/09/2025,W-013591,Sudanese,Safety Officer,Saudi Aramco,Oil & Gas,Eastern Province,Short-Term,3,24645,12966,2973,8706,35.33
MP-2025-50699,8/10/2024,W-013593,Pakistani,Safety Officer,Royal Commission Jubail,Industrial,Eastern Province,Annual,12,84276,46428,15768,22080,26.2
MP-2024-51315,8/3/2024,W-013594,Nepali,Mechanical Technician,Sadara Chemical,Petrochemical,Eastern Province,Annual,12,100956,48204,13464,39288,38.92
MP-2025-21773,9/5/2025,W-013597,Pakistani,Rigger,Petro Rabigh,Petrochemical,Makkah,Annual,12,54816,29112,9528,16176,29.51
MP-2024-83183,28/12/2024,W-013600,Indian,Electrician,Royal Commission Jubail,Industrial,Eastern Province,Annual,12,89964,49620,15312,25032,27.82
MP-2025-97697,9/1/2025,W-013601,Filipino,Welder,Saudi Electricity Co.,Power,Riyadh,Annual,12,68688,42168,10368,16152,23.52
MP-2024-50826,22/11/2024,W-013603,Indian,Scaffolder,Saudi Aramco,Oil & Gas,Eastern Province,Annual,12,79944,34152,12708,33084,41.38
MP-2024-99256,2/8/2024,W-013606,Bangladeshi,Helper / Labourer,Royal Commission Jubail,Industrial,Eastern Province,Annual,12,32976,15888,16044,1044,3.17
MP-2025-99717,12/10/2024,W-013609,Saudi,Helper / Labourer,Red Sea Global,Tourism Dev,Tabuk,Annual,12,46860,24420,4932,17508,37.36
MP-2025-47025,9/12/2025,W-013611,Egyptian,Scaffolder,SABIC,Petrochemical,Eastern Province,Short-Term,3,11604,6555,2376,2673,23.04
MP-2025-44556,22/01/2024,W-013614,Sri Lankan,Driver (Heavy),Royal Commission Jubail,Industrial,Eastern Province,Multi-Year,36,167832,81360,39744,46728,27.84
MP-2024-88195,21/06/2024,W-013615,Saudi,HVAC Technician,ROSHN,Real Estate,Riyadh,Annual,12,134868,72444,5520,56904,42.19
MP-2024-20336,4/4/2024,W-013616,Nepali,Warehouse Keeper,Royal Commission Yanbu,Industrial,Madinah,Annual,12,56688,30420,12780,13488,23.79
MP-2025-31365,12/2/2025,W-013617,Indian,Welder,NEOM,Mega Project,Tabuk,Annual,12,69264,32064,13956,23244,33.56
MP-2024-12371,17/11/2024,W-013618,Filipino,Mechanical Technician,Saudi Aramco,Oil & Gas,Eastern Province,Annual,12,88572,40140,10464,37968,42.87
MP-2024-79707,26/11/2025,W-013621,Egyptian,Warehouse Keeper,Petro Rabigh,Petrochemical,Makkah,Short-Term,1,5712,2805,1267,1640,28.71
MP-2024-85573,5/10/2024,W-013623,Yemeni,Mechanical Technician,Saudi Electricity Co.,Power,Riyadh,Annual,12,93420,54552,10740,28128,30.11
MP-2025-10363,7/1/2025,W-013624,Saudi,Pipe Fitter,Saudi Electricity Co.,Power,Riyadh,Annual,12,96492,51252,4476,40764,42.25
MP-2024-60890,13/06/2025,W-013626,Indian,Warehouse Keeper,Saudi Aramco,Oil & Gas,Eastern Province,Short-Term,3,18252,8862,1968,582,3.19
MP-2024-94800,10/10/2025,W-013628,Pakistani,Welder,NEOM,Mega Project,Tabuk,Short-Term,2,14132,6278,2782,402,2.84
MP-2024-28764,8/1/2025,W-013629,Indian,Scaffolder,Saudi Aramco,Oil & Gas,Eastern Province,Short-Term,3,20178,9180,3516,7482,37.08
MP-2024-85297,26/10/2025,W-013630,Saudi,Welder,ROSHN,Real Estate,Riyadh,Annual,12,85764,47520,5616,32628,38.04
MP-2025-96715,25/11/2024,W-013632,Sudanese,Site Supervisor,NEOM,Mega Project,Tabuk,Short-Term,3,31722,16071,4140,11511,36.29
MP-2025-39508,10/6/2025,W-013633,Indian,Welder,NEOM,Mega Project,Tabuk,Annual,12,79032,37824,10956,30252,38.28
MP-2025-53276,11/2/2025,W-013635,Indian,Pipe Fitter,Royal Commission Yanbu,Industrial,Madinah,Annual,12,60804,31464,8268,21072,34.66
MP-2025-11582,28/08/2024,W-013637,Indian,Industrial Painter,Saudi Aramco,Oil & Gas,Eastern Province,Annual,12,42684,23244,11844,7596,17.8
MP-2025-63228,17/01/2024,W-013638,Indian,Helper / Labourer,Saudi Aramco,Oil & Gas,Eastern Province,Annual,12,34932,15792,9588,-1321,-3.78
MP-2024-65464,23/05/2025,W-013639,Pakistani,Welder,Ma'aden,Mining,Northern Borders,Annual,12,59760,33564,10524,15672,26.22
MP-2025-50316,28/03/2025,W-013642,Pakistani,HVAC Technician,Bechtel KSA,EPC Contractor,Tabuk,Annual,12,65424,39096,15108,11220,17.15
MP-2025-86483,25/02/2024,W-013644,Egyptian,Pipe Fitter,NWC,Water,Riyadh,Short-Term,6,38640,21282,5856,11502,29.77
MP-2025-63033,17/08/2025,W-013645,Bangladeshi,Industrial Painter,Saudi Aramco,Oil & Gas,Eastern Province,Short-Term,3,18018,8268,3360,6390,35.46
MP-2025-81688,8/1/2024,W-013647,Nepali,Welder,SABIC,Petrochemical,Eastern Province,Short-Term,3,23784,10668,2151,10965,46.1
MP-2024-94199,12/4/2024,W-013650,Indian,Welder,Sadara Chemical,Petrochemical,Eastern Province,Annual,12,67836,30564,9096,28176,41.54
MP-2025-37879,29/11/2025,W-013651,Indian,Document Controller,Saudi Electricity Co.,Power,Riyadh,Short-Term,2,19494,10474,1784,7236,37.12
MP-2025-70317,20/01/2025,W-013654,Yemeni,Rigger,SABIC,Petrochemical,Eastern Province,Annual,12,95868,45240,14184,36444,38.01
MP-2025-95420,24/05/2024,W-013655,Indian,Rigger,Saudi Aramco,Oil & Gas,Eastern Province,Short-Term,1,5359,2404,821,2134,39.82
MP-2025-48448,21/05/2024,W-013656,Saudi,Instrument Technician,Saudi Aramco,Oil & Gas,Eastern Province,Annual,12,153384,69888,4248,79248,51.67
MP-2024-53025,2/10/2024,W-013659,Pakistani,Driver (Heavy),Saudi Aramco,Oil & Gas,Eastern Province,Multi-Year,24,153600,67464,26808,59328,38.62
MP-2024-26294,31/01/2024,W-013660,Egyptian,Industrial Painter,SABIC,Petrochemical,Eastern Province,Short-Term,2,9526,4242,2790,2494,26.18
MP-2024-26814,19/05/2025,W-013662,Bangladeshi,Scaffolder,NWC,Water,Riyadh,Annual,12,70032,36192,8100,25740,36.75
MP-2025-72671,29/01/2024,W-013664,Indian,Heavy Equipment Operator,Saudi Aramco,Oil & Gas,Eastern Province,Annual,12,74016,34344,9324,30348,41
MP-2025-27730,7/10/2025,W-013666,Indian,Helper / Labourer,ROSHN,Real Estate,Riyadh,Annual,12,29856,17748,15876,-3768,-12.62
MP-2025-72028,10/1/2025,W-013669,Indian,Mechanical Technician,Saudi Aramco,Oil & Gas,Eastern Province,Annual,12,78120,33660,15276,-1693,-2.17
MP-2025-35022,4/6/2025,W-013672,Ethiopian,QC Inspector,Royal Commission Jubail,Industrial,Eastern Province,Multi-Year,24,317568,175704,25872,115992,36.53
MP-2025-87989,12/5/2025,W-013675,Filipino,Welder,Marafiq,Utilities,Eastern Province,Multi-Year,36,255888,122328,42516,91044,35.58
MP-2024-43775,5/9/2025,W-013678,Bangladeshi,Welder,Royal Commission Jubail,Industrial,Eastern Province,Multi-Year,24,96432,53352,28248,14832,15.38
MP-2024-64649,22/03/2025,W-013680,Indian,Pipe Fitter,SABIC,Petrochemical,Eastern Province,Annual,12,86232,48096,8712,29424,34.12
MP-2024-96577,16/04/2024,W-013682,Filipino,Heavy Equipment Operator,Sadara Chemical,Petrochemical,Eastern Province,Short-Term,1,7289,4060,988,2241,30.74
MP-2024-28018,16/07/2024,W-013685,Saudi,HVAC Technician,Sadara Chemical,Petrochemical,Eastern Province,Annual,12,123912,61332,3804,58776,47.43
MP-2025-18416,9/6/2025,W-013688,Filipino,Warehouse Keeper,Saudi Aramco,Oil & Gas,Eastern Province,Annual,12,86076,39600,8316,38160,44.33
MP-2025-18833,1/2/2025,W-013691,Indian,HVAC Technician,Worley KSA,EPC Contractor,Eastern Province,Short-Term,3,19659,10908,2637,6114,31.1
MP-2025-61303,26/01/2024,W-013694,Pakistani,Mechanical Technician,Saudi Electricity Co.,Power,Riyadh,Short-Term,3,18618,9558,2493,-1144,-6.14
MP-2025-30206,25/07/2024,W-013696,Sudanese,Welder,NEOM,Mega Project,Tabuk,Annual,12,55728,29100,11412,-2035,-3.65
MP-2025-51766,5/4/2025,W-013699,Bangladeshi,Project Engineer,Sadara Chemical,Petrochemical,Eastern Province,Annual,12,223368,133632,13440,76296,34.16
MP-2025-56145,12/4/2024,W-013700,Pakistani,Mechanical Technician,Saudi Aramco,Oil & Gas,Eastern Province,Short-Term,6,46656,22158,7542,16956,36.34
MP-2024-48164,30/11/2025,W-013701,Pakistani,Industrial Painter,Sadara Chemical,Petrochemical,Eastern Province,Short-Term,2,7910,4220,1754,118,1.49
MP-2025-48811,6/1/2024,W-013702,Sudanese,Helper / Labourer,SABIC,Petrochemical,Eastern Province,Annual,12,41508,19452,12408,9648,23.24
MP-2025-71597,12/2/2024,W-013705,Indian,Welder,SABIC,Petrochemical,Eastern Province,Short-Term,6,37152,16062,4590,16500,44.41
MP-2025-17964,26/06/2024,W-013706,Sudanese,Electrician,Saudi Aramco,Oil & Gas,Eastern Province,Annual,12,80148,43392,13284,23472,29.29
MP-2024-37864,2/10/2024,W-013709,Filipino,Civil Foreman,Saudi Electricity Co.,Power,Riyadh,Short-Term,6,48564,28134,7698,12732,26.22
MP-2025-27685,6/10/2024,W-013711,Ethiopian,Heavy Equipment Operator,Saudi Aramco,Oil & Gas,Eastern Province,Annual,12,98604,46764,10488,41352,41.94
MP-2025-36823,28/12/2024,W-013713,Egyptian,Instrument Technician,Worley KSA,EPC Contractor,Eastern Province,Multi-Year,18,147240,81324,20322,45594,30.97
MP-2025-98713,20/01/2024,W-013715,Filipino,QC Inspector,NEOM,Mega Project,Tabuk,Short-Term,3,25743,12612,3144,9987,38.8
MP-2024-40574,2/4/2024,W-013717,Sri Lankan,Safety Officer,Royal Commission Jubail,Industrial,Eastern Province,Short-Term,3,30402,16344,3756,10302,33.89
MP-2024-15356,20/08/2024,W-013718,Filipino,Mechanical Technician,Saudi Electricity Co.,Power,Riyadh,Short-Term,3,21384,11163,4101,6120,28.62
MP-2025-18741,9/6/2025,W-013720,Egyptian,Document Controller,Red Sea Global,Tourism Dev,Tabuk,Annual,12,83736,46836,14592,22308,26.64
MP-2025-94067,16/06/2025,W-013722,Nepali,Helper / Labourer,SABIC,Petrochemical,Eastern Province,Annual,12,38232,16752,9780,11700,30.6
MP-2025-14080,20/10/2025,W-013724,Egyptian,Industrial Painter,ROSHN,Real Estate,Riyadh,Short-Term,3,13257,7212,4038,2007,15.14
MP-2024-60324,16/02/2025,W-013725,Yemeni,Scaffolder,Bechtel KSA,EPC Contractor,Tabuk,Multi-Year,18,99540,45360,18846,35334,35.5
MP-2024-71438,7/7/2025,W-013728,Indian,Helper / Labourer,Petro Rabigh,Petrochemical,Makkah,Multi-Year,24,80616,39312,25488,15816,19.62
MP-2025-30022,29/08/2024,W-013729,Bangladeshi,Pipe Fitter,Red Sea Global,Tourism Dev,Tabuk,Short-Term,6,40128,19830,8316,11982,29.86
MP-2024-71803,26/11/2025,W-013732,Indian,HVAC Technician,Royal Commission Yanbu,Industrial,Madinah,Multi-Year,24,198000,97992,28464,71544,36.13
MP-2025-17291,18/11/2025,W-013735,Pakistani,Mechanical Technician,Saudi Electricity Co.,Power,Riyadh,Short-Term,3,17658,8823,2898,5937,33.62
MP-2024-87771,21/06/2025,W-013736,Ethiopian,Driver (Heavy),NEOM,Mega Project,Tabuk,Annual,12,58440,27072,9696,21672,37.08
MP-2025-86439,7/3/2024,W-013738,Bangladeshi,Welder,NEOM,Mega Project,Tabuk,Annual,12,107184,45360,13440,48384,45.14
MP-2024-76260,26/09/2024,W-013741,Bangladeshi,Industrial Painter,Ma'aden,Mining,Northern Borders,Multi-Year,18,94680,48996,13734,31950,33.75
MP-2024-33646,27/04/2024,W-013744,Sudanese,Safety Officer,ROSHN,Real Estate,Riyadh,Short-Term,1,9143,5277,906,2960,32.37
MP-2025-95939,10/4/2024,W-013747,Egyptian,Helper / Labourer,Saudi Aramco,Oil & Gas,Eastern Province,Multi-Year,18,73944,33282,21960,18702,25.29
MP-2024-25521,18/02/2024,W-013749,Filipino,Scaffolder,Royal Commission Jubail,Industrial,Eastern Province,Annual,12,51936,26424,15840,9672,18.62
MP-2025-96684,7/11/2024,W-013752,Sri Lankan,Warehouse Keeper,SABIC,Petrochemical,Eastern Province,Short-Term,3,18225,9261,3333,5631,30.9
MP-2024-35035,12/12/2024,W-013754,Nepali,Welder,Ma'aden,Mining,Northern Borders,Short-Term,1,7444,3426,1144,2874,38.61
MP-2024-52323,3/12/2024,W-013756,Nepali,Rigger,Royal Commission Jubail,Industrial,Eastern Province,Annual,12,83268,44976,13596,24696,29.66
MP-2024-77708,7/10/2024,W-013759,Sudanese,Scaffolder,Sadara Chemical,Petrochemical,Eastern Province,Multi-Year,24,90240,51528,16752,21960,24.34
MP-2024-95380,19/12/2025,W-013760,Egyptian,Civil Engineer,Bechtel KSA,EPC Contractor,Tabuk,Annual,12,208368,135048,15780,57540,27.61
MP-2025-92285,6/2/2025,W-013763,Filipino,Helper / Labourer,NEOM,Mega Project,Tabuk,Annual,12,53076,21888,12636,18552,34.95
MP-2024-40424,16/10/2025,W-013765,Sudanese,QC Inspector,Sadara Chemical,Petrochemical,Eastern Province,Annual,12,119880,60828,16212,42840,35.74
MP-2024-65477,13/03/2025,W-013767,Sudanese,Welder,SABIC,Petrochemical,Eastern Province,Short-Term,3,19617,8904,3090,7623,38.86
MP-2024-56539,19/08/2025,W-013769,Pakistani,HVAC Technician,Saudi Aramco,Oil & Gas,Eastern Province,Multi-Year,24,177792,91032,24768,61992,34.87
MP-2024-14947,19/05/2024,W-013772,Sudanese,Electrician,Sadara Chemical,Petrochemical,Eastern Province,Annual,12,68460,38136,15192,15132,22.1
MP-2025-21858,19/01/2025,W-013775,Pakistani,Heavy Equipment Operator,ROSHN,Real Estate,Riyadh,Short-Term,2,14696,7700,1336,5660,38.51
MP-2024-49307,25/10/2024,W-013777,Yemeni,HVAC Technician,Saudi Electricity Co.,Power,Riyadh,Annual,12,74472,38664,11016,24792,33.29
MP-2024-92196,13/05/2025,W-013779,Egyptian,Warehouse Keeper,ROSHN,Real Estate,Riyadh,Annual,12,61644,36228,16332,9084,14.74
MP-2024-77321,11/11/2025,W-013780,Bangladeshi,Heavy Equipment Operator,ROSHN,Real Estate,Riyadh,Multi-Year,18,109404,57780,23004,28620,26.16
MP-2025-17677,23/12/2025,W-013783,Pakistani,Heavy Equipment Operator,Red Sea Global,Tourism Dev,Tabuk,Multi-Year,24,150144,68304,26256,55584,37.02
MP-2024-80256,18/02/2025,W-013785,Nepali,Document Controller,Bechtel KSA,EPC Contractor,Tabuk,Annual,12,67368,42684,16452,8232,12.22
MP-2024-85384,23/10/2025,W-013788,Bangladeshi,Helper / Labourer,Saudi Aramco,Oil & Gas,Eastern Province,Multi-Year,36,124848,54936,39600,30312,24.28
MP-2025-64245,21/03/2025,W-013789,Indian,Document Controller,Royal Commission Jubail,Industrial,Eastern Province,Multi-Year,24,174504,92352,16176,65976,37.81
MP-2024-27516,27/11/2025,W-013792,Saudi,Scaffolder,NEOM,Mega Project,Tabuk,Short-Term,2,24004,10786,922,12296,51.22
MP-2024-22292,30/04/2025,W-013794,Filipino,Electrician,ROSHN,Real Estate,Riyadh,Short-Term,3,14400,8487,3339,2574,17.88
MP-2025-18213,13/04/2025,W-013796,Yemeni,Warehouse Keeper,Saudi Electricity Co.,Power,Riyadh,Short-Term,3,17832,10617,2814,4401,24.68
MP-2024-59756,11/8/2024,W-013797,Filipino,Helper / Labourer,Sadara Chemical,Petrochemical,Eastern Province,Multi-Year,36,147600,66096,33012,48492,32.85
MP-2024-73696,2/12/2025,W-013799,Pakistani,Driver (Heavy),Royal Commission Yanbu,Industrial,Madinah,Short-Term,1,4793,2237,1377,1179,24.6
MP-2025-10325,2/7/2024,W-013802,Sudanese,Electrician,Diriyah Company,Real Estate,Riyadh,Multi-Year,24,201072,97944,20208,82920,41.24
MP-2025-28439,3/7/2024,W-013805,Sri Lankan,Scaffolder,Saudi Aramco,Oil & Gas,Eastern Province,Annual,12,55560,28056,10080,17424,31.36
MP-2025-20969,17/01/2025,W-013808,Bangladeshi,Civil Foreman,SABIC,Petrochemical,Eastern Province,Annual,12,87960,45432,13092,29436,33.47
MP-2025-87286,20/11/2024,W-013809,Indian,Driver (Heavy),Saudi Aramco,Oil & Gas,Eastern Province,Short-Term,3,16497,7800,3414,5283,32.02
MP-2024-16785,16/12/2025,W-013812,Sudanese,Instrument Technician,Saudi Aramco,Oil & Gas,Eastern Province,Annual,12,121416,53196,8568,59652,49.13
MP-2024-52542,4/4/2024,W-013813,Pakistani,Mechanical Technician,NEOM,Mega Project,Tabuk,Short-Term,1,8763,4691,1249,2823,32.21
MP-2024-90627,18/11/2025,W-013815,Nepali,Electrician,Sadara Chemical,Petrochemical,Eastern Province,Short-Term,3,24267,12582,3183,8502,35.04
MP-2024-66074,15/08/2025,W-013818,Indian,Warehouse Keeper,Diriyah Company,Real Estate,Riyadh,Annual,12,63312,33228,9564,20520,32.41
MP-2024-34207,18/07/2024,W-013819,Indian,Instrument Technician,Petro Rabigh,Petrochemical,Makkah,Multi-Year,24,206952,127032,21480,58440,28.24
MP-2024-47788,7/4/2024,W-013820,Pakistani,Pipe Fitter,Saudi Electricity Co.,Power,Riyadh,Annual,12,51732,31032,10680,10020,19.37
MP-2024-12502,7/4/2024,W-013822,Bangladeshi,Scaffolder,Saudi Kayan,Petrochemical,Eastern Province,Annual,12,57048,26160,10296,-2345,-4.11
MP-2024-34142,11/11/2025,W-013823,Indian,Industrial Painter,Red Sea Global,Tourism Dev,Tabuk,Short-Term,6,38196,16854,4410,16932,44.33
MP-2025-37403,16/08/2024,W-013826,Indian,Scaffolder,Saudi Aramco,Oil & Gas,Eastern Province,Short-Term,3,19068,10011,2433,6624,34.74
MP-2025-53979,25/02/2025,W-013829,Pakistani,Pipe Fitter,Sadara Chemical,Petrochemical,Eastern Province,Annual,12,75684,35244,13284,27156,35.88
MP-2024-32709,27/09/2024,W-013832,Bangladeshi,Mechanical Technician,SABIC,Petrochemical,Eastern Province,Annual,12,103752,51108,11004,41640,40.13
MP-2025-93447,17/11/2025,W-013834,Nepali,Driver (Heavy),SABIC,Petrochemical,Eastern Province,Annual,12,75600,35640,9396,30564,40.43
MP-2024-56689,18/02/2025,W-013835,Pakistani,Pipe Fitter,Saudi Electricity Co.,Power,Riyadh,Multi-Year,24,178368,92760,16800,68808,38.58
MP-2025-30670,13/01/2025,W-013836,Yemeni,Instrument Technician,ROSHN,Real Estate,Riyadh,Annual,12,75624,46680,14844,14100,18.64
MP-2024-62995,18/08/2025,W-013839,Pakistani,Scaffolder,Saudi Electricity Co.,Power,Riyadh,Multi-Year,24,146592,79032,28560,39000,26.6
MP-2025-37312,28/07/2025,W-013842,Nepali,HVAC Technician,Saudi Electricity Co.,Power,Riyadh,Annual,12,95412,50220,15792,29400,30.81
MP-2024-47963,26/07/2024,W-013845,Egyptian,Industrial Painter,Marafiq,Utilities,Eastern Province,Short-Term,1,3837,2307,1131,399,10.4
MP-2025-35757,2/10/2025,W-013848,Indonesian,Electrician,SABIC,Petrochemical,Eastern Province,Annual,12,77892,40572,14544,22776,29.24
MP-2024-64127,13/04/2024,W-013850,Egyptian,Pipe Fitter,NEOM,Mega Project,Tabuk,Annual,12,75432,33900,15804,25728,34.11
MP-2024-64431,8/4/2024,W-013852,Yemeni,Rigger,Ma'aden,Mining,Northern Borders,Short-Term,6,41928,20094,4296,17538,41.83
MP-2025-37291,30/04/2025,W-013853,Pakistani,Mechanical Technician,Saudi Aramco,Oil & Gas,Eastern Province,Multi-Year,18,166536,84348,19980,62208,37.35
MP-2024-82867,23/05/2024,W-013855,Egyptian,Civil Foreman,Saudi Aramco,Oil & Gas,Eastern Province,Multi-Year,24,194640,107904,29424,57312,29.45
MP-2025-62017,7/7/2024,W-013857,Nepali,Helper / Labourer,Royal Commission Jubail,Industrial,Eastern Province,Multi-Year,24,80784,36792,21792,22200,27.48
MP-2024-88361,21/04/2024,W-013859,Indian,Civil Engineer,Saudi Kayan,Petrochemical,Eastern Province,Annual,12,209172,137952,14196,57024,27.26
MP-2024-97525,22/04/2024,W-013860,Nepali,HVAC Technician,Saudi Electricity Co.,Power,Riyadh,Short-Term,3,15075,8277,4176,-489,-3.24
MP-2024-38632,2/12/2024,W-013861,Filipino,Welder,NWC,Water,Riyadh,Short-Term,3,19329,10368,2205,6756,34.95
MP-2024-84407,8/9/2025,W-013863,Egyptian,Welder,Royal Commission Jubail,Industrial,Eastern Province,Short-Term,2,9494,5270,2014,2210,23.28
MP-2025-96086,29/07/2024,W-013866,Pakistani,Helper / Labourer,SABIC,Petrochemical,Eastern Province,Multi-Year,24,61368,32472,16872,12024,19.59
MP-2024-14941,16/03/2024,W-013868,Sri Lankan,Welder,Saudi Electricity Co.,Power,Riyadh,Multi-Year,18,102330,61830,15912,24588,24.03
MP-2024-15066,3/6/2024,W-013871,Filipino,Driver (Heavy),Saudi Kayan,Petrochemical,Eastern Province,Multi-Year,36,284256,125352,43596,115308,40.56
MP-2024-42302,25/10/2024,W-013872,Indian,Helper / Labourer,SABIC,Petrochemical,Eastern Province,Annual,12,43356,20952,12780,9624,22.2
MP-2024-37463,22/11/2024,W-013873,Indian,Welder,Ma'aden,Mining,Northern Borders,Multi-Year,18,119592,53586,19692,46314,38.73
MP-2025-17701,22/03/2024,W-013875,Sudanese,Welder,Diriyah Company,Real Estate,Riyadh,Short-Term,3,14838,7158,3711,3969,26.75
MP-2025-12126,18/05/2024,W-013877,Sri Lankan,Rigger,Saudi Aramco,Oil & Gas,Eastern Province,Multi-Year,18,94806,49734,23040,22032,23.24
MP-2025-51564,19/05/2024,W-013879,Indonesian,Welder,Marafiq,Utilities,Eastern Province,Short-Term,3,16917,8886,3054,4977,29.42
MP-2025-34578,11/9/2025,W-013880,Pakistani,Helper / Labourer,Saudi Aramco,Oil & Gas,Eastern Province,Multi-Year,36,140436,53316,41148,45972,32.74
MP-2025-32193,12/9/2024,W-013883,Indian,Electrician,Petro Rabigh,Petrochemical,Makkah,Short-Term,2,10230,5514,1798,2918,28.52
MP-2025-96755,8/7/2024,W-013885,Indian,Heavy Equipment Operator,Royal Commission Yanbu,Industrial,Madinah,Short-Term,3,17940,9348,3615,4977,27.74
MP-2024-28209,10/10/2025,W-013887,Pakistani,HVAC Technician,Saudi Aramco,Oil & Gas,Eastern Province,Annual,12,94020,43812,13320,36888,39.23
MP-2025-65826,3/2/2025,W-013890,Pakistani,Civil Foreman,NWC,Water,Riyadh,Short-Term,1,5338,3577,1393,368,6.89
MP-2025-66713,7/4/2025,W-013892,Indonesian,Warehouse Keeper,SABIC,Petrochemical,Eastern Province,Annual,12,81384,37284,15468,28632,35.18
MP-2024-69727,8/6/2024,W-013894,Bangladeshi,Helper / Labourer,Sadara Chemical,Petrochemical,Eastern Province,Annual,12,41760,17460,12084,12216,29.25
MP-2024-48543,31/10/2025,W-013896,Indian,Scaffolder,Worley KSA,EPC Contractor,Eastern Province,Annual,12,76164,34896,15552,25716,33.76
MP-2025-23448,6/1/2024,W-013897,Saudi,Site Supervisor,Saudi Electricity Co.,Power,Riyadh,Annual,12,159180,84684,6408,68088,42.77
MP-2024-11010,28/04/2025,W-013899,Indian,Instrument Technician,Saudi Aramco,Oil & Gas,Eastern Province,Annual,12,111852,60276,9864,41712,37.29
MP-2024-32936,23/07/2025,W-013900,Pakistani,Heavy Equipment Operator,Ma'aden,Mining,Northern Borders,Multi-Year,24,162720,82656,26328,-5620,-3.45
MP-2024-82645,1/10/2024,W-013902,Filipino,Welder,Saudi Electricity Co.,Power,Riyadh,Annual,12,86556,39924,10920,-7878,-9.1
MP-2025-35459,22/11/2024,W-013904,Sri Lankan,Pipe Fitter,ROSHN,Real Estate,Riyadh,Annual,12,75744,48744,16164,10836,14.31
MP-2025-74143,23/07/2025,W-013905,Filipino,Mechanical Technician,SABIC,Petrochemical,Eastern Province,Short-Term,6,30144,17004,7926,5214,17.3
MP-2025-53178,5/9/2024,W-013907,Indian,Electrician,Royal Commission Jubail,Industrial,Eastern Province,Annual,12,90960,42840,16164,31956,35.13
MP-2025-82832,23/02/2025,W-013909,Pakistani,Driver (Heavy),Saudi Aramco,Oil & Gas,Eastern Province,Short-Term,1,7022,3098,1345,2579,36.73
MP-2025-39099,18/12/2024,W-013911,Ethiopian,Heavy Equipment Operator,Diriyah Company,Real Estate,Riyadh,Short-Term,2,13450,7272,1474,4704,34.97
MP-2024-96593,27/09/2025,W-013914,Sri Lankan,Mechanical Technician,Marafiq,Utilities,Eastern Province,Multi-Year,36,232632,143748,45396,43488,18.69
MP-2025-74616,16/01/2025,W-013917,Filipino,HVAC Technician,Saudi Aramco,Oil & Gas,Eastern Province,Annual,12,81180,35232,7800,38148,46.99
MP-2025-84244,14/10/2025,W-013918,Nepali,Electrician,Saudi Aramco,Oil & Gas,Eastern Province,Annual,12,80100,43584,8400,1308,1.63
MP-2025-41534,27/08/2024,W-013920,Egyptian,Industrial Painter,Petro Rabigh,Petrochemical,Makkah,Short-Term,3,12081,6219,4035,1827,15.12
MP-2024-49169,24/08/2025,W-013923,Indian,Electrician,ROSHN,Real Estate,Riyadh,Annual,12,68100,35628,13344,19128,28.09
MP-2025-48765,2/10/2024,W-013925,Bangladeshi,Helper / Labourer,Saudi Kayan,Petrochemical,Eastern Province,Short-Term,1,3594,1619,830,1145,31.86
MP-2025-32820,5/8/2024,W-013927,Bangladeshi,Helper / Labourer,SABIC,Petrochemical,Eastern Province,Annual,12,31740,16512,10776,4452,14.03
MP-2025-88689,20/04/2024,W-013929,Filipino,Electrician,SABIC,Petrochemical,Eastern Province,Multi-Year,18,132048,59940,19296,52812,39.99
MP-2024-46379,17/06/2024,W-013931,Bangladeshi,Scaffolder,Royal Commission Jubail,Industrial,Eastern Province,Short-Term,2,10558,5738,2200,2620,24.82
MP-2024-20822,25/11/2024,W-013934,Filipino,Helper / Labourer,Ma'aden,Mining,Northern Borders,Short-Term,3,9126,3936,3312,1878,20.58
MP-2024-68015,10/6/2024,W-013935,Bangladeshi,Project Engineer,ROSHN,Real Estate,Riyadh,Multi-Year,18,268848,176616,23760,68472,25.47
MP-2024-57078,1/12/2025,W-013936,Filipino,Driver (Heavy),Saudi Electricity Co.,Power,Riyadh,Short-Term,1,6053,2755,1265,2033,33.59
MP-2024-25874,24/08/2024,W-013939,Indian,Welder,NEOM,Mega Project,Tabuk,Multi-Year,24,104040,53088,23112,27840,26.76
MP-2024-23925,13/08/2025,W-013940,Nepali,Scaffolder,ROSHN,Real Estate,Riyadh,Annual,12,60576,32184,7824,20568,33.95
MP-2025-66398,11/4/2024,W-013942,Indian,Helper / Labourer,Saudi Electricity Co.,Power,Riyadh,Annual,12,35988,17616,12432,5940,16.51
MP-2025-10322,5/4/2025,W-013945,Ethiopian,Helper / Labourer,Saudi Aramco,Oil & Gas,Eastern Province,Short-Term,3,13743,5208,2259,6276,45.67
MP-2025-95313,4/10/2025,W-013947,Bangladeshi,Helper / Labourer,Royal Commission Jubail,Industrial,Eastern Province,Short-Term,3,9798,4422,3834,1542,15.74
MP-2024-90601,29/10/2024,W-013949,Indian,Safety Officer,Marafiq,Utilities,Eastern Province,Multi-Year,36,385128,231480,43452,110196,28.61
MP-2024-55167,30/06/2024,W-013952,Bangladeshi,Driver (Heavy),Saudi Electricity Co.,Power,Riyadh,Short-Term,6,24396,14544,7050,2802,11.49
MP-2024-63317,9/11/2025,W-013953,Sudanese,QC Inspector,Saudi Aramco,Oil & Gas,Eastern Province,Short-Term,1,10813,5490,1450,3873,35.82
MP-2025-92470,4/5/2025,W-013956,Bangladeshi,Electrician,Saudi Aramco,Oil & Gas,Eastern Province,Short-Term,3,17334,8502,2298,6534,37.69
MP-2025-93330,13/06/2025,W-013959,Pakistani,Instrument Technician,Saudi Electricity Co.,Power,Riyadh,Multi-Year,18,120528,61038,19890,39600,32.86
MP-2024-13790,7/9/2024,W-013961,Sudanese,Helper / Labourer,SABIC,Petrochemical,Eastern Province,Annual,12,45552,19668,15660,10224,22.44
MP-2024-37155,26/05/2024,W-013963,Bangladeshi,Safety Officer,ROSHN,Real Estate,Riyadh,Multi-Year,36,293400,196344,45396,51660,17.61
MP-2025-23537,17/05/2025,W-013966,Filipino,Helper / Labourer,Ma'aden,Mining,Northern Borders,Short-Term,1,3663,1829,808,1026,28.01
MP-2024-22353,10/4/2024,W-013968,Nepali,Welder,Saudi Electricity Co.,Power,Riyadh,Annual,12,73896,39852,9456,24588,33.27
MP-2024-58339,6/3/2024,W-013969,Bangladeshi,Document Controller,Sadara Chemical,Petrochemical,Eastern Province,Short-Term,2,17162,8956,2308,5898,34.37
MP-2025-90425,25/04/2025,W-013971,Pakistani,Mechanical Technician,SABIC,Petrochemical,Eastern Province,Annual,12,80592,37548,12996,30048,37.28
MP-2024-12841,10/11/2024,W-013973,Nepali,Electrician,NWC,Water,Riyadh,Annual,12,93828,53328,11244,29256,31.18
MP-2024-28742,19/11/2025,W-013974,Yemeni,Helper / Labourer,Royal Commission Jubail,Industrial,Eastern Province,Multi-Year,36,119124,50688,43380,25056,21.03
MP-2025-86586,8/8/2024,W-013976,Nepali,Scaffolder,Saudi Aramco,Oil & Gas,Eastern Province,Short-Term,1,5795,2422,1143,2230,38.48
MP-2024-29312,19/07/2024,W-013978,Sri Lankan,Mechanical Technician,Worley KSA,EPC Contractor,Eastern Province,Annual,12,105144,54108,14088,36948,35.14
MP-2025-74585,3/8/2025,W-013980,Yemeni,Pipe Fitter,Saudi Aramco,Oil & Gas,Eastern Province,Annual,12,81612,43884,8016,29712,36.41
MP-2024-22269,26/10/2024,W-013982,Filipino,Helper / Labourer,NWC,Water,Riyadh,Multi-Year,24,69216,33984,31464,3768,5.44
MP-2025-51504,6/3/2024,W-013985,Sri Lankan,Instrument Technician,Royal Commission Jubail,Industrial,Eastern Province,Annual,12,87972,49308,9780,28884,32.83
MP-2025-36274,5/1/2024,W-013986,Indian,Pipe Fitter,Royal Commission Jubail,Industrial,Eastern Province,Short-Term,1,8107,4004,1038,3065,37.81
MP-2025-26580,1/2/2025,W-013988,Egyptian,Driver (Heavy),SABIC,Petrochemical,Eastern Province,Multi-Year,24,134952,67008,25968,-8731,-6.47
MP-2024-80812,11/9/2025,W-013990,Bangladeshi,Helper / Labourer,Saudi Aramco,Oil & Gas,Eastern Province,Short-Term,1,4347,1811,840,1696,39.02
MP-2025-88563,16/05/2024,W-013991,Filipino,Industrial Painter,Saudi Electricity Co.,Power,Riyadh,Annual,12,59148,34812,9492,14844,25.1
MP-2025-22265,31/07/2025,W-013992,Pakistani,Helper / Labourer,Bechtel KSA,EPC Contractor,Tabuk,Multi-Year,18,47700,24570,16992,6138,12.87
MP-2024-80895,19/02/2024,W-013993,Indonesian,Helper / Labourer,NEOM,Mega Project,Tabuk,Annual,12,45660,20892,13548,280,0.61
MP-2024-18372,22/12/2024,W-013995,Bangladeshi,Instrument Technician,Saudi Aramco,Oil & Gas,Eastern Province,Short-Term,3,23001,10917,2181,9903,43.05
MP-2024-72562,13/11/2024,W-013997,Pakistani,Instrument Technician,SABIC,Petrochemical,Eastern Province,Annual,12,83076,38736,12444,31896,38.39
MP-2025-68638,22/04/2024,W-013999,Yemeni,Mechanical Technician,SABIC,Petrochemical,Eastern Province,Short-Term,6,37656,17244,7458,12954,34.4
MP-2025-89470,23/06/2025,W-014002,Filipino,HVAC Technician,Ma'aden,Mining,Northern Borders,Short-Term,1,5374,2792,942,1640,30.52
MP-2025-24787,28/03/2024,W-014005,Filipino,Helper / Labourer,Saudi Electricity Co.,Power,Riyadh,Annual,12,43080,20904,13776,8400,19.5
MP-2024-72454,12/2/2024,W-014008,Pakistani,Welder,Bechtel KSA,EPC Contractor,Tabuk,Annual,12,59640,33600,13596,595,1
MP-2025-67636,23/12/2025,W-014009,Filipino,Scaffolder,NWC,Water,Riyadh,Multi-Year,24,101352,57480,27480,16392,16.17
MP-2025-53928,26/07/2025,W-014010,Indian,Electrician,Royal Commission Yanbu,Industrial,Madinah,Multi-Year,36,252504,131076,29016,92412,36.6
MP-2024-10846,4/6/2024,W-014013,Pakistani,Pipe Fitter,Royal Commission Yanbu,Industrial,Madinah,Short-Term,3,18123,9522,3408,5193,28.65
MP-2024-93620,14/01/2025,W-014016,Egyptian,Pipe Fitter,Saudi Aramco,Oil & Gas,Eastern Province,Annual,12,102312,49176,16512,-5819,-5.69
MP-2024-11003,2/7/2025,W-014019,Sri Lankan,Pipe Fitter,Diriyah Company,Real Estate,Riyadh,Short-Term,3,19212,11334,3897,3981,20.72
MP-2025-72274,25/04/2025,W-014021,Sri Lankan,Project Engineer,Saudi Aramco,Oil & Gas,Eastern Province,Multi-Year,24,360168,212184,35976,112008,31.1
MP-2025-36007,2/1/2024,W-014024,Indian,Mechanical Technician,Saudi Aramco,Oil & Gas,Eastern Province,Short-Term,2,16738,8466,1590,6682,39.92
MP-2025-38391,25/11/2025,W-014025,Pakistani,Rigger,Saudi Kayan,Petrochemical,Eastern Province,Annual,12,70656,36180,14616,19860,28.11
MP-2025-25769,25/11/2025,W-014028,Filipino,Mechanical Technician,Saudi Electricity Co.,Power,Riyadh,Annual,12,87708,44028,11424,32256,36.78
MP-2025-15333,13/09/2025,W-014031,Egyptian,Industrial Painter,Saudi Kayan,Petrochemical,Eastern Province,Short-Term,3,11931,5757,2775,3399,28.49
MP-2025-28141,21/11/2025,W-014033,Nepali,Electrician,Royal Commission Jubail,Industrial,Eastern Province,Annual,12,92244,53028,15336,23880,25.89
MP-2025-41965,30/09/2025,W-014036,Indian,Welder,Red Sea Global,Tourism Dev,Tabuk,Annual,12,53916,31068,8832,14016,26
MP-2024-20828,2/12/2024,W-014037,Egyptian,Welder,Saudi Aramco,Oil & Gas,Eastern Province,Annual,12,92148,43860,8076,-5238,-5.68
MP-2024-97742,24/09/2024,W-014039,Sri Lankan,Safety Officer,Petro Rabigh,Petrochemical,Makkah,Multi-Year,24,176736,105504,30768,40464,22.9
MP-2025-21699,6/9/2025,W-014040,Indian,Civil Foreman,Ma'aden,Mining,Northern Borders,Short-Term,3,26568,13383,3549,9636,36.27
MP-2025-47176,26/11/2025,W-014041,Sudanese,Welder,SABIC,Petrochemical,Eastern Province,Multi-Year,36,266688,119088,34416,113184,42.44
MP-2024-50681,6/2/2025,W-014044,Pakistani,Helper / Labourer,NEOM,Mega Project,Tabuk,Short-Term,3,11175,5106,2040,-911,-8.15
MP-2024-12725,13/07/2025,W-014046,Nepali,Welder,Red Sea Global,Tourism Dev,Tabuk,Annual,12,46980,26736,8016,12228,26.03
MP-2025-37324,26/05/2024,W-014048,Yemeni,Industrial Painter,Red Sea Global,Tourism Dev,Tabuk,Annual,12,76752,35460,9588,31704,41.31
MP-2025-95911,10/8/2024,W-014050,Filipino,Helper / Labourer,Petro Rabigh,Petrochemical,Makkah,Multi-Year,18,60372,33192,12204,1283,2.13
MP-2024-18646,20/07/2025,W-014052,Filipino,Helper / Labourer,Royal Commission Yanbu,Industrial,Madinah,Short-Term,6,20580,11280,6798,2502,12.16
MP-2025-46527,7/3/2024,W-014054,Filipino,Civil Engineer,Royal Commission Jubail,Industrial,Eastern Province,Annual,12,153048,87036,10308,55704,36.4
MP-2024-93015,30/03/2025,W-014056,Bangladeshi,Scaffolder,Saudi Electricity Co.,Power,Riyadh,Short-Term,1,5694,2717,755,2222,39.02
MP-2025-78146,9/3/2024,W-014058,Yemeni,Driver (Heavy),NEOM,Mega Project,Tabuk,Annual,12,103884,41424,14724,47736,45.95
MP-2025-38873,16/03/2024,W-014059,Indian,Electrician,NEOM,Mega Project,Tabuk,Short-Term,2,11656,5232,2046,4378,37.56
MP-2025-91098,30/05/2025,W-014061,Saudi,Welder,NEOM,Mega Project,Tabuk,Short-Term,3,22974,11409,1470,10095,43.94
MP-2025-94887,30/01/2024,W-014064,Indian,Helper / Labourer,Saudi Electricity Co.,Power,Riyadh,Annual,12,33336,16308,11388,5640,16.92
MP-2024-63630,29/08/2024,W-014066,Filipino,Warehouse Keeper,Red Sea Global,Tourism Dev,Tabuk,Short-Term,3,22791,10893,2313,9585,42.06
MP-2024-87610,11/6/2024,W-014067,Bangladeshi,Mechanical Technician,Ma'aden,Mining,Northern Borders,Annual,12,68196,33864,9552,24780,36.34
MP-2024-61796,28/11/2024,W-014068,Indian,Warehouse Keeper,ROSHN,Real Estate,Riyadh,Multi-Year,18,99414,54882,14958,29574,29.75
MP-2024-27770,27/11/2024,W-014070,Nepali,Mechanical Technician,Saudi Aramco,Oil & Gas,Eastern Province,Short-Term,6,54492,26832,4014,23646,43.39
MP-2025-79756,26/01/2024,W-014072,Indian,Welder,Diriyah Company,Real Estate,Riyadh,Multi-Year,18,101610,61866,24480,15264,15.02
MP-2025-82277,19/08/2025,W-014073,Filipino,Project Engineer,Saudi Aramco,Oil & Gas,Eastern Province,Multi-Year,24,562872,316896,21600,224376,39.86
MP-2024-94972,26/04/2024,W-014075,Filipino,Welder,Petro Rabigh,Petrochemical,Makkah,Annual,12,57228,27240,9456,20532,35.88
MP-2024-78531,2/4/2025,W-014078,Sudanese,Instrument Technician,ROSHN,Real Estate,Riyadh,Multi-Year,24,207504,112272,26208,-4855,-2.34
MP-2024-54550,10/10/2025,W-014079,Indian,Instrument Technician,Saudi Kayan,Petrochemical,Eastern Province,Short-Term,3,21414,10779,2001,8634,40.32
MP-2025-29560,4/7/2024,W-014080,Pakistani,Pipe Fitter,ROSHN,Real Estate,Riyadh,Multi-Year,18,110934,55656,11880,43398,39.12
MP-2024-12596,19/05/2024,W-014082,Sudanese,Warehouse Keeper,Red Sea Global,Tourism Dev,Tabuk,Annual,12,69744,33156,11856,24732,35.46
MP-2025-13261,15/12/2025,W-014084,Bangladeshi,Helper / Labourer,Saudi Aramco,Oil & Gas,Eastern Province,Annual,12,39120,17592,13776,7752,19.82
MP-2025-98904,22/05/2025,W-014086,Indian,Industrial Painter,Marafiq,Utilities,Eastern Province,Annual,12,50460,28008,16260,6192,12.27
MP-2025-18596,14/10/2024,W-014088,Nepali,Driver (Heavy),Bechtel KSA,EPC Contractor,Tabuk,Annual,12,72312,33432,12432,26448,36.57
MP-2025-76411,22/07/2024,W-014090,Filipino,Helper / Labourer,Red Sea Global,Tourism Dev,Tabuk,Multi-Year,36,143712,60408,45864,37440,26.05
MP-2025-49284,14/06/2025,W-014092,Pakistani,Welder,Red Sea Global,Tourism Dev,Tabuk,Annual,12,66480,33408,16116,16956,25.51
MP-2025-41942,11/6/2024,W-014095,Bangladeshi,Helper / Labourer,NEOM,Mega Project,Tabuk,Annual,12,44520,20268,15636,8616,19.35
MP-2025-80198,2/2/2024,W-014097,Indian,Helper / Labourer,Sadara Chemical,Petrochemical,Eastern Province,Annual,12,41700,18204,13164,10332,24.78
MP-2025-70749,18/06/2024,W-014100,Sudanese,Welder,SABIC,Petrochemical,Eastern Province,Short-Term,6,42714,20484,7038,15192,35.57
MP-2025-28596,27/08/2025,W-014102,Pakistani,Helper / Labourer,Sadara Chemical,Petrochemical,Eastern Province,Annual,12,40536,20532,16128,120,0.3
MP-2025-24409,28/12/2024,W-014103,Nepali,HVAC Technician,ROSHN,Real Estate,Riyadh,Short-Term,3,12945,7926,3216,1803,13.93
MP-2025-39750,7/3/2024,W-014104,Sri Lankan,Safety Officer,Royal Commission Jubail,Industrial,Eastern Province,Annual,12,124896,67776,18192,38928,31.17
MP-2025-34653,21/03/2024,W-014107,Egyptian,Welder,Saudi Aramco,Oil & Gas,Eastern Province,Annual,12,75204,37464,15624,22116,29.41
MP-2024-70387,27/09/2024,W-014108,Filipino,Helper / Labourer,Saudi Electricity Co.,Power,Riyadh,Short-Term,3,7236,4101,2769,366,5.06
MP-2024-82614,24/11/2025,W-014110,Pakistani,Electrician,Saudi Aramco,Oil & Gas,Eastern Province,Annual,12,76056,41040,13236,21780,28.64
MP-2024-86624,25/08/2024,W-014112,Indian,Mechanical Technician,Petro Rabigh,Petrochemical,Makkah,Short-Term,3,20616,10275,3498,6843,33.19
MP-2025-27788,30/04/2025,W-014113,Filipino,Welder,Saudi Electricity Co.,Power,Riyadh,Short-Term,3,18618,8448,2265,7905,42.46
MP-2025-72341,18/01/2025,W-014115,Egyptian,Helper / Labourer,Royal Commission Jubail,Industrial,Eastern Province,Annual,12,31644,17448,14580,-39,-0.12
MP-2024-76999,1/11/2025,W-014117,Bangladeshi,Welder,ROSHN,Real Estate,Riyadh,Short-Term,6,29064,15444,5844,-1702,-5.86
MP-2025-19667,22/03/2025,W-014120,Bangladeshi,Welder,Sadara Chemical,Petrochemical,Eastern Province,Annual,12,88632,40248,12660,35724,40.31
MP-2024-98759,21/12/2025,W-014123,Bangladeshi,Scaffolder,Royal Commission Yanbu,Industrial,Madinah,Multi-Year,24,100104,57432,29568,13104,13.09
MP-2024-50445,29/05/2025,W-014125,Yemeni,Welder,SABIC,Petrochemical,Eastern Province,Short-Term,2,12496,5582,1902,5012,40.11
MP-2024-82479,28/06/2024,W-014128,Pakistani,Scaffolder,Saudi Aramco,Oil & Gas,Eastern Province,Annual,12,62736,30240,9468,23028,36.71
MP-2024-53415,26/10/2024,W-014131,Indian,Scaffolder,SABIC,Petrochemical,Eastern Province,Multi-Year,24,131760,69744,31488,30528,23.17
MP-2024-14998,3/12/2025,W-014134,Yemeni,Rigger,NEOM,Mega Project,Tabuk,Annual,12,78432,40620,7944,29868,38.08
MP-2024-98230,23/04/2025,W-014137,Indian,Driver (Heavy),NWC,Water,Riyadh,Multi-Year,36,147456,89964,26424,31068,21.07
MP-2024-17022,30/05/2025,W-014139,Pakistani,QC Inspector,Saudi Aramco,Oil & Gas,Eastern Province,Annual,12,117000,60144,10596,46260,39.54
MP-2024-99049,16/04/2025,W-014141,Egyptian,Welder,Saudi Aramco,Oil & Gas,Eastern Province,Short-Term,6,42372,19752,5892,16728,39.48
MP-2024-58910,20/07/2024,W-014142,Pakistani,Electrician,Saudi Aramco,Oil & Gas,Eastern Province,Multi-Year,18,113346,51282,21726,40338,35.59
MP-2025-82738,19/09/2025,W-014143,Yemeni,Helper / Labourer,Sadara Chemical,Petrochemical,Eastern Province,Short-Term,1,2837,1402,950,485,17.1
MP-2024-41161,26/10/2025,W-014144,Pakistani,Safety Officer,Diriyah Company,Real Estate,Riyadh,Short-Term,3,27843,16947,3417,7479,26.86
MP-2024-41469,10/3/2025,W-014147,Bangladeshi,Welder,Petro Rabigh,Petrochemical,Makkah,Multi-Year,24,120048,69936,31296,18816,15.67
MP-2024-42055,14/10/2024,W-014149,Indian,Heavy Equipment Operator,Saudi Aramco,Oil & Gas,Eastern Province,Short-Term,2,15954,7528,1842,6584,41.27
MP-2024-82112,20/07/2024,W-014152,Egyptian,Driver (Heavy),Red Sea Global,Tourism Dev,Tabuk,Annual,12,80604,38556,9804,32244,40
MP-2024-80447,1/8/2025,W-014155,Nepali,Welder,NWC,Water,Riyadh,Annual,12,54744,31116,7908,15720,28.72
MP-2025-94936,12/5/2025,W-014157,Bangladeshi,Welder,Saudi Aramco,Oil & Gas,Eastern Province,Short-Term,3,18849,9954,2064,6831,36.24
MP-2024-69867,26/04/2024,W-014159,Pakistani,Heavy Equipment Operator,Petro Rabigh,Petrochemical,Makkah,Short-Term,6,47298,25848,4710,16740,35.39
MP-2025-20607,22/04/2024,W-014162,Egyptian,QC Inspector,Royal Commission Yanbu,Industrial,Madinah,Short-Term,3,36300,21855,3768,10677,29.41
MP-2025-54358,2/2/2025,W-014163,Filipino,Mechanical Technician,Ma'aden,Mining,Northern Borders,Short-Term,3,26487,12807,3498,10182,38.44
MP-2025-28529,11/3/2025,W-014164,Filipino,Industrial Painter,Saudi Aramco,Oil & Gas,Eastern Province,Annual,12,86256,34740,11760,39756,46.09
MP-2024-58792,7/1/2025,W-014166,Indian,Welder,NEOM,Mega Project,Tabuk,Multi-Year,36,293832,122256,24660,146916,50
MP-2024-95888,22/10/2024,W-014169,Bangladeshi,Welder,Sadara Chemical,Petrochemical,Eastern Province,Annual,12,67572,33720,9648,24204,35.82
MP-2025-99125,23/04/2024,W-014170,Sudanese,Industrial Painter,Saudi Aramco,Oil & Gas,Eastern Province,Short-Term,1,4790,2350,820,1620,33.82
MP-2025-37159,1/3/2025,W-014172,Bangladeshi,Helper / Labourer,Saudi Electricity Co.,Power,Riyadh,Annual,12,44736,22632,12396,9708,21.7
MP-2024-38370,21/01/2025,W-014175,Filipino,Site Supervisor,Saudi Aramco,Oil & Gas,Eastern Province,Short-Term,2,23362,11918,2826,8618,36.89
MP-2024-20322,18/12/2024,W-014178,Saudi,Helper / Labourer,Saudi Aramco,Oil & Gas,Eastern Province,Multi-Year,18,116928,44820,5904,66204,56.62
MP-2025-18442,14/02/2024,W-014180,Indian,Helper / Labourer,Red Sea Global,Tourism Dev,Tabuk,Annual,12,34212,16188,8952,9072,26.52
MP-2025-26263,15/06/2025,W-014181,Indian,Heavy Equipment Operator,Saudi Electricity Co.,Power,Riyadh,Annual,12,99852,54960,8280,36612,36.67
MP-2025-98754,3/4/2025,W-014184,Filipino,Helper / Labourer,Diriyah Company,Real Estate,Riyadh,Annual,12,42660,21600,10368,10692,25.06
MP-2024-51382,14/06/2024,W-014185,Indian,Pipe Fitter,SABIC,Petrochemical,Eastern Province,Multi-Year,24,194064,100272,28872,64920,33.45
MP-2024-11233,19/03/2025,W-014186,Bangladeshi,QC Inspector,Red Sea Global,Tourism Dev,Tabuk,Multi-Year,24,224568,132984,41856,49728,22.14
MP-2024-32041,2/9/2025,W-014188,Ethiopian,Industrial Painter,Sadara Chemical,Petrochemical,Eastern Province,Multi-Year,36,152928,72864,39852,40212,26.29
MP-2024-21623,10/8/2025,W-014189,Filipino,HVAC Technician,NEOM,Mega Project,Tabuk,Annual,12,90816,43836,16608,30372,33.44
MP-2024-24919,31/07/2024,W-014192,Sudanese,Instrument Technician,Saudi Electricity Co.,Power,Riyadh,Annual,12,82764,43608,9348,29808,36.02
MP-2024-65258,3/5/2024,W-014193,Indian,Safety Officer,Ma'aden,Mining,Northern Borders,Short-Term,1,9241,5837,1459,1945,21.05
MP-2024-72419,19/11/2025,W-014194,Filipino,Helper / Labourer,Sadara Chemical,Petrochemical,Eastern Province,Annual,12,39228,19224,11592,8412,21.44
MP-2024-99139,4/9/2025,W-014197,Filipino,Helper / Labourer,Saudi Aramco,Oil & Gas,Eastern Province,Multi-Year,24,82008,39888,31992,10128,12.35
MP-2025-23872,24/03/2025,W-014199,Indian,Safety Officer,Royal Commission Jubail,Industrial,Eastern Province,Short-Term,1,10172,5499,1659,3014,29.63
MP-2025-65177,2/7/2024,W-014200,Sudanese,Document Controller,Diriyah Company,Real Estate,Riyadh,Annual,12,74112,42900,11352,19860,26.8
MP-2025-56924,21/09/2024,W-014201,Sudanese,Helper / Labourer,NEOM,Mega Project,Tabuk,Short-Term,1,3179,1488,690,1001,31.49
MP-2025-88356,13/02/2025,W-014204,Nepali,Electrician,NWC,Water,Riyadh,Short-Term,6,38526,20484,5532,12510,32.47
MP-2025-27774,6/10/2025,W-014206,Sri Lankan,Welder,Worley KSA,EPC Contractor,Eastern Province,Annual,12,87492,43032,11952,32508,37.16
MP-2024-53073,28/10/2025,W-014207,Bangladeshi,Instrument Technician,Saudi Aramco,Oil & Gas,Eastern Province,Short-Term,6,58224,25692,5940,26592,45.67
MP-2024-25862,5/5/2025,W-014210,Pakistani,Scaffolder,Saudi Aramco,Oil & Gas,Eastern Province,Multi-Year,24,101808,52464,18672,30672,30.13
MP-2025-22328,5/12/2025,W-014213,Filipino,Helper / Labourer,Diriyah Company,Real Estate,Riyadh,Multi-Year,18,62406,27846,14202,20358,32.62
MP-2025-50441,15/01/2024,W-014214,Sri Lankan,Welder,Royal Commission Jubail,Industrial,Eastern Province,Short-Term,2,11818,5348,2608,3862,32.68
MP-2024-30623,10/12/2025,W-014216,Pakistani,Helper / Labourer,Sadara Chemical,Petrochemical,Eastern Province,Annual,12,37176,17820,14112,5244,14.11
MP-2024-97596,11/6/2025,W-014218,Nepali,Site Supervisor,Saudi Electricity Co.,Power,Riyadh,Short-Term,6,67446,41448,6612,19386,28.74
MP-2024-35234,23/04/2025,W-014219,Pakistani,Helper / Labourer,Saudi Aramco,Oil & Gas,Eastern Province,Multi-Year,18,73566,30798,18558,24210,32.91
MP-2025-19973,14/11/2025,W-014220,Indian,Pipe Fitter,Saudi Electricity Co.,Power,Riyadh,Annual,12,63168,32712,16716,-3316,-5.25
MP-2024-72951,26/01/2025,W-014223,Bangladeshi,Civil Foreman,NWC,Water,Riyadh,Annual,12,71604,47196,10920,13488,18.84
MP-2025-22225,5/8/2025,W-014225,Indian,Welder,Royal Commission Yanbu,Industrial,Madinah,Annual,12,60144,30084,15324,14736,24.5
MP-2025-26622,14/10/2024,W-014228,Nepali,Pipe Fitter,Saudi Aramco,Oil & Gas,Eastern Province,Annual,12,74040,32640,10236,31164,42.09
MP-2025-98414,13/06/2025,W-014231,Filipino,Project Engineer,SABIC,Petrochemical,Eastern Province,Annual,12,195348,103380,15672,76296,39.06
MP-2025-14886,3/6/2025,W-014233,Egyptian,Electrician,SABIC,Petrochemical,Eastern Province,Short-Term,6,39894,17616,8154,14124,35.4
MP-2025-12729,5/4/2025,W-014235,Indian,Helper / Labourer,Saudi Aramco,Oil & Gas,Eastern Province,Multi-Year,24,115320,45216,27000,43104,37.38
MP-2025-89793,5/10/2024,W-014237,Yemeni,Driver (Heavy),SABIC,Petrochemical,Eastern Province,Annual,12,94584,41592,11592,41400,43.77
MP-2025-88766,8/4/2024,W-014239,Bangladeshi,Welder,Saudi Electricity Co.,Power,Riyadh,Multi-Year,24,109512,52968,29976,26568,24.26
MP-2024-82152,4/6/2025,W-014241,Indian,Scaffolder,SABIC,Petrochemical,Eastern Province,Annual,12,74784,34836,12444,27504,36.78
MP-2025-87207,5/7/2025,W-014244,Filipino,Mechanical Technician,Saudi Electricity Co.,Power,Riyadh,Short-Term,1,9256,4544,975,328,3.54
MP-2025-20752,23/03/2024,W-014245,Saudi,Scaffolder,Ma'aden,Mining,Northern Borders,Annual,12,137520,70884,3792,62844,45.7
MP-2025-64897,18/03/2025,W-014248,Pakistani,Rigger,Saudi Aramco,Oil & Gas,Eastern Province,Annual,12,65784,35712,8664,21408,32.54
MP-2025-44178,30/07/2025,W-014251,Nepali,Scaffolder,Red Sea Global,Tourism Dev,Tabuk,Multi-Year,24,143352,68520,23424,51408,35.86
MP-2024-46469,27/11/2024,W-014252,Nepali,Helper / Labourer,Saudi Electricity Co.,Power,Riyadh,Annual,12,39984,21300,10884,671,1.68
MP-2025-33323,28/07/2025,W-014254,Indian,Helper / Labourer,NEOM,Mega Project,Tabuk,Short-Term,3,11058,5343,4107,1608,14.54
MP-2025-17300,29/11/2025,W-014255,Filipino,Driver (Heavy),Worley KSA,EPC Contractor,Eastern Province,Annual,12,54036,29292,15276,9468,17.52
MP-2024-92468,25/02/2025,W-014256,Bangladeshi,Scaffolder,SABIC,Petrochemical,Eastern Province,Annual,12,87276,38436,13836,35004,40.11
MP-2025-38932,20/01/2024,W-014259,Sudanese,Welder,Saudi Aramco,Oil & Gas,Eastern Province,Annual,12,76788,34836,13212,28740,37.43
MP-2024-10201,28/10/2024,W-014262,Sri Lankan,Helper / Labourer,Saudi Aramco,Oil & Gas,Eastern Province,Multi-Year,36,131508,56736,43884,1152,0.88
MP-2025-64388,30/05/2024,W-014263,Indonesian,Helper / Labourer,SABIC,Petrochemical,Eastern Province,Short-Term,3,9624,4281,2856,2487,25.84
MP-2025-42060,26/08/2024,W-014264,Filipino,Rigger,Saudi Aramco,Oil & Gas,Eastern Province,Short-Term,3,19170,10161,3558,5451,28.44
MP-2024-68784,13/08/2024,W-014265,Yemeni,Electrician,Petro Rabigh,Petrochemical,Makkah,Annual,12,90864,51408,11520,27936,30.74
MP-2024-61434,31/03/2025,W-014268,Pakistani,Welder,ROSHN,Real Estate,Riyadh,Multi-Year,36,213768,126072,36792,50904,23.81
MP-2025-90383,6/10/2024,W-014271,Pakistani,Scaffolder,SABIC,Petrochemical,Eastern Province,Annual,12,62136,29616,15432,17088,27.5
MP-2025-43259,29/01/2024,W-014272,Bangladeshi,Mechanical Technician,NEOM,Mega Project,Tabuk,Short-Term,3,25521,13632,3900,7989,31.3
MP-2025-88220,31/03/2025,W-014274,Indian,Welder,Sadara Chemical,Petrochemical,Eastern Province,Annual,12,66084,30384,8340,27360,41.4
MP-2024-94325,17/02/2024,W-014277,Yemeni,Helper / Labourer,Royal Commission Yanbu,Industrial,Madinah,Annual,12,36912,18168,9984,8760,23.73
MP-2025-55010,7/9/2024,W-014280,Ethiopian,Helper / Labourer,Red Sea Global,Tourism Dev,Tabuk,Annual,12,42480,17376,16020,9084,21.38
MP-2024-63951,16/03/2025,W-014281,Nepali,Warehouse Keeper,Red Sea Global,Tourism Dev,Tabuk,Short-Term,1,4752,2764,1400,588,12.37
MP-2024-17855,8/9/2024,W-014283,Filipino,Helper / Labourer,Sadara Chemical,Petrochemical,Eastern Province,Annual,12,36696,16164,13176,7356,20.05
MP-2025-51203,23/03/2024,W-014284,Filipino,Rigger,Sadara Chemical,Petrochemical,Eastern Province,Short-Term,3,19998,10680,2910,6408,32.04
MP-2025-71654,4/4/2025,W-014286,Sri Lankan,Instrument Technician,Royal Commission Jubail,Industrial,Eastern Province,Annual,12,82428,51840,14280,16308,19.78
MP-2025-62415,18/11/2025,W-014289,Yemeni,Helper / Labourer,NEOM,Mega Project,Tabuk,Short-Term,6,17658,7854,4500,5304,30.04
MP-2025-12198,23/06/2025,W-014292,Filipino,Scaffolder,Saudi Aramco,Oil & Gas,Eastern Province,Short-Term,2,7804,4010,2356,1438,18.43
MP-2025-12273,19/11/2024,W-014294,Sudanese,Rigger,ROSHN,Real Estate,Riyadh,Annual,12,71652,45156,8292,1639,2.29
MP-2025-59295,3/2/2024,W-014296,Bangladeshi,Mechanical Technician,SABIC,Petrochemical,Eastern Province,Annual,12,100104,53712,14400,31992,31.96
MP-2024-44229,11/4/2025,W-014298,Yemeni,Helper / Labourer,Saudi Aramco,Oil & Gas,Eastern Province,Short-Term,3,8631,4407,3969,255,2.95
MP-2024-39613,31/05/2025,W-014300,Nepali,Helper / Labourer,Worley KSA,EPC Contractor,Eastern Province,Annual,12,45612,20988,15540,9084,19.92
MP-2025-72792,5/11/2024,W-014301,Indian,Site Supervisor,Marafiq,Utilities,Eastern Province,Short-Term,2,14822,9052,2326,3444,23.24
MP-2025-51717,1/7/2025,W-014302,Pakistani,Project Engineer,NWC,Water,Riyadh,Annual,12,177312,122256,11088,43968,24.8
MP-2025-55053,29/09/2025,W-014305,Indian,Civil Foreman,Sadara Chemical,Petrochemical,Eastern Province,Multi-Year,18,210834,104256,19188,87390,41.45
MP-2025-78003,23/04/2024,W-014307,Bangladeshi,Helper / Labourer,SABIC,Petrochemical,Eastern Province,Annual,12,42816,22380,9780,10656,24.89
MP-2024-81792,12/2/2024,W-014310,Indian,Pipe Fitter,NEOM,Mega Project,Tabuk,Multi-Year,36,190980,98640,39780,52560,27.52
MP-2025-30576,15/04/2024,W-014313,Filipino,Industrial Painter,Saudi Electricity Co.,Power,Riyadh,Multi-Year,18,109440,52344,13068,1988,1.82
MP-2025-35322,29/10/2024,W-014314,Ethiopian,Electrician,Saudi Electricity Co.,Power,Riyadh,Short-Term,1,6346,3231,922,2193,34.56
MP-2024-52038,16/08/2024,W-014315,Indian,Helper / Labourer,Sadara Chemical,Petrochemical,Eastern Province,Annual,12,43908,19440,8700,1577,3.59
MP-2025-57259,20/09/2025,W-014318,Pakistani,Helper / Labourer,Sadara Chemical,Petrochemical,Eastern Province,Annual,12,45468,21648,14544,9276,20.4
MP-2025-25686,25/07/2025,W-014321,Saudi,Safety Officer,Saudi Aramco,Oil & Gas,Eastern Province,Annual,12,210132,115380,4008,90744,43.18
MP-2024-91018,15/04/2024,W-014322,Bangladeshi,Welder,Red Sea Global,Tourism Dev,Tabuk,Annual,12,82140,38700,8640,2794,3.4
MP-2024-30976,11/11/2025,W-014324,Indian,Helper / Labourer,Saudi Electricity Co.,Power,Riyadh,Short-Term,6,20346,11130,4278,4938,24.27
MP-2025-93628,15/02/2025,W-014325,Nepali,Industrial Painter,ROSHN,Real Estate,Riyadh,Annual,12,57324,36552,9540,11232,19.59
MP-2024-10508,12/1/2024,W-014327,Filipino,Pipe Fitter,Royal Commission Yanbu,Industrial,Madinah,Annual,12,95220,49044,12228,33948,35.65
MP-2025-16443,21/12/2025,W-014328,Indian,Welder,NWC,Water,Riyadh,Annual,12,74556,43932,10860,19764,26.51
MP-2024-43303,14/07/2024,W-014331,Bangladeshi,Pipe Fitter,ROSHN,Real Estate,Riyadh,Short-Term,3,15660,8205,2052,5403,34.5
MP-2024-29322,8/10/2025,W-014334,Bangladeshi,Helper / Labourer,Saudi Aramco,Oil & Gas,Eastern Province,Annual,12,43956,16848,9432,-3652,-8.31
MP-2025-72535,26/09/2024,W-014336,Indonesian,Industrial Painter,Bechtel KSA,EPC Contractor,Tabuk,Multi-Year,18,81648,49716,23454,8478,10.38
MP-2025-67101,5/2/2025,W-014339,Pakistani,Welder,Petro Rabigh,Petrochemical,Makkah,Short-Term,3,15207,8670,3108,3429,22.55
MP-2025-59927,21/12/2024,W-014341,Nepali,Warehouse Keeper,ROSHN,Real Estate,Riyadh,Multi-Year,18,89352,48384,12402,28566,31.97
MP-2024-87539,24/01/2024,W-014342,Ethiopian,Helper / Labourer,Petro Rabigh,Petrochemical,Makkah,Annual,12,30744,15660,15276,-192,-0.62
MP-2025-20438,14/08/2025,W-014345,Indian,Instrument Technician,SABIC,Petrochemical,Eastern Province,Short-Term,3,30135,15513,3744,10878,36.1
MP-2024-83415,21/06/2024,W-014348,Filipino,Electrician,NEOM,Mega Project,Tabuk,Annual,12,87048,37116,14376,35556,40.85
MP-2024-50321,27/03/2025,W-014349,Filipino,Civil Foreman,Petro Rabigh,Petrochemical,Makkah,Multi-Year,36,310788,168696,45540,96552,31.07
MP-2024-26527,4/11/2025,W-014352,Bangladeshi,Welder,NEOM,Mega Project,Tabuk,Multi-Year,36,278640,126144,44208,108288,38.86
MP-2025-59807,6/12/2025,W-014355,Indian,Driver (Heavy),Sadara Chemical,Petrochemical,Eastern Province,Annual,12,79044,37524,15648,25872,32.73
MP-2024-80322,2/1/2024,W-014356,Filipino,Pipe Fitter,Saudi Electricity Co.,Power,Riyadh,Short-Term,6,36954,19956,7176,9822,26.58
MP-2025-73564,23/02/2025,W-014359,Bangladeshi,Welder,NWC,Water,Riyadh,Short-Term,6,31908,15300,7206,9402,29.47
MP-2025-53872,30/05/2024,W-014360,Pakistani,Rigger,Saudi Aramco,Oil & Gas,Eastern Province,Annual,12,101892,44832,14184,42876,42.08
MP-2024-75922,17/12/2025,W-014363,Bangladeshi,Heavy Equipment Operator,Saudi Electricity Co.,Power,Riyadh,Short-Term,1,7184,4070,1045,2069,28.8
MP-2024-66169,30/03/2025,W-014365,Egyptian,Helper / Labourer,Red Sea Global,Tourism Dev,Tabuk,Annual,12,42012,20052,10812,11148,26.54
MP-2025-56608,21/11/2024,W-014366,Egyptian,Helper / Labourer,Saudi Electricity Co.,Power,Riyadh,Multi-Year,36,118800,56304,29808,32688,27.52
MP-2024-84150,30/07/2024,W-014368,Egyptian,Helper / Labourer,Saudi Aramco,Oil & Gas,Eastern Province,Short-Term,2,7236,3604,2404,1228,16.97
MP-2024-32616,14/10/2024,W-014369,Indian,Scaffolder,NEOM,Mega Project,Tabuk,Annual,12,66912,29124,9312,28476,42.56
MP-2024-84412,5/10/2025,W-014372,Egyptian,Mechanical Technician,Red Sea Global,Tourism Dev,Tabuk,Multi-Year,18,126468,60282,14346,51840,40.99
MP-2024-19435,7/12/2024,W-014373,Bangladeshi,Scaffolder,Royal Commission Yanbu,Industrial,Madinah,Annual,12,62640,30720,8736,23184,37.01
MP-2025-45725,2/3/2025,W-014374,Pakistani,Civil Foreman,Petro Rabigh,Petrochemical,Makkah,Short-Term,3,23763,14133,3633,5997,25.24
MP-2024-74981,19/05/2024,W-014375,Nepali,Helper / Labourer,Saudi Electricity Co.,Power,Riyadh,Annual,12,45300,21312,8364,15624,34.49
MP-2024-79561,23/12/2024,W-014377,Bangladeshi,QC Inspector,Red Sea Global,Tourism Dev,Tabuk,Multi-Year,24,264456,159240,21432,83784,31.68
MP-2025-52071,26/10/2025,W-014380,Indian,Scaffolder,Saudi Aramco,Oil & Gas,Eastern Province,Annual,12,60516,29712,9048,21756,35.95
MP-2025-33906,2/3/2025,W-014382,Indian,Safety Officer,Saudi Electricity Co.,Power,Riyadh,Annual,12,97524,54252,9780,33492,34.34
MP-2024-72979,17/12/2024,W-014383,Nepali,Driver (Heavy),Diriyah Company,Real Estate,Riyadh,Multi-Year,18,91530,51102,12618,27810,30.38
MP-2025-49182,8/4/2024,W-014385,Filipino,Pipe Fitter,SABIC,Petrochemical,Eastern Province,Short-Term,3,19362,10548,3660,5154,26.62
MP-2025-96895,7/8/2025,W-014387,Pakistani,Mechanical Technician,Sadara Chemical,Petrochemical,Eastern Province,Annual,12,81984,47580,7968,26436,32.25
MP-2025-95018,26/12/2025,W-014388,Nepali,Electrician,Worley KSA,EPC Contractor,Eastern Province,Annual,12,79080,41928,10824,26328,33.29
MP-2024-28463,3/1/2024,W-014391,Pakistani,Safety Officer,Petro Rabigh,Petrochemical,Makkah,Annual,12,139452,76272,13104,50076,35.91
MP-2024-57178,30/08/2025,W-014393,Bangladeshi,Document Controller,Red Sea Global,Tourism Dev,Tabuk,Short-Term,3,25461,14361,3882,7218,28.35
MP-2025-41508,10/11/2025,W-014394,Sudanese,Rigger,Red Sea Global,Tourism Dev,Tabuk,Annual,12,70356,30924,12012,27420,38.97
MP-2025-43365,16/04/2024,W-014395,Pakistani,Rigger,Diriyah Company,Real Estate,Riyadh,Annual,12,55332,29424,15684,10224,18.48
MP-2024-91208,12/11/2025,W-014397,Indian,Helper / Labourer,NEOM,Mega Project,Tabuk,Multi-Year,24,101064,39168,27744,34152,33.79
MP-2025-73698,4/9/2025,W-014399,Sudanese,Electrician,Ma'aden,Mining,Northern Borders,Annual,12,70980,40380,15876,14724,20.74
MP-2025-92322,17/10/2025,W-014400,Egyptian,Industrial Painter,SABIC,Petrochemical,Eastern Province,Annual,12,76800,32232,10512,-1827,-2.38
MP-2024-42980,14/02/2025,W-014403,Ethiopian,Mechanical Technician,Diriyah Company,Real Estate,Riyadh,Short-Term,3,22419,12417,3771,6231,27.79
MP-2024-48121,7/5/2024,W-014406,Pakistani,Electrician,Sadara Chemical,Petrochemical,Eastern Province,Short-Term,2,13208,7098,2370,3740,28.32
MP-2024-70487,27/01/2024,W-014407,Filipino,Industrial Painter,Saudi Aramco,Oil & Gas,Eastern Province,Annual,12,58620,31668,15420,11532,19.67
MP-2025-14622,27/01/2025,W-014409,Filipino,Rigger,NEOM,Mega Project,Tabuk,Annual,12,80940,35904,16296,28740,35.51
MP-2024-62149,21/12/2025,W-014410,Indian,Helper / Labourer,NEOM,Mega Project,Tabuk,Annual,12,51684,20388,16116,15180,29.37
MP-2025-98716,12/9/2024,W-014412,Ethiopian,Helper / Labourer,Ma'aden,Mining,Northern Borders,Short-Term,3,11196,5166,2052,120,1.07
MP-2024-45401,28/03/2024,W-014413,Pakistani,Electrician,Saudi Aramco,Oil & Gas,Eastern Province,Short-Term,1,5320,2741,1103,1476,27.74
MP-2025-31622,19/05/2025,W-014416,Pakistani,Safety Officer,Saudi Electricity Co.,Power,Riyadh,Multi-Year,24,198984,111528,35856,51600,25.93
MP-2024-45131,16/06/2025,W-014417,Indian,Helper / Labourer,Bechtel KSA,EPC Contractor,Tabuk,Annual,12,47064,20388,13860,12816,27.23
MP-2025-92429,23/03/2025,W-014419,Filipino,Pipe Fitter,Royal Commission Yanbu,Industrial,Madinah,Annual,12,89244,49848,16332,23064,25.84
MP-2024-71718,28/08/2025,W-014421,Egyptian,Helper / Labourer,Saudi Aramco,Oil & Gas,Eastern Province,Annual,12,46908,21096,16248,9564,20.39
MP-2024-98109,11/5/2024,W-014422,Sudanese,Pipe Fitter,SABIC,Petrochemical,Eastern Province,Annual,12,65268,35760,11196,18312,28.06
MP-2025-94136,13/07/2025,W-014425,Sudanese,Pipe Fitter,Sadara Chemical,Petrochemical,Eastern Province,Annual,12,79404,35412,14628,29364,36.98
MP-2025-92467,6/10/2025,W-014427,Pakistani,Industrial Painter,SABIC,Petrochemical,Eastern Province,Annual,12,66576,34596,16116,15864,23.83
MP-2024-79772,12/11/2025,W-014430,Pakistani,Scaffolder,Marafiq,Utilities,Eastern Province,Short-Term,1,5019,2962,805,1252,24.95
MP-2024-87740,9/8/2024,W-014432,Sudanese,Helper / Labourer,Ma'aden,Mining,Northern Borders,Annual,12,46008,19464,15552,10992,23.89
MP-2025-60069,17/11/2025,W-014433,Indian,Civil Engineer,SABIC,Petrochemical,Eastern Province,Annual,12,162540,95904,20712,45924,28.25
MP-2024-34193,29/03/2025,W-014434,Filipino,Warehouse Keeper,Saudi Aramco,Oil & Gas,Eastern Province,Short-Term,3,22200,10890,2604,8706,39.22
MP-2024-85105,11/1/2024,W-014436,Nepali,Mechanical Technician,Saudi Aramco,Oil & Gas,Eastern Province,Annual,12,105948,52212,14460,39276,37.07
MP-2025-65190,31/10/2025,W-014438,Nepali,Welder,Saudi Electricity Co.,Power,Riyadh,Multi-Year,36,156996,87696,37548,31752,20.22
MP-2024-96084,2/11/2024,W-014439,Bangladeshi,Helper / Labourer,SABIC,Petrochemical,Eastern Province,Short-Term,2,6274,3064,1792,1418,22.6
MP-2025-71245,1/11/2024,W-014440,Filipino,Welder,Saudi Aramco,Oil & Gas,Eastern Province,Annual,12,78240,39540,13932,24768,31.66
MP-2025-84596,3/2/2024,W-014443,Egyptian,Helper / Labourer,ROSHN,Real Estate,Riyadh,Short-Term,2,6150,3004,1472,1674,27.22
MP-2025-99479,24/02/2024,W-014444,Filipino,Helper / Labourer,Saudi Electricity Co.,Power,Riyadh,Annual,12,39984,16956,9084,13944,34.87
MP-2024-70603,10/10/2024,W-014445,Indian,Electrician,SABIC,Petrochemical,Eastern Province,Annual,12,89580,45732,9048,34800,38.85
MP-2024-62629,4/1/2024,W-014446,Indian,Industrial Painter,Diriyah Company,Real Estate,Riyadh,Annual,12,58152,30720,11100,16332,28.09
MP-2024-28555,9/9/2025,W-014447,Indian,Document Controller,NEOM,Mega Project,Tabuk,Annual,12,112632,61860,15348,35424,31.45
MP-2024-63510,5/1/2025,W-014449,Pakistani,Helper / Labourer,Saudi Kayan,Petrochemical,Eastern Province,Annual,12,35100,18036,12960,4104,11.69
MP-2025-26006,27/01/2024,W-014450,Egyptian,Electrician,Marafiq,Utilities,Eastern Province,Annual,12,65604,34632,9504,21468,32.72
MP-2025-77269,12/10/2025,W-014453,Egyptian,Civil Foreman,Saudi Aramco,Oil & Gas,Eastern Province,Short-Term,6,54042,27804,6120,20118,37.23
MP-2024-35198,3/2/2024,W-014455,Bangladeshi,Mechanical Technician,Saudi Aramco,Oil & Gas,Eastern Province,Annual,12,69444,35364,16200,17880,25.75
MP-2025-22218,5/2/2025,W-014457,Filipino,Scaffolder,ROSHN,Real Estate,Riyadh,Annual,12,49416,29388,11268,8760,17.73
MP-2025-62915,13/04/2025,W-014459,Yemeni,Mechanical Technician,Saudi Aramco,Oil & Gas,Eastern Province,Annual,12,78024,38988,16392,22644,29.02
MP-2025-98646,12/10/2025,W-014462,Yemeni,Helper / Labourer,ROSHN,Real Estate,Riyadh,Annual,12,30912,17304,9396,4212,13.63
MP-2025-69138,7/12/2024,W-014464,Sri Lankan,Scaffolder,Petro Rabigh,Petrochemical,Makkah,Short-Term,1,4460,2423,1050,44,0.99
MP-2025-38471,29/04/2024,W-014467,Indian,Electrician,Saudi Aramco,Oil & Gas,Eastern Province,Short-Term,3,16221,8724,3288,4209,25.95
MP-2025-85985,2/11/2024,W-014469,Bangladeshi,Welder,Saudi Aramco,Oil & Gas,Eastern Province,Annual,12,97104,45468,10560,41076,42.3
MP-2025-64831,15/12/2024,W-014471,Indian,Civil Foreman,Saudi Electricity Co.,Power,Riyadh,Short-Term,6,41910,24150,5106,12654,30.19
MP-2024-36636,16/08/2025,W-014472,Filipino,Scaffolder,Red Sea Global,Tourism Dev,Tabuk,Annual,12,58440,29856,15384,13200,22.59
MP-2024-95190,21/02/2025,W-014473,Indian,Pipe Fitter,Saudi Electricity Co.,Power,Riyadh,Annual,12,59964,29532,11784,18648,31.1
MP-2025-67544,2/9/2025,W-014475,Bangladeshi,Helper / Labourer,SABIC,Petrochemical,Eastern Province,Annual,12,41892,21540,9804,10548,25.18
MP-2024-68201,12/3/2024,W-014478,Sudanese,Welder,Saudi Electricity Co.,Power,Riyadh,Short-Term,3,14004,7191,2895,3918,27.98
MP-2024-63328,6/7/2025,W-014481,Sri Lankan,Scaffolder,Saudi Aramco,Oil & Gas,Eastern Province,Short-Term,2,7968,4146,2226,1596,20.03
MP-2025-46690,23/01/2025,W-014482,Sudanese,Helper / Labourer,Petro Rabigh,Petrochemical,Makkah,Multi-Year,36,142488,59040,42516,40932,28.73
MP-2024-62275,18/09/2025,W-014484,Nepali,Pipe Fitter,Saudi Electricity Co.,Power,Riyadh,Multi-Year,24,177144,91224,17232,68688,38.78
MP-2024-73228,19/02/2024,W-014485,Sudanese,Driver (Heavy),SABIC,Petrochemical,Eastern Province,Annual,12,78324,40308,12588,25428,32.47
MP-2025-42166,19/04/2024,W-014486,Saudi,QC Inspector,Royal Commission Jubail,Industrial,Eastern Province,Annual,12,124152,74484,4632,45036,36.27
MP-2024-52465,10/9/2024,W-014488,Bangladeshi,Document Controller,Bechtel KSA,EPC Contractor,Tabuk,Annual,12,103980,61212,15540,27228,26.19
MP-2025-81349,10/2/2025,W-014489,Nepali,Welder,Diriyah Company,Real Estate,Riyadh,Multi-Year,24,119544,57504,32112,-6879,-5.75
MP-2025-83424,14/02/2025,W-014491,Sri Lankan,Project Engineer,Royal Commission Jubail,Industrial,Eastern Province,Annual,12,220404,134880,15648,69876,31.7
MP-2025-36605,17/12/2025,W-014492,Pakistani,Pipe Fitter,Sadara Chemical,Petrochemical,Eastern Province,Annual,12,76092,37632,8820,29640,38.95
MP-2025-50594,3/11/2024,W-014493,Bangladeshi,Scaffolder,Royal Commission Jubail,Industrial,Eastern Province,Annual,12,62340,32508,7980,21852,35.05
MP-2025-50923,12/12/2024,W-014496,Indian,Civil Engineer,Saudi Aramco,Oil & Gas,Eastern Province,Short-Term,1,14959,7411,1151,6397,42.76
MP-2025-18758,11/2/2025,W-014498,Filipino,QC Inspector,Red Sea Global,Tourism Dev,Tabuk,Annual,12,101868,52596,14316,34956,34.31
MP-2025-51882,27/10/2025,W-014501,Indian,Welder,Saudi Aramco,Oil & Gas,Eastern Province,Annual,12,74484,37368,9336,2484,3.33
MP-2025-17261,7/5/2025,W-014504,Sri Lankan,Electrician,Diriyah Company,Real Estate,Riyadh,Multi-Year,24,134112,71592,22296,40224,29.99
MP-2024-41183,6/12/2025,W-014507,Indian,Heavy Equipment Operator,ROSHN,Real Estate,Riyadh,Annual,12,98472,50784,10824,36864,37.44
MP-2024-40031,17/05/2024,W-014509,Bangladeshi,Scaffolder,Red Sea Global,Tourism Dev,Tabuk,Short-Term,1,5691,2869,722,60,1.05
MP-2025-75057,15/09/2025,W-014511,Nepali,Welder,Saudi Aramco,Oil & Gas,Eastern Province,Short-Term,2,10822,4548,1532,4742,43.82
MP-2025-26558,31/08/2024,W-014512,Egyptian,Site Supervisor,Saudi Electricity Co.,Power,Riyadh,Short-Term,3,34278,18678,4557,11043,32.22
MP-2024-87776,15/04/2024,W-014514,Filipino,Civil Engineer,Marafiq,Utilities,Eastern Province,Multi-Year,18,234360,132966,28152,73242,31.25
MP-2024-47017,7/9/2025,W-014515,Saudi,Driver (Heavy),Saudi Electricity Co.,Power,Riyadh,Multi-Year,36,362664,164700,17280,180684,49.82
MP-2025-83569,23/04/2025,W-014516,Filipino,Pipe Fitter,Saudi Aramco,Oil & Gas,Eastern Province,Annual,12,85968,39972,14040,31956,37.17
MP-2025-68921,29/08/2024,W-014519,Bangladeshi,Helper / Labourer,Ma'aden,Mining,Northern Borders,Multi-Year,24,77808,35472,19152,23184,29.8
MP-2025-91610,18/04/2025,W-014522,Bangladeshi,Safety Officer,Petro Rabigh,Petrochemical,Makkah,Annual,12,93816,49176,18216,26424,28.17
MP-2024-77964,23/11/2025,W-014525,Indian,Pipe Fitter,Marafiq,Utilities,Eastern Province,Short-Term,2,10908,5772,1328,3808,34.91
MP-2025-71721,18/08/2025,W-014527,Saudi,QC Inspector,Diriyah Company,Real Estate,Riyadh,Annual,12,125184,72420,5316,47448,37.9
MP-2024-47746,20/06/2024,W-014529,Bangladeshi,Helper / Labourer,Red Sea Global,Tourism Dev,Tabuk,Short-Term,3,8376,4371,2025,1980,23.64
MP-2024-16953,1/9/2025,W-014530,Egyptian,Scaffolder,Royal Commission Yanbu,Industrial,Madinah,Multi-Year,18,90108,53100,14958,22050,24.47
MP-2024-70308,7/7/2024,W-014531,Bangladeshi,Warehouse Keeper,SABIC,Petrochemical,Eastern Province,Multi-Year,24,159648,71760,15840,-4550,-2.85
MP-2025-26498,17/09/2025,W-014532,Indian,Electrician,Ma'aden,Mining,Northern Borders,Annual,12,76188,41424,9216,25548,33.53
MP-2024-94853,26/11/2024,W-014535,Bangladeshi,Industrial Painter,Red Sea Global,Tourism Dev,Tabuk,Annual,12,60324,34284,10980,15060,24.97
MP-2024-32126,19/06/2024,W-014537,Egyptian,Pipe Fitter,Sadara Chemical,Petrochemical,Eastern Province,Annual,12,63852,33900,8184,21768,34.09
MP-2024-85320,8/2/2024,W-014540,Saudi,Welder,Sadara Chemical,Petrochemical,Eastern Province,Annual,12,91056,48084,3192,39780,43.69
MP-2024-52583,21/11/2024,W-014542,Nepali,Welder,Marafiq,Utilities,Eastern Province,Short-Term,2,9438,4800,2198,2440,25.85
MP-2024-66736,29/03/2025,W-014544,Sudanese,Scaffolder,NEOM,Mega Project,Tabuk,Annual,12,58644,29136,12972,16536,28.2
MP-2025-51872,5/8/2024,W-014547,Egyptian,Civil Foreman,SABIC,Petrochemical,Eastern Province,Multi-Year,24,173256,94464,28080,50712,29.27
MP-2024-42521,7/6/2025,W-014548,Sri Lankan,Scaffolder,NWC,Water,Riyadh,Short-Term,3,14397,7044,3477,383,2.66
MP-2025-50661,13/04/2024,W-014549,Indian,Helper / Labourer,NWC,Water,Riyadh,Short-Term,6,17184,9738,7584,-138,-0.8
MP-2024-40166,21/12/2024,W-014550,Pakistani,Welder,Saudi Aramco,Oil & Gas,Eastern Province,Short-Term,2,12854,5446,2032,5376,41.82
MP-2025-52502,1/7/2025,W-014552,Indian,Civil Foreman,Bechtel KSA,EPC Contractor,Tabuk,Annual,12,103068,62952,9168,30948,30.03
MP-2025-54680,6/2/2025,W-014554,Indian,Safety Officer,Saudi Aramco,Oil & Gas,Eastern Province,Multi-Year,18,135144,74790,28134,-4745,-3.51
MP-2024-86858,3/4/2024,W-014555,Sudanese,Helper / Labourer,Petro Rabigh,Petrochemical,Makkah,Multi-Year,24,79944,41496,27984,10464,13.09
MP-2025-18962,23/09/2025,W-014558,Yemeni,Welder,Red Sea Global,Tourism Dev,Tabuk,Multi-Year,24,151704,66552,31704,53448,35.23
MP-2024-32764,11/6/2025,W-014561,Nepali,Site Supervisor,Saudi Electricity Co.,Power,Riyadh,Short-Term,3,24402,14583,4815,5004,20.51
MP-2025-66698,31/08/2024,W-014563,Indian,Driver (Heavy),Saudi Aramco,Oil & Gas,Eastern Province,Annual,12,51264,27624,9180,14460,28.21
MP-2025-75663,2/1/2025,W-014566,Nepali,Safety Officer,Saudi Electricity Co.,Power,Riyadh,Short-Term,2,20088,11304,2418,6366,31.69
MP-2024-87707,8/2/2024,W-014567,Indian,Warehouse Keeper,Royal Commission Jubail,Industrial,Eastern Province,Annual,12,50688,30408,9744,10536,20.79
MP-2024-80509,31/08/2025,W-014568,Indian,Helper / Labourer,Petro Rabigh,Petrochemical,Makkah,Annual,12,35652,18384,12504,4764,13.36
MP-2025-80209,26/12/2024,W-014569,Filipino,Rigger,NWC,Water,Riyadh,Multi-Year,18,132678,70002,20628,42048,31.69
MP-2025-82981,3/7/2025,W-014570,Bangladeshi,Pipe Fitter,Saudi Aramco,Oil & Gas,Eastern Province,Annual,12,68112,32172,15216,20724,30.43
MP-2024-98241,15/11/2025,W-014572,Bangladeshi,QC Inspector,Saudi Electricity Co.,Power,Riyadh,Annual,12,104328,61596,12264,30468,29.2
MP-2024-79922,15/08/2024,W-014573,Egyptian,Safety Officer,NWC,Water,Riyadh,Annual,12,108540,64992,16164,27384,25.23
MP-2025-55439,17/10/2024,W-014576,Filipino,Industrial Painter,Petro Rabigh,Petrochemical,Makkah,Short-Term,3,11280,6648,2928,1704,15.11
MP-2025-68909,16/01/2025,W-014577,Yemeni,Electrician,Ma'aden,Mining,Northern Borders,Short-Term,3,18180,9534,2739,5907,32.49
MP-2025-62713,31/07/2024,W-014579,Pakistani,Helper / Labourer,Ma'aden,Mining,Northern Borders,Multi-Year,36,122472,51336,23832,-5672,-4.63
MP-2025-66167,5/12/2024,W-014580,Pakistani,Mechanical Technician,Ma'aden,Mining,Northern Borders,Annual,12,60300,34044,11208,15048,24.96
MP-2025-24190,29/08/2025,W-014581,Sudanese,Welder,SABIC,Petrochemical,Eastern Province,Annual,12,66360,29352,9096,27912,42.06
MP-2024-59145,24/10/2024,W-014583,Pakistani,Rigger,Worley KSA,EPC Contractor,Eastern Province,Short-Term,1,6403,3112,677,2614,40.82
MP-2024-84452,22/05/2025,W-014585,Nepali,Scaffolder,Ma'aden,Mining,Northern Borders,Short-Term,3,11544,6408,2406,2730,23.65
MP-2025-42601,22/06/2025,W-014586,Egyptian,Welder,Saudi Aramco,Oil & Gas,Eastern Province,Short-Term,2,12036,5402,2228,4406,36.61
MP-2024-74450,9/12/2025,W-014589,Pakistani,Mechanical Technician,NEOM,Mega Project,Tabuk,Multi-Year,36,247644,123408,43776,80460,32.49
MP-2025-35513,2/1/2025,W-014590,Filipino,Helper / Labourer,Saudi Aramco,Oil & Gas,Eastern Province,Short-Term,3,12693,5301,2076,5316,41.88
MP-2024-14896,12/5/2024,W-014591,Sri Lankan,Scaffolder,Sadara Chemical,Petrochemical,Eastern Province,Annual,12,70056,31584,16380,22092,31.53
MP-2024-96415,12/1/2025,W-014594,Filipino,Welder,SABIC,Petrochemical,Eastern Province,Multi-Year,24,168912,82464,31944,54504,32.27
MP-2025-62762,17/03/2025,W-014595,Egyptian,Helper / Labourer,Saudi Kayan,Petrochemical,Eastern Province,Short-Term,2,6820,3186,2456,1178,17.27
MP-2024-86507,24/07/2025,W-014597,Sudanese,Industrial Painter,Sadara Chemical,Petrochemical,Eastern Province,Annual,12,71184,31608,15096,24480,34.39
MP-2025-49681,6/11/2024,W-014598,Indian,Pipe Fitter,Bechtel KSA,EPC Contractor,Tabuk,Annual,12,61152,32028,15324,13800,22.57
MP-2024-42023,17/04/2025,W-014599,Bangladeshi,Electrician,Saudi Aramco,Oil & Gas,Eastern Province,Multi-Year,18,144162,78030,13752,52380,36.33
MP-2024-44546,4/5/2024,W-014602,Egyptian,Rigger,Saudi Electricity Co.,Power,Riyadh,Annual,12,53040,28068,14844,10128,19.1
MP-2024-23360,17/08/2025,W-014605,Indian,Electrician,NWC,Water,Riyadh,Multi-Year,24,196896,102912,22968,71016,36.07
MP-2024-47940,5/3/2024,W-014606,Pakistani,Welder,Saudi Aramco,Oil & Gas,Eastern Province,Annual,12,69000,36300,15516,17184,24.9
MP-2024-50901,10/1/2024,W-014608,Sri Lankan,HVAC Technician,SABIC,Petrochemical,Eastern Province,Short-Term,1,6911,3401,652,2858,41.35
MP-2024-75841,4/1/2025,W-014610,Indian,Helper / Labourer,Royal Commission Jubail,Industrial,Eastern Province,Multi-Year,36,109620,56592,45468,7560,6.9
MP-2024-19071,23/01/2024,W-014611,Indian,Helper / Labourer,Sadara Chemical,Petrochemical,Eastern Province,Multi-Year,24,67824,35736,29352,2736,4.03
MP-2025-88596,2/10/2024,W-014612,Bangladeshi,Scaffolder,SABIC,Petrochemical,Eastern Province,Multi-Year,36,180756,85392,39060,56304,31.15
MP-2025-10486,10/9/2025,W-014613,Pakistani,Welder,SABIC,Petrochemical,Eastern Province,Annual,12,87228,45576,9468,32184,36.9
MP-2025-19280,5/1/2024,W-014615,Indian,Pipe Fitter,Royal Commission Jubail,Industrial,Eastern Province,Annual,12,56796,33852,13608,552,0.97
MP-2025-41645,30/03/2024,W-014618,Sudanese,Welder,Worley KSA,EPC Contractor,Eastern Province,Annual,12,69696,38760,14880,16056,23.04
MP-2024-61926,8/2/2024,W-014620,Indonesian,Welder,SABIC,Petrochemical,Eastern Province,Short-Term,6,35874,17040,7848,10986,30.62
MP-2025-76684,15/09/2024,W-014623,Indian,Welder,Red Sea Global,Tourism Dev,Tabuk,Annual,12,65496,28440,16092,20964,32.01
MP-2025-10514,14/03/2024,W-014625,Bangladeshi,Project Engineer,Saudi Kayan,Petrochemical,Eastern Province,Annual,12,214104,118548,16452,79104,36.95
MP-2024-68215,24/06/2025,W-014626,Indian,Driver (Heavy),Saudi Electricity Co.,Power,Riyadh,Annual,12,82524,39144,16740,26640,32.28
MP-2024-32311,5/4/2024,W-014628,Pakistani,Welder,Bechtel KSA,EPC Contractor,Tabuk,Annual,12,79932,42708,10308,26916,33.67
MP-2025-96978,1/8/2025,W-014631,Bangladeshi,HVAC Technician,Sadara Chemical,Petrochemical,Eastern Province,Multi-Year,24,152904,86928,29568,-3358,-2.2
MP-2024-57211,6/9/2024,W-014632,Yemeni,Helper / Labourer,Sadara Chemical,Petrochemical,Eastern Province,Annual,12,38316,19812,13440,5064,13.22
MP-2024-60582,24/04/2024,W-014635,Filipino,Rigger,Saudi Electricity Co.,Power,Riyadh,Short-Term,3,15522,7938,2634,4950,31.89
MP-2024-45788,2/6/2025,W-014637,Egyptian,Pipe Fitter,Marafiq,Utilities,Eastern Province,Annual,12,94512,46332,15408,32772,34.67
MP-2025-96671,6/9/2024,W-014640,Indian,Mechanical Technician,Royal Commission Yanbu,Industrial,Madinah,Annual,12,85896,49536,8508,27852,32.43
MP-2024-45845,13/08/2025,W-014641,Sudanese,Driver (Heavy),Ma'aden,Mining,Northern Borders,Annual,12,57240,33792,7848,15600,27.25
MP-2024-51868,18/04/2025,W-014644,Indian,Driver (Heavy),Saudi Aramco,Oil & Gas,Eastern Province,Short-Term,1,6478,2750,1068,2660,41.06
MP-2025-44468,6/2/2025,W-014646,Bangladeshi,Helper / Labourer,NEOM,Mega Project,Tabuk,Annual,12,41712,15708,13764,12240,29.34
MP-2025-57267,12/5/2025,W-014647,Yemeni,Scaffolder,Diriyah Company,Real Estate,Riyadh,Short-Term,2,10942,5332,1448,4162,38.04
MP-2025-62105,20/08/2025,W-014648,Pakistani,Pipe Fitter,Saudi Kayan,Petrochemical,Eastern Province,Annual,12,72168,35916,9360,26892,37.26
MP-2024-16279,13/11/2025,W-014649,Sudanese,Helper / Labourer,Saudi Aramco,Oil & Gas,Eastern Province,Annual,12,40404,15996,11616,12792,31.66
MP-2025-35234,29/07/2025,W-014651,Sudanese,Site Supervisor,Royal Commission Jubail,Industrial,Eastern Province,Annual,12,107556,56952,19368,-5764,-5.36
MP-2024-95871,16/07/2024,W-014654,Yemeni,Rigger,Saudi Electricity Co.,Power,Riyadh,Annual,12,57756,28584,16356,12816,22.19
MP-2025-72661,10/5/2024,W-014655,Nepali,Scaffolder,Saudi Aramco,Oil & Gas,Eastern Province,Annual,12,70704,32892,15804,22008,31.13
MP-2024-92330,26/02/2025,W-014657,Saudi,Helper / Labourer,Saudi Aramco,Oil & Gas,Eastern Province,Short-Term,1,5807,2842,264,2701,46.51
MP-2024-78979,11/2/2025,W-014659,Indian,Industrial Painter,ROSHN,Real Estate,Riyadh,Annual,12,67824,33132,9204,25488,37.58
MP-2024-92285,22/03/2025,W-014662,Pakistani,Instrument Technician,Sadara Chemical,Petrochemical,Eastern Province,Annual,12,101472,54708,11964,34800,34.3
MP-2024-85681,13/11/2025,W-014663,Egyptian,Helper / Labourer,Red Sea Global,Tourism Dev,Tabuk,Multi-Year,24,92208,42552,31536,18120,19.65
MP-2025-69534,14/04/2024,W-014664,Bangladeshi,Safety Officer,Saudi Electricity Co.,Power,Riyadh,Short-Term,6,58662,31998,5808,20856,35.55
MP-2024-90596,28/02/2025,W-014666,Pakistani,Rigger,SABIC,Petrochemical,Eastern Province,Multi-Year,36,277488,126972,35136,115380,41.58
MP-2024-19749,12/11/2024,W-014667,Pakistani,Industrial Painter,Saudi Aramco,Oil & Gas,Eastern Province,Annual,12,51552,23148,12108,16296,31.61
MP-2025-55576,31/08/2025,W-014670,Nepali,HVAC Technician,Royal Commission Jubail,Industrial,Eastern Province,Multi-Year,24,182208,96096,32328,5044,2.77
MP-2024-29915,17/01/2024,W-014673,Egyptian,Project Engineer,NWC,Water,Riyadh,Annual,12,151704,104364,17904,29436,19.4
MP-2024-38359,29/05/2024,W-014674,Pakistani,Electrician,NEOM,Mega Project,Tabuk,Short-Term,6,43386,19242,6552,17592,40.55
MP-2025-39802,11/4/2025,W-014677,Indian,Helper / Labourer,Bechtel KSA,EPC Contractor,Tabuk,Multi-Year,24,74880,42192,32904,-216,-0.29
MP-2025-69171,2/10/2024,W-014680,Indian,Welder,Red Sea Global,Tourism Dev,Tabuk,Multi-Year,36,170532,79884,34884,55764,32.7
MP-2025-95581,19/04/2025,W-014682,Indian,Pipe Fitter,NWC,Water,Riyadh,Short-Term,2,8672,5540,1322,94,1.08
MP-2024-14203,4/6/2025,W-014685,Indian,Site Supervisor,ROSHN,Real Estate,Riyadh,Multi-Year,24,221304,144816,39960,36528,16.51
MP-2024-15153,28/04/2025,W-014688,Egyptian,Heavy Equipment Operator,Saudi Aramco,Oil & Gas,Eastern Province,Annual,12,79260,38556,10980,29724,37.5
MP-2025-29575,7/7/2024,W-014689,Bangladeshi,Welder,ROSHN,Real Estate,Riyadh,Multi-Year,24,105048,58080,30528,1226,1.17
MP-2024-74232,19/09/2025,W-014692,Bangladeshi,Driver (Heavy),ROSHN,Real Estate,Riyadh,Short-Term,2,12004,6150,1830,4024,33.52
MP-2024-12401,7/1/2025,W-014693,Indian,Welder,Sadara Chemical,Petrochemical,Eastern Province,Annual,12,55824,31308,11664,12852,23.02
MP-2024-11686,2/8/2024,W-014695,Indian,Mechanical Technician,Saudi Aramco,Oil & Gas,Eastern Province,Short-Term,2,18112,8584,1304,8224,45.41
MP-2025-99496,25/05/2024,W-014698,Pakistani,Document Controller,Sadara Chemical,Petrochemical,Eastern Province,Short-Term,1,10324,5461,756,4107,39.78
MP-2024-89448,24/04/2024,W-014700,Egyptian,Scaffolder,Saudi Electricity Co.,Power,Riyadh,Multi-Year,36,217044,102852,36108,78084,35.98
MP-2024-42601,30/07/2024,W-014701,Pakistani,Scaffolder,SABIC,Petrochemical,Eastern Province,Multi-Year,36,152208,77004,39060,-6765,-4.44
MP-2025-48030,5/12/2024,W-014704,Indian,Electrician,Red Sea Global,Tourism Dev,Tabuk,Annual,12,76968,38028,11520,27420,35.63
MP-2024-86853,12/5/2024,W-014706,Indian,Electrician,Sadara Chemical,Petrochemical,Eastern Province,Short-Term,6,51306,26592,6480,18234,35.54
MP-2024-35577,5/5/2024,W-014708,Sudanese,HVAC Technician,Sadara Chemical,Petrochemical,Eastern Province,Annual,12,81876,46236,14940,20700,25.28
MP-2024-52516,30/05/2025,W-014711,Indian,Mechanical Technician,Saudi Electricity Co.,Power,Riyadh,Short-Term,3,27534,13926,4098,9510,34.54
MP-2025-75135,18/02/2025,W-014712,Indonesian,Helper / Labourer,Red Sea Global,Tourism Dev,Tabuk,Annual,12,30048,15936,8844,5268,17.53
MP-2024-52549,23/11/2024,W-014715,Nepali,Helper / Labourer,Saudi Electricity Co.,Power,Riyadh,Annual,12,36096,19572,8160,8364,23.17
MP-2025-46223,28/06/2025,W-014718,Indian,Scaffolder,SABIC,Petrochemical,Eastern Province,Multi-Year,18,113058,53802,13284,45972,40.66
MP-2024-50566,14/05/2024,W-014719,Filipino,Driver (Heavy),Sadara Chemical,Petrochemical,Eastern Province,Annual,12,92244,42516,13752,35976,39
MP-2024-15923,29/11/2024,W-014722,Sudanese,Heavy Equipment Operator,Saudi Electricity Co.,Power,Riyadh,Annual,12,97368,46548,8592,42228,43.37
MP-2025-87648,15/07/2025,W-014723,Indian,Electrician,Sadara Chemical,Petrochemical,Eastern Province,Annual,12,75300,34452,10728,30120,40
MP-2024-21503,2/2/2025,W-014724,Filipino,Site Supervisor,Saudi Kayan,Petrochemical,Eastern Province,Multi-Year,36,411732,260460,54792,96480,23.43
MP-2024-33794,29/04/2024,W-014725,Indian,HVAC Technician,NEOM,Mega Project,Tabuk,Annual,12,67056,31368,10248,25440,37.94
MP-2024-27026,18/11/2025,W-014728,Nepali,Driver (Heavy),NEOM,Mega Project,Tabuk,Annual,12,66624,26520,12264,27840,41.79
MP-2024-25313,9/9/2024,W-014731,Sudanese,Safety Officer,ROSHN,Real Estate,Riyadh,Annual,12,121824,73476,15000,33348,27.37
MP-2025-61635,19/02/2024,W-014732,Indian,Rigger,Royal Commission Jubail,Industrial,Eastern Province,Multi-Year,24,153936,89088,22176,42672,27.72
MP-2025-77178,29/10/2025,W-014733,Filipino,Helper / Labourer,Royal Commission Jubail,Industrial,Eastern Province,Multi-Year,36,105372,55368,42624,7380,7
MP-2024-94547,5/1/2024,W-014735,Pakistani,Civil Foreman,ROSHN,Real Estate,Riyadh,Multi-Year,24,206208,130920,27912,47376,22.97
MP-2025-50593,10/10/2024,W-014736,Yemeni,Welder,Saudi Electricity Co.,Power,Riyadh,Multi-Year,24,138768,81360,27120,30288,21.83
MP-2025-95746,25/08/2024,W-014738,Egyptian,Helper / Labourer,Worley KSA,EPC Contractor,Eastern Province,Short-Term,3,8850,3957,2532,2361,26.68
MP-2024-90114,12/6/2025,W-014740,Indonesian,Rigger,Saudi Kayan,Petrochemical,Eastern Province,Annual,12,74172,36468,14844,22860,30.82
MP-2025-76359,17/11/2024,W-014742,Bangladeshi,Scaffolder,Red Sea Global,Tourism Dev,Tabuk,Short-Term,6,25128,12606,5292,7230,28.77
MP-2025-98760,9/2/2024,W-014744,Yemeni,HVAC Technician,Saudi Aramco,Oil & Gas,Eastern Province,Annual,12,103092,45672,15360,42060,40.8
MP-2025-22310,3/12/2025,W-014747,Yemeni,Electrician,Saudi Aramco,Oil & Gas,Eastern Province,Annual,12,90972,42420,11292,37260,40.96
MP-2024-35869,29/12/2025,W-014750,Pakistani,Welder,Marafiq,Utilities,Eastern Province,Annual,12,68088,37692,16380,14016,20.59
MP-2024-34548,17/08/2024,W-014751,Egyptian,Site Supervisor,Marafiq,Utilities,Eastern Province,Annual,12,107604,68136,14904,24564,22.83
MP-2025-25581,18/10/2024,W-014754,Bangladeshi,Scaffolder,Red Sea Global,Tourism Dev,Tabuk,Short-Term,2,9360,4688,1412,3260,34.83
MP-2025-14375,22/08/2025,W-014755,Egyptian,Electrician,Sadara Chemical,Petrochemical,Eastern Province,Annual,12,118608,53736,9144,1621,1.37
MP-2025-19652,18/07/2024,W-014757,Saudi,Scaffolder,NWC,Water,Riyadh,Annual,12,80208,45432,5148,29628,36.94
MP-2024-96857,3/9/2025,W-014758,Indonesian,Pipe Fitter,Red Sea Global,Tourism Dev,Tabuk,Annual,12,56340,29112,8064,19164,34.01
MP-2024-30161,21/06/2024,W-014759,Sri Lankan,Heavy Equipment Operator,SABIC,Petrochemical,Eastern Province,Annual,12,65976,34176,10344,21456,32.52
MP-2025-42549,18/11/2025,W-014760,Indonesian,Industrial Painter,Sadara Chemical,Petrochemical,Eastern Province,Multi-Year,24,110352,47064,19416,43872,39.76
MP-2024-75499,25/05/2025,W-014762,Egyptian,Safety Officer,Red Sea Global,Tourism Dev,Tabuk,Multi-Year,24,175056,106248,28728,40080,22.9
MP-2024-44452,25/11/2025,W-014764,Indian,Instrument Technician,Red Sea Global,Tourism Dev,Tabuk,Multi-Year,36,325188,162036,49932,113220,34.82
MP-2025-83768,18/01/2024,W-014765,Indonesian,Pipe Fitter,Saudi Aramco,Oil & Gas,Eastern Province,Annual,12,109836,49296,11400,49140,44.74
MP-2024-66579,20/10/2025,W-014767,Indian,HVAC Technician,NWC,Water,Riyadh,Annual,12,55020,34932,13056,7032,12.78
MP-2025-90163,3/2/2024,W-014769,Bangladeshi,Mechanical Technician,Saudi Aramco,Oil & Gas,Eastern Province,Short-Term,2,18060,8512,1590,7958,44.06
MP-2024-87092,12/10/2025,W-014770,Egyptian,Pipe Fitter,Marafiq,Utilities,Eastern Province,Annual,12,70104,41964,15456,12684,18.09
MP-2025-21146,12/6/2024,W-014771,Sri Lankan,Welder,Saudi Aramco,Oil & Gas,Eastern Province,Annual,12,93720,43380,13668,36672,39.13
MP-2025-33832,9/4/2025,W-014772,Pakistani,QC Inspector,Sadara Chemical,Petrochemical,Eastern Province,Annual,12,126468,71604,11628,43236,34.19
MP-2024-18144,13/02/2025,W-014773,Indian,HVAC Technician,Ma'aden,Mining,Northern Borders,Annual,12,101124,47244,16632,37248,36.83
MP-2024-48159,21/09/2024,W-014775,Egyptian,Industrial Painter,NEOM,Mega Project,Tabuk,Short-Term,3,13959,7467,3228,3264,23.38
MP-2024-94768,12/3/2025,W-014777,Bangladeshi,HVAC Technician,SABIC,Petrochemical,Eastern Province,Multi-Year,24,137856,70032,23760,44064,31.96
MP-2025-71508,21/05/2025,W-014780,Sri Lankan,Scaffolder,Saudi Electricity Co.,Power,Riyadh,Multi-Year,24,118032,61992,23856,32184,27.27
MP-2025-21326,25/05/2024,W-014783,Bangladeshi,Safety Officer,NWC,Water,Riyadh,Short-Term,3,20667,12657,4674,3336,16.14
MP-2024-62566,4/12/2025,W-014786,Indian,Rigger,Saudi Electricity Co.,Power,Riyadh,Short-Term,1,4007,2302,1020,685,17.1
MP-2025-14361,8/12/2024,W-014788,Egyptian,Industrial Painter,Ma'aden,Mining,Northern Borders,Annual,12,52932,23868,13572,15492,29.27
MP-2025-85658,11/1/2025,W-014791,Indian,Mechanical Technician,Ma'aden,Mining,Northern Borders,Multi-Year,24,223896,103728,18000,102168,45.63
MP-2024-58900,19/11/2025,W-014794,Pakistani,Helper / Labourer,Royal Commission Jubail,Industrial,Eastern Province,Short-Term,6,17358,8106,6966,2286,13.17
MP-2025-10362,20/12/2025,W-014795,Bangladeshi,HVAC Technician,Royal Commission Jubail,Industrial,Eastern Province,Annual,12,86388,41700,11100,-4819,-5.58
MP-2024-17184,27/04/2025,W-014797,Indian,Scaffolder,Saudi Electricity Co.,Power,Riyadh,Annual,12,56988,30264,11208,15516,27.23
MP-2025-64038,26/03/2024,W-014800,Indian,Site Supervisor,Saudi Aramco,Oil & Gas,Eastern Province,Multi-Year,18,159552,83772,28386,47394,29.7
MP-2025-13680,29/06/2024,W-014801,Pakistani,Pipe Fitter,Red Sea Global,Tourism Dev,Tabuk,Annual,12,68676,32328,13440,22908,33.36
MP-2024-14295,24/03/2024,W-014802,Ethiopian,Pipe Fitter,Petro Rabigh,Petrochemical,Makkah,Annual,12,101544,48336,12060,41148,40.52
MP-2025-93886,23/08/2024,W-014805,Bangladeshi,Safety Officer,Royal Commission Jubail,Industrial,Eastern Province,Annual,12,102648,55620,11628,35400,34.49
MP-2025-97680,26/10/2025,W-014806,Indian,Welder,SABIC,Petrochemical,Eastern Province,Short-Term,2,10226,5810,2490,1926,18.83
MP-2025-22178,11/7/2024,W-014807,Bangladeshi,Helper / Labourer,ROSHN,Real Estate,Riyadh,Short-Term,3,11325,5322,2841,3162,27.92
MP-2025-59718,30/06/2025,W-014808,Egyptian,Driver (Heavy),Royal Commission Jubail,Industrial,Eastern Province,Short-Term,6,30702,15888,4296,10518,34.26
MP-2025-88474,4/11/2025,W-014809,Sudanese,Instrument Technician,ROSHN,Real Estate,Riyadh,Annual,12,85164,52452,13092,-1210,-1.42
MP-2025-75970,14/02/2025,W-014810,Pakistani,Welder,Sadara Chemical,Petrochemical,Eastern Province,Short-Term,3,13986,6729,3204,4053,28.98
MP-2025-59005,6/9/2024,W-014812,Indian,Mechanical Technician,NEOM,Mega Project,Tabuk,Short-Term,1,7095,2981,1333,2781,39.2
MP-2024-80022,13/09/2024,W-014814,Nepali,Driver (Heavy),ROSHN,Real Estate,Riyadh,Annual,12,72528,38616,15168,18744,25.84
MP-2025-85612,25/02/2025,W-014815,Bangladeshi,Scaffolder,Royal Commission Yanbu,Industrial,Madinah,Annual,12,70764,35664,14040,21060,29.76
MP-2024-15227,8/6/2024,W-014816,Nepali,Industrial Painter,Saudi Aramco,Oil & Gas,Eastern Province,Annual,12,83784,36456,9012,38316,45.73
MP-2025-48863,13/07/2025,W-014817,Sudanese,Instrument Technician,Petro Rabigh,Petrochemical,Makkah,Annual,12,122916,60252,14268,48396,39.37
MP-2024-46951,26/04/2025,W-014820,Pakistani,Helper / Labourer,SABIC,Petrochemical,Eastern Province,Short-Term,1,3309,1477,1352,480,14.51
MP-2025-81780,15/09/2024,W-014823,Bangladeshi,Helper / Labourer,SABIC,Petrochemical,Eastern Province,Short-Term,1,3439,1575,1052,812,23.61
MP-2025-28881,28/09/2025,W-014824,Bangladeshi,Driver (Heavy),Saudi Kayan,Petrochemical,Eastern Province,Annual,12,71796,34860,11892,25044,34.88
MP-2025-71687,4/12/2024,W-014826,Pakistani,Instrument Technician,Petro Rabigh,Petrochemical,Makkah,Annual,12,112872,65076,7836,39960,35.4
MP-2024-86184,9/12/2025,W-014827,Bangladeshi,Driver (Heavy),Saudi Aramco,Oil & Gas,Eastern Province,Short-Term,6,38430,16854,5400,16176,42.09
MP-2024-42921,20/01/2025,W-014828,Bangladeshi,Welder,Saudi Aramco,Oil & Gas,Eastern Province,Short-Term,6,32220,15948,6618,9654,29.96
MP-2025-63362,1/5/2024,W-014829,Ethiopian,Industrial Painter,Royal Commission Yanbu,Industrial,Madinah,Short-Term,2,9658,5482,2644,1532,15.86
MP-2025-13699,4/11/2025,W-014831,Pakistani,Scaffolder,Saudi Aramco,Oil & Gas,Eastern Province,Short-Term,2,7936,4286,2360,1290,16.26
MP-2025-41624,11/9/2024,W-014832,Indian,Mechanical Technician,Red Sea Global,Tourism Dev,Tabuk,Multi-Year,36,201780,105660,40932,55188,27.35
MP-2025-56156,4/3/2025,W-014833,Yemeni,Helper / Labourer,Saudi Aramco,Oil & Gas,Eastern Province,Annual,12,41784,17112,12228,12444,29.78
MP-2025-80724,18/02/2024,W-014835,Bangladeshi,Electrician,Petro Rabigh,Petrochemical,Makkah,Short-Term,6,36642,19380,4944,12318,33.62
MP-2025-20473,19/06/2025,W-014836,Indian,Helper / Labourer,Red Sea Global,Tourism Dev,Tabuk,Short-Term,2,5190,2692,2294,204,3.93
MP-2025-66726,21/08/2025,W-014837,Sri Lankan,Electrician,NWC,Water,Riyadh,Short-Term,6,48384,26112,7326,14946,30.89
MP-2024-79810,20/10/2024,W-014839,Yemeni,Electrician,Saudi Aramco,Oil & Gas,Eastern Province,Short-Term,2,16174,8390,2226,5558,34.36
MP-2025-21949,20/06/2024,W-014840,Egyptian,Warehouse Keeper,SABIC,Petrochemical,Eastern Province,Annual,12,68868,35208,10440,23220,33.72
MP-2025-81452,2/2/2025,W-014841,Bangladeshi,Heavy Equipment Operator,Red Sea Global,Tourism Dev,Tabuk,Short-Term,3,17748,9177,2802,-569,-3.21
MP-2024-76298,9/5/2025,W-014843,Filipino,Helper / Labourer,Saudi Electricity Co.,Power,Riyadh,Short-Term,1,3323,1544,821,958,28.83
MP-2025-93441,22/12/2025,W-014845,Bangladeshi,Electrician,Saudi Electricity Co.,Power,Riyadh,Short-Term,2,17558,8464,1980,7114,40.52
MP-2024-17331,17/09/2024,W-014847,Indian,Heavy Equipment Operator,Diriyah Company,Real Estate,Riyadh,Annual,12,57228,34920,11964,10344,18.08
MP-2024-32310,17/07/2025,W-014849,Sudanese,Helper / Labourer,Marafiq,Utilities,Eastern Province,Short-Term,2,6178,3546,2390,242,3.92
MP-2025-54269,24/10/2024,W-014851,Filipino,Helper / Labourer,Diriyah Company,Real Estate,Riyadh,Short-Term,6,23766,10662,8322,4782,20.12
MP-2025-23665,16/04/2024,W-014853,Bangladeshi,Heavy Equipment Operator,Saudi Kayan,Petrochemical,Eastern Province,Short-Term,6,43872,21348,5184,17340,39.52
MP-2025-40519,24/06/2025,W-014855,Yemeni,Document Controller,Sadara Chemical,Petrochemical,Eastern Province,Annual,12,96624,49128,12432,35064,36.29
MP-2025-97966,17/03/2025,W-014857,Egyptian,Scaffolder,Diriyah Company,Real Estate,Riyadh,Annual,12,49572,25188,10356,14028,28.3
MP-2025-80078,21/04/2025,W-014860,Bangladeshi,Welder,Saudi Kayan,Petrochemical,Eastern Province,Multi-Year,24,144192,78816,21240,44136,30.61
MP-2025-30926,7/3/2025,W-014862,Indian,Industrial Painter,ROSHN,Real Estate,Riyadh,Annual,12,41268,25776,16296,-71,-0.17
MP-2024-85487,7/6/2025,W-014863,Nepali,Scaffolder,NWC,Water,Riyadh,Annual,12,67752,38568,12696,16488,24.34
MP-2025-82053,1/10/2025,W-014864,Pakistani,Driver (Heavy),Royal Commission Jubail,Industrial,Eastern Province,Short-Term,6,41394,18858,5544,16992,41.05
MP-2025-46726,21/07/2024,W-014866,Bangladeshi,Welder,ROSHN,Real Estate,Riyadh,Annual,12,58332,29580,8436,20316,34.83
MP-2025-57948,14/09/2025,W-014868,Nepali,Industrial Painter,Diriyah Company,Real Estate,Riyadh,Annual,12,64224,35736,12252,16236,25.28
MP-2025-58214,27/01/2024,W-014870,Pakistani,Rigger,Red Sea Global,Tourism Dev,Tabuk,Annual,12,80172,38412,11784,29976,37.39
MP-2025-47516,17/03/2024,W-014873,Pakistani,Electrician,Saudi Aramco,Oil & Gas,Eastern Province,Short-Term,3,20502,8616,4071,7815,38.12
MP-2024-19739,7/2/2025,W-014876,Pakistani,Driver (Heavy),ROSHN,Real Estate,Riyadh,Annual,12,56136,27960,11172,17004,30.29
MP-2025-51899,1/6/2024,W-014877,Sudanese,Welder,Royal Commission Yanbu,Industrial,Madinah,Short-Term,3,21738,10272,2991,-1662,-7.65
MP-2024-49345,28/02/2024,W-014878,Sudanese,Electrician,Saudi Kayan,Petrochemical,Eastern Province,Short-Term,1,8482,4093,863,3526,41.57
MP-2024-32658,19/08/2025,W-014879,Ethiopian,Mechanical Technician,SABIC,Petrochemical,Eastern Province,Multi-Year,18,126720,71136,22464,33120,26.14
MP-2024-57408,6/11/2025,W-014880,Pakistani,Civil Foreman,NEOM,Mega Project,Tabuk,Short-Term,1,8968,4206,1106,3656,40.77
MP-2024-95905,30/08/2024,W-014881,Pakistani,Industrial Painter,Saudi Aramco,Oil & Gas,Eastern Province,Multi-Year,18,130626,54828,14454,61344,46.96
MP-2024-44339,29/05/2025,W-014884,Pakistani,Welder,SABIC,Petrochemical,Eastern Province,Annual,12,82956,38364,15828,28764,34.67
MP-2025-21427,9/7/2024,W-014886,Pakistani,Helper / Labourer,Saudi Aramco,Oil & Gas,Eastern Province,Short-Term,1,4208,1764,1312,1132,26.9
MP-2024-39332,10/2/2024,W-014887,Pakistani,Helper / Labourer,NEOM,Mega Project,Tabuk,Short-Term,6,22626,11220,6354,5052,22.33
MP-2024-85811,23/01/2025,W-014890,Bangladeshi,Helper / Labourer,Saudi Aramco,Oil & Gas,Eastern Province,Short-Term,6,19284,8190,6558,4536,23.52
MP-2024-97910,10/8/2024,W-014891,Pakistani,Site Supervisor,Diriyah Company,Real Estate,Riyadh,Annual,12,104520,57384,12372,34764,33.26
MP-2025-74101,25/02/2024,W-014893,Saudi,HVAC Technician,Red Sea Global,Tourism Dev,Tabuk,Short-Term,3,26097,14397,1113,10587,40.57
MP-2024-76345,5/5/2025,W-014895,Indian,Helper / Labourer,Saudi Aramco,Oil & Gas,Eastern Province,Short-Term,2,6946,3538,2632,776,11.17
MP-2025-87651,11/1/2025,W-014897,Indian,Instrument Technician,SABIC,Petrochemical,Eastern Province,Annual,12,110580,59652,15240,35688,32.27
MP-2025-30119,1/1/2025,W-014900,Yemeni,Mechanical Technician,SABIC,Petrochemical,Eastern Province,Multi-Year,24,127416,72840,19128,35448,27.82
MP-2024-22166,29/10/2025,W-014903,Egyptian,Helper / Labourer,Sadara Chemical,Petrochemical,Eastern Province,Multi-Year,36,166752,67896,49176,49680,29.79
MP-2025-36971,2/3/2024,W-014905,Bangladeshi,Mechanical Technician,Saudi Aramco,Oil & Gas,Eastern Province,Annual,12,93372,40344,15564,37464,40.12
MP-2025-99970,11/9/2025,W-014906,Yemeni,Pipe Fitter,Royal Commission Jubail,Industrial,Eastern Province,Short-Term,3,14322,7521,3621,3180,22.2
MP-2024-13463,16/08/2025,W-014908,Yemeni,Welder,Red Sea Global,Tourism Dev,Tabuk,Annual,12,54840,30204,10488,14148,25.8
MP-2025-54255,1/7/2025,W-014910,Pakistani,Driver (Heavy),NEOM,Mega Project,Tabuk,Annual,12,72252,29640,9336,33276,46.06
MP-2024-85729,19/05/2025,W-014911,Indian,Helper / Labourer,Sadara Chemical,Petrochemical,Eastern Province,Annual,12,46668,20580,12756,13332,28.57
MP-2025-56670,19/11/2024,W-014912,Indian,Helper / Labourer,Petro Rabigh,Petrochemical,Makkah,Multi-Year,18,80370,33804,18720,27846,34.65
MP-2024-66146,22/05/2025,W-014915,Filipino,Scaffolder,Diriyah Company,Real Estate,Riyadh,Short-Term,6,32208,19068,8190,4950,15.37
MP-2024-43829,12/12/2025,W-014916,Bangladeshi,Mechanical Technician,Ma'aden,Mining,Northern Borders,Annual,12,99672,55164,11676,32832,32.94
MP-2025-22879,6/2/2025,W-014917,Bangladeshi,Welder,Saudi Aramco,Oil & Gas,Eastern Province,Short-Term,3,19734,8199,3243,8292,42.02
MP-2024-25968,23/09/2024,W-014919,Bangladeshi,Welder,Saudi Aramco,Oil & Gas,Eastern Province,Annual,12,74124,31572,11124,31428,42.4
MP-2024-50842,29/12/2025,W-014920,Egyptian,Driver (Heavy),Saudi Aramco,Oil & Gas,Eastern Province,Annual,12,57588,28392,16056,13140,22.82
MP-2025-19978,1/4/2024,W-014923,Filipino,Industrial Painter,Royal Commission Jubail,Industrial,Eastern Province,Annual,12,58044,27720,10224,20100,34.63
MP-2025-32996,11/2/2025,W-014926,Saudi,Industrial Painter,Royal Commission Jubail,Industrial,Eastern Province,Multi-Year,24,156192,86160,5640,64392,41.23
MP-2025-92822,3/12/2025,W-014928,Pakistani,Electrician,NEOM,Mega Project,Tabuk,Annual,12,92292,49164,9876,-2236,-2.42
MP-2025-94348,20/05/2024,W-014929,Bangladeshi,Pipe Fitter,SABIC,Petrochemical,Eastern Province,Annual,12,92160,46080,10200,35880,38.93
MP-2024-95410,31/03/2025,W-014932,Yemeni,Scaffolder,Royal Commission Yanbu,Industrial,Madinah,Short-Term,3,18510,8763,4071,5676,30.66
MP-2025-12814,22/08/2025,W-014933,Pakistani,Helper / Labourer,ROSHN,Real Estate,Riyadh,Short-Term,3,6804,3960,2376,468,6.88
MP-2025-12524,3/9/2024,W-014935,Sudanese,QC Inspector,NEOM,Mega Project,Tabuk,Short-Term,3,36222,20649,4380,11193,30.9
MP-2025-84765,4/12/2024,W-014938,Nepali,Electrician,Diriyah Company,Real Estate,Riyadh,Short-Term,2,13140,7456,1728,3956,30.11
MP-2025-85507,3/12/2024,W-014940,Indian,Welder,Royal Commission Jubail,Industrial,Eastern Province,Annual,12,87288,42576,10980,33732,38.64
MP-2025-54930,21/06/2024,W-014943,Indian,Welder,Saudi Electricity Co.,Power,Riyadh,Multi-Year,18,109872,58266,15354,36252,32.99
MP-2025-51802,22/08/2025,W-014944,Pakistani,Rigger,Royal Commission Yanbu,Industrial,Madinah,Annual,12,79512,38172,11604,29736,37.4
MP-2025-21940,4/12/2025,W-014947,Yemeni,Welder,Saudi Electricity Co.,Power,Riyadh,Annual,12,75840,44952,13944,16944,22.34
MP-2025-68782,18/02/2025,W-014948,Egyptian,Scaffolder,Saudi Kayan,Petrochemical,Eastern Province,Multi-Year,24,115368,66792,32184,16392,14.21
MP-2024-51075,31/12/2025,W-014950,Egyptian,Helper / Labourer,Petro Rabigh,Petrochemical,Makkah,Multi-Year,24,84672,40416,27744,16512,19.5
MP-2025-63134,5/11/2025,W-014952,Filipino,Heavy Equipment Operator,Red Sea Global,Tourism Dev,Tabuk,Short-Term,2,13236,7092,1710,4434,33.5
MP-2025-22564,25/03/2024,W-014954,Bangladeshi,Pipe Fitter,Diriyah Company,Real Estate,Riyadh,Multi-Year,36,286128,148608,37476,100044,34.96
MP-2024-10265,14/05/2025,W-014957,Filipino,Welder,Saudi Electricity Co.,Power,Riyadh,Short-Term,3,14481,7836,3411,3234,22.33
MP-2024-17910,13/08/2025,W-014959,Pakistani,Electrician,Diriyah Company,Real Estate,Riyadh,Short-Term,3,17610,9012,3681,4917,27.92
MP-2025-34212,3/9/2024,W-014961,Ethiopian,Rigger,Bechtel KSA,EPC Contractor,Tabuk,Annual,12,89508,43704,11928,2196,2.45
MP-2024-92906,30/05/2024,W-014963,Pakistani,Electrician,Saudi Aramco,Oil & Gas,Eastern Province,Short-Term,6,53940,25044,4638,24258,44.97
MP-2025-84940,22/08/2025,W-014964,Filipino,Rigger,Saudi Electricity Co.,Power,Riyadh,Short-Term,6,38616,17934,7698,12984,33.62
MP-2024-84854,24/10/2025,W-014966,Bangladeshi,Industrial Painter,Saudi Electricity Co.,Power,Riyadh,Multi-Year,24,155592,73680,15624,-12368,-7.95
MP-2025-11261,30/08/2025,W-014967,Bangladeshi,Helper / Labourer,Ma'aden,Mining,Northern Borders,Annual,12,41016,19404,14400,7212,17.58
MP-2025-86027,18/08/2024,W-014968,Indian,Helper / Labourer,Royal Commission Yanbu,Industrial,Madinah,Annual,12,44748,19704,12432,12612,28.18
MP-2025-87839,7/6/2024,W-014971,Nepali,Mechanical Technician,Diriyah Company,Real Estate,Riyadh,Annual,12,109248,54360,9384,45504,41.65
MP-2024-72229,20/10/2024,W-014974,Yemeni,Helper / Labourer,Saudi Electricity Co.,Power,Riyadh,Annual,12,36996,18672,13896,4428,11.97
MP-2024-75817,15/04/2024,W-014976,Ethiopian,Scaffolder,Ma'aden,Mining,Northern Borders,Annual,12,82752,38436,9540,34776,42.02
MP-2024-29551,3/3/2024,W-014977,Bangladeshi,Pipe Fitter,ROSHN,Real Estate,Riyadh,Multi-Year,18,99054,50220,16956,31878,32.18
MP-2025-55260,24/06/2024,W-014979,Indonesian,Scaffolder,Saudi Aramco,Oil & Gas,Eastern Province,Multi-Year,18,130230,61182,22158,46890,36.01
MP-2024-59951,20/08/2024,W-014981,Indian,Instrument Technician,Saudi Aramco,Oil & Gas,Eastern Province,Short-Term,3,25011,12357,2226,10428,41.69
MP-2024-73201,10/10/2025,W-014984,Filipino,Welder,Diriyah Company,Real Estate,Riyadh,Annual,12,72180,42492,14304,15384,21.31
MP-2024-35444,19/05/2024,W-014986,Bangladeshi,Scaffolder,SABIC,Petrochemical,Eastern Province,Short-Term,3,16374,8928,4080,3366,20.56
MP-2025-28325,12/8/2024,W-014988,Nepali,Pipe Fitter,Royal Commission Jubail,Industrial,Eastern Province,Short-Term,1,4976,2820,1004,1152,23.15
MP-2024-10905,10/7/2025,W-014991,Filipino,Pipe Fitter,SABIC,Petrochemical,Eastern Province,Multi-Year,18,98928,49824,15300,33804,34.17
MP-2024-99495,6/5/2024,W-014994,Nepali,Driver (Heavy),Ma'aden,Mining,Northern Borders,Annual,12,66792,32568,16512,17712,26.52
MP-2025-81752,2/10/2025,W-014995,Pakistani,Scaffolder,Saudi Aramco,Oil & Gas,Eastern Province,Annual,12,80340,35940,14580,29820,37.12
MP-2024-72589,7/3/2025,W-014998,Nepali,Heavy Equipment Operator,Petro Rabigh,Petrochemical,Makkah,Annual,12,77736,41940,14160,21636,27.83
MP-2024-22564,11/1/2025,W-015000,Nepali,Heavy Equipment Operator,SABIC,Petrochemical,Eastern Province,Annual,12,69624,36996,10704,21924,31.49
MP-2025-35980,25/10/2025,W-015003,Bangladeshi,Heavy Equipment Operator,ROSHN,Real Estate,Riyadh,Short-Term,2,13492,7494,2254,3744,27.75
MP-2024-89066,12/4/2025,W-015006,Sri Lankan,Mechanical Technician,Marafiq,Utilities,Eastern Province,Annual,12,104760,54300,8520,41940,40.03
MP-2024-31624,6/4/2024,W-015009,Bangladeshi,Helper / Labourer,Royal Commission Yanbu,Industrial,Madinah,Annual,12,35124,18084,8532,8508,24.22
MP-2024-26746,5/12/2024,W-015010,Bangladeshi,Mechanical Technician,Marafiq,Utilities,Eastern Province,Annual,12,83436,43320,8136,31980,38.33
MP-2024-49015,21/05/2025,W-015012,Bangladeshi,Driver (Heavy),Royal Commission Yanbu,Industrial,Madinah,Annual,12,61956,35340,12840,13776,22.24
MP-2024-10127,24/08/2024,W-015015,Pakistani,Electrician,Saudi Kayan,Petrochemical,Eastern Province,Annual,12,64140,34680,12888,16572,25.84
MP-2025-48660,29/07/2024,W-015018,Nepali,Industrial Painter,NEOM,Mega Project,Tabuk,Short-Term,3,18612,9000,2403,7209,38.73
MP-2025-47486,28/02/2025,W-015020,Bangladeshi,Rigger,Sadara Chemical,Petrochemical,Eastern Province,Short-Term,1,5733,3122,690,1921,33.51
MP-2024-12057,9/11/2025,W-015021,Egyptian,Civil Engineer,NWC,Water,Riyadh,Annual,12,174648,106560,20700,47388,27.13
MP-2025-96089,17/04/2025,W-015022,Egyptian,Helper / Labourer,Saudi Aramco,Oil & Gas,Eastern Province,Annual,12,40680,17652,10212,12816,31.5
MP-2024-65847,14/11/2025,W-015024,Indian,Welder,Saudi Aramco,Oil & Gas,Eastern Province,Annual,12,69768,32208,11364,26196,37.55
MP-2024-67981,31/07/2024,W-015027,Indian,Electrician,Marafiq,Utilities,Eastern Province,Annual,12,101028,48732,13452,38844,38.45
MP-2025-77383,31/12/2024,W-015030,Pakistani,Civil Engineer,Saudi Aramco,Oil & Gas,Eastern Province,Multi-Year,18,375228,196812,15012,163404,43.55
MP-2024-64373,26/10/2024,W-015033,Nepali,Industrial Painter,NWC,Water,Riyadh,Short-Term,3,12837,6960,2505,3372,26.27
MP-2025-85320,3/11/2024,W-015035,Sri Lankan,Helper / Labourer,Red Sea Global,Tourism Dev,Tabuk,Multi-Year,36,151992,63396,43488,45108,29.68
MP-2025-27140,28/05/2025,W-015038,Indian,Electrician,Saudi Electricity Co.,Power,Riyadh,Multi-Year,18,122220,65718,22482,34020,27.84
MP-2025-68004,2/4/2024,W-015041,Filipino,Helper / Labourer,Ma'aden,Mining,Northern Borders,Multi-Year,24,67824,34728,16392,16704,24.63
MP-2025-91129,7/8/2024,W-015044,Indian,Pipe Fitter,Sadara Chemical,Petrochemical,Eastern Province,Short-Term,1,6705,3321,1094,2290,34.15
MP-2025-61548,14/09/2025,W-015047,Indian,Warehouse Keeper,Sadara Chemical,Petrochemical,Eastern Province,Multi-Year,24,125880,66048,21528,38304,30.43
MP-2024-23385,3/12/2025,W-015049,Bangladeshi,Helper / Labourer,Ma'aden,Mining,Northern Borders,Short-Term,6,18732,9768,7806,1158,6.18
MP-2025-60038,13/03/2025,W-015050,Sri Lankan,Civil Foreman,Saudi Aramco,Oil & Gas,Eastern Province,Annual,12,91680,49788,11676,30216,32.96
MP-2024-96123,24/03/2024,W-015052,Indian,Pipe Fitter,Royal Commission Yanbu,Industrial,Madinah,Short-Term,2,15106,7418,1908,5780,38.26
MP-2025-82253,22/02/2025,W-015055,Bangladeshi,Warehouse Keeper,Saudi Aramco,Oil & Gas,Eastern Province,Annual,12,73188,39528,15252,18408,25.15
MP-2024-38161,9/8/2024,W-015057,Indian,Heavy Equipment Operator,Diriyah Company,Real Estate,Riyadh,Annual,12,65736,33624,12444,19668,29.92
MP-2024-13396,20/06/2024,W-015060,Pakistani,Helper / Labourer,SABIC,Petrochemical,Eastern Province,Annual,12,39888,16368,8076,15444,38.72
MP-2025-56375,21/04/2025,W-015061,Saudi,Welder,Saudi Electricity Co.,Power,Riyadh,Short-Term,1,10746,5185,258,5303,49.35
MP-2025-14742,30/12/2024,W-015063,Indian,Welder,Royal Commission Yanbu,Industrial,Madinah,Multi-Year,24,164640,84792,25176,54672,33.21
MP-2025-96542,19/05/2025,W-015064,Bangladeshi,Heavy Equipment Operator,ROSHN,Real Estate,Riyadh,Annual,12,71112,36792,14160,20160,28.35
MP-2025-12263,17/05/2025,W-015067,Indian,Industrial Painter,Saudi Aramco,Oil & Gas,Eastern Province,Annual,12,49728,25788,14664,9276,18.65
MP-2025-31390,18/05/2024,W-015068,Filipino,Civil Engineer,Royal Commission Jubail,Industrial,Eastern Province,Short-Term,1,20984,11718,1261,8005,38.15
MP-2025-75015,6/1/2025,W-015071,Filipino,Industrial Painter,Diriyah Company,Real Estate,Riyadh,Short-Term,1,3894,2366,1168,360,9.24
MP-2024-64331,14/05/2024,W-015074,Indian,Scaffolder,Saudi Aramco,Oil & Gas,Eastern Province,Annual,12,84312,40740,8460,35112,41.65
MP-2024-32022,22/04/2024,W-015075,Filipino,Welder,ROSHN,Real Estate,Riyadh,Annual,12,83712,43668,8988,31056,37.1
MP-2024-99069,21/09/2025,W-015078,Sri Lankan,Pipe Fitter,SABIC,Petrochemical,Eastern Province,Annual,12,96372,47700,12252,36420,37.79
MP-2024-17807,15/03/2025,W-015079,Pakistani,Helper / Labourer,Royal Commission Yanbu,Industrial,Madinah,Short-Term,3,10509,4899,3528,2082,19.81
MP-2024-12642,19/08/2025,W-015082,Bangladeshi,Welder,Royal Commission Jubail,Industrial,Eastern Province,Multi-Year,18,124938,67446,16344,41148,32.93
MP-2024-16416,10/8/2024,W-015084,Indian,Pipe Fitter,Royal Commission Jubail,Industrial,Eastern Province,Annual,12,103920,49140,14724,40056,38.55
MP-2025-15570,8/7/2025,W-015087,Indian,Safety Officer,Marafiq,Utilities,Eastern Province,Short-Term,6,58542,36420,8046,14076,24.04
MP-2025-13910,17/02/2025,W-015088,Filipino,Helper / Labourer,Royal Commission Jubail,Industrial,Eastern Province,Multi-Year,18,51066,27864,24444,-1242,-2.43
MP-2025-66649,31/08/2025,W-015091,Pakistani,QC Inspector,NEOM,Mega Project,Tabuk,Multi-Year,18,188100,104526,31212,52362,27.84
MP-2024-48057,27/09/2025,W-015093,Bangladeshi,Helper / Labourer,Red Sea Global,Tourism Dev,Tabuk,Multi-Year,24,69408,35760,29304,4344,6.26
MP-2025-63246,3/2/2025,W-015096,Indian,Safety Officer,Sadara Chemical,Petrochemical,Eastern Province,Short-Term,3,37377,18999,3831,14547,38.92
MP-2025-26182,25/04/2025,W-015098,Nepali,Industrial Painter,Ma'aden,Mining,Northern Borders,Annual,12,52908,23004,16452,13452,25.43
MP-2025-60867,27/03/2024,W-015099,Egyptian,Industrial Painter,Royal Commission Jubail,Industrial,Eastern Province,Annual,12,61944,29064,10572,22308,36.01
MP-2025-62431,15/07/2025,W-015102,Sri Lankan,Document Controller,Red Sea Global,Tourism Dev,Tabuk,Annual,12,75324,43104,11208,21012,27.9
MP-2025-99629,29/10/2024,W-015103,Indian,Driver (Heavy),Royal Commission Yanbu,Industrial,Madinah,Annual,12,47556,28620,16236,2700,5.68
MP-2025-33502,26/07/2024,W-015105,Indian,Helper / Labourer,Saudi Electricity Co.,Power,Riyadh,Short-Term,6,20244,8958,7668,3618,17.87
MP-2025-18194,8/4/2025,W-015106,Indian,Project Engineer,Saudi Aramco,Oil & Gas,Eastern Province,Annual,12,171888,96600,17988,57300,33.34
MP-2024-21489,11/7/2024,W-015109,Indian,Scaffolder,Marafiq,Utilities,Eastern Province,Short-Term,6,39510,20070,5196,14244,36.05
MP-2024-26629,29/12/2025,W-015110,Indian,Welder,Saudi Aramco,Oil & Gas,Eastern Province,Multi-Year,24,211704,87984,19680,104040,49.14
MP-2025-93974,17/03/2024,W-015112,Yemeni,Helper / Labourer,NEOM,Mega Project,Tabuk,Annual,12,41868,19284,15960,6624,15.82
MP-2025-73139,28/08/2025,W-015115,Indian,Driver (Heavy),Saudi Aramco,Oil & Gas,Eastern Province,Short-Term,1,6082,2798,821,2463,40.5
MP-2024-75830,21/04/2024,W-015118,Indian,Welder,Red Sea Global,Tourism Dev,Tabuk,Annual,12,77436,42936,11472,23028,29.74
MP-2025-38448,26/11/2025,W-015120,Pakistani,Mechanical Technician,Bechtel KSA,EPC Contractor,Tabuk,Annual,12,111024,54504,11556,44964,40.5
MP-2025-75833,19/06/2025,W-015123,Indian,Helper / Labourer,Worley KSA,EPC Contractor,Eastern Province,Multi-Year,24,68568,35736,18936,13896,20.27
MP-2024-52852,29/04/2024,W-015124,Sri Lankan,Site Supervisor,Red Sea Global,Tourism Dev,Tabuk,Annual,12,127344,73932,20832,32580,25.58
MP-2025-40199,21/07/2025,W-015127,Filipino,Instrument Technician,Ma'aden,Mining,Northern Borders,Short-Term,3,23391,12645,2805,7941,33.95
MP-2024-79766,11/5/2024,W-015130,Filipino,Instrument Technician,Sadara Chemical,Petrochemical,Eastern Province,Annual,12,88188,52212,13788,1283,1.45
MP-2024-19470,1/12/2025,W-015131,Egyptian,Industrial Painter,Sadara Chemical,Petrochemical,Eastern Province,Short-Term,3,18471,8499,2841,7131,38.61
MP-2024-73014,29/10/2024,W-015134,Sri Lankan,Welder,Royal Commission Jubail,Industrial,Eastern Province,Short-Term,1,5514,3217,1254,1043,18.92
MP-2025-56592,25/05/2024,W-015137,Sudanese,Safety Officer,NWC,Water,Riyadh,Annual,12,93552,60552,12048,1753,1.87
MP-2025-22672,5/5/2024,W-015140,Yemeni,Scaffolder,Royal Commission Yanbu,Industrial,Madinah,Multi-Year,36,149256,80280,39996,-1595,-1.07
MP-2024-37003,10/10/2025,W-015142,Pakistani,Electrician,ROSHN,Real Estate,Riyadh,Annual,12,90132,47424,15120,27588,30.61
MP-2024-79557,20/06/2025,W-015145,Indian,Civil Engineer,Ma'aden,Mining,Northern Borders,Short-Term,2,26196,15156,1912,9128,34.85
MP-2024-69813,23/03/2025,W-015146,Bangladeshi,Instrument Technician,SABIC,Petrochemical,Eastern Province,Multi-Year,24,156048,88632,18960,48456,31.05
MP-2025-44608,24/07/2025,W-015147,Sri Lankan,Mechanical Technician,SABIC,Petrochemical,Eastern Province,Short-Term,1,10021,4761,1309,3951,39.43
MP-2024-61949,22/07/2025,W-015149,Pakistani,Mechanical Technician,Saudi Kayan,Petrochemical,Eastern Province,Short-Term,3,15906,8508,2874,4524,28.44
MP-2025-62719,13/01/2024,W-015150,Nepali,Mechanical Technician,Bechtel KSA,EPC Contractor,Tabuk,Short-Term,6,45528,27030,8250,10248,22.51
MP-2024-25849,17/08/2025,W-015151,Yemeni,Instrument Technician,Petro Rabigh,Petrochemical,Makkah,Annual,12,103548,51672,14664,37212,35.94
MP-2025-38245,5/9/2025,W-015152,Indian,Welder,Sadara Chemical,Petrochemical,Eastern Province,Annual,12,89496,38760,11676,39060,43.64
MP-2024-62729,14/02/2025,W-015155,Saudi,Welder,SABIC,Petrochemical,Eastern Province,Annual,12,85932,45432,5604,34896,40.61
MP-2025-78295,10/10/2024,W-015158,Yemeni,Heavy Equipment Operator,Saudi Aramco,Oil & Gas,Eastern Province,Annual,12,92076,40284,11700,40092,43.54
MP-2025-33765,1/5/2024,W-015159,Yemeni,Helper / Labourer,Saudi Electricity Co.,Power,Riyadh,Annual,12,41400,19008,10560,11832,28.58
MP-2024-59317,15/09/2024,W-015162,Indonesian,Welder,Red Sea Global,Tourism Dev,Tabuk,Annual,12,84996,37524,14448,33024,38.85
MP-2025-85067,21/09/2024,W-015163,Indian,Scaffolder,NEOM,Mega Project,Tabuk,Short-Term,1,5554,2292,795,2467,44.42
MP-2025-85523,23/05/2025,W-015164,Bangladeshi,Mechanical Technician,Ma'aden,Mining,Northern Borders,Annual,12,75264,42384,14892,17988,23.9
MP-2024-50448,1/4/2024,W-015166,Pakistani,Safety Officer,NEOM,Mega Project,Tabuk,Short-Term,6,45660,23178,7938,14544,31.85
MP-2025-74407,13/05/2024,W-015167,Indian,Safety Officer,Red Sea Global,Tourism Dev,Tabuk,Annual,12,101928,58752,10056,33120,32.49
MP-2024-39352,16/09/2025,W-015168,Pakistani,Heavy Equipment Operator,Saudi Aramco,Oil & Gas,Eastern Province,Short-Term,2,13906,7086,2228,4592,33.02
MP-2025-86680,10/9/2025,W-015169,Indian,Driver (Heavy),Ma'aden,Mining,Northern Borders,Annual,12,75792,39840,15168,20784,27.42
MP-2024-50876,5/10/2025,W-015172,Filipino,Project Engineer,Sadara Chemical,Petrochemical,Eastern Province,Multi-Year,24,494952,268368,28080,198504,40.11
MP-2025-70527,13/11/2025,W-015173,Bangladeshi,Pipe Fitter,Saudi Aramco,Oil & Gas,Eastern Province,Annual,12,72168,31356,14652,26160,36.25
MP-2025-50049,17/08/2024,W-015176,Indian,Electrician,Royal Commission Yanbu,Industrial,Madinah,Annual,12,69816,41208,10200,18408,26.37
MP-2025-23573,11/11/2025,W-015179,Pakistani,Warehouse Keeper,Saudi Electricity Co.,Power,Riyadh,Short-Term,3,15423,9162,3483,2778,18.01
MP-2024-71150,23/11/2025,W-015181,Indian,Helper / Labourer,Diriyah Company,Real Estate,Riyadh,Multi-Year,18,65790,32220,18558,15012,22.82
MP-2025-18236,5/2/2024,W-015184,Pakistani,Safety Officer,SABIC,Petrochemical,Eastern Province,Short-Term,3,35127,19389,4773,10965,31.22
MP-2025-37857,14/12/2025,W-015185,Ethiopian,Industrial Painter,SABIC,Petrochemical,Eastern Province,Annual,12,47196,25224,12216,9756,20.67
MP-2025-55960,31/08/2025,W-015187,Sudanese,Helper / Labourer,Royal Commission Jubail,Industrial,Eastern Province,Annual,12,40536,20316,13368,6852,16.9
MP-2025-68014,21/03/2024,W-015189,Pakistani,QC Inspector,Royal Commission Jubail,Industrial,Eastern Province,Short-Term,3,40086,21582,4260,14244,35.53
MP-2024-43185,25/01/2024,W-015191,Pakistani,Instrument Technician,ROSHN,Real Estate,Riyadh,Short-Term,3,26238,14286,3324,8628,32.88
MP-2024-94106,30/09/2025,W-015193,Pakistani,Welder,Saudi Electricity Co.,Power,Riyadh,Multi-Year,24,160824,74064,29520,57240,35.59
MP-2024-59099,23/08/2024,W-015196,Indian,Helper / Labourer,Sadara Chemical,Petrochemical,Eastern Province,Annual,12,38856,16956,8892,13008,33.48
MP-2025-49707,21/06/2025,W-015197,Nepali,Scaffolder,Royal Commission Jubail,Industrial,Eastern Province,Annual,12,53112,31704,15024,6384,12.02
MP-2025-10171,30/01/2025,W-015198,Indian,Document Controller,SABIC,Petrochemical,Eastern Province,Short-Term,1,6873,3592,756,2525,36.74
MP-2024-79856,7/4/2025,W-015201,Filipino,Scaffolder,Petro Rabigh,Petrochemical,Makkah,Multi-Year,36,166140,86184,42084,37872,22.8
MP-2025-66607,8/2/2024,W-015202,Indian,Helper / Labourer,Saudi Aramco,Oil & Gas,Eastern Province,Annual,12,50580,21516,12072,16992,33.59
MP-2024-17036,26/12/2025,W-015205,Pakistani,Helper / Labourer,Saudi Aramco,Oil & Gas,Eastern Province,Short-Term,2,7566,3354,2024,2188,28.92
MP-2025-25071,5/2/2025,W-015207,Saudi,Scaffolder,Petro Rabigh,Petrochemical,Makkah,Annual,12,91860,51300,3468,37092,40.38
MP-2025-21428,26/09/2024,W-015209,Indian,Electrician,Saudi Kayan,Petrochemical,Eastern Province,Annual,12,91248,47292,13116,30840,33.8
MP-2024-55080,15/11/2025,W-015212,Nepali,Industrial Painter,SABIC,Petrochemical,Eastern Province,Annual,12,76956,33252,12036,31668,41.15
MP-2025-17924,7/5/2025,W-015213,Nepali,Warehouse Keeper,NEOM,Mega Project,Tabuk,Multi-Year,24,154680,77760,28536,48384,31.28
MP-2024-84709,22/04/2024,W-015214,Indian,Mechanical Technician,Sadara Chemical,Petrochemical,Eastern Province,Annual,12,85404,46104,13848,25452,29.8
MP-2024-42566,25/05/2025,W-015216,Indonesian,Mechanical Technician,Sadara Chemical,Petrochemical,Eastern Province,Annual,12,89448,52284,13008,24156,27.01
MP-2025-94040,7/1/2025,W-015217,Yemeni,Helper / Labourer,SABIC,Petrochemical,Eastern Province,Annual,12,49668,22548,14652,12468,25.1
MP-2025-67850,27/06/2025,W-015220,Pakistani,Site Supervisor,Royal Commission Yanbu,Industrial,Madinah,Short-Term,6,68940,42144,6072,20724,30.06
MP-2025-96498,18/10/2024,W-015223,Nepali,Driver (Heavy),Petro Rabigh,Petrochemical,Makkah,Annual,12,68196,34452,13332,20412,29.93
MP-2025-82624,2/6/2025,W-015224,Sudanese,Helper / Labourer,Royal Commission Yanbu,Industrial,Madinah,Short-Term,1,3395,1557,894,944,27.81
MP-2025-44221,30/09/2024,W-015225,Filipino,Rigger,Petro Rabigh,Petrochemical,Makkah,Multi-Year,24,127128,56112,33096,-6646,-5.23
MP-2025-67109,6/1/2024,W-015228,Sudanese,Pipe Fitter,ROSHN,Real Estate,Riyadh,Annual,12,54504,31488,9660,13356,24.5
MP-2024-27082,13/09/2025,W-015231,Nepali,Industrial Painter,SABIC,Petrochemical,Eastern Province,Short-Term,6,31992,17322,5004,9666,30.21
MP-2025-56219,28/09/2024,W-015232,Saudi,Welder,NEOM,Mega Project,Tabuk,Annual,12,150600,63156,2916,84528,56.13
MP-2025-37325,16/06/2024,W-015233,Indian,Driver (Heavy),ROSHN,Real Estate,Riyadh,Annual,12,58380,27972,10740,-1487,-2.55
MP-2024-97071,28/06/2025,W-015234,Nepali,Helper / Labourer,Red Sea Global,Tourism Dev,Tabuk,Annual,12,45360,19320,8304,17736,39.1
MP-2024-14264,3/8/2025,W-015235,Sri Lankan,Welder,NWC,Water,Riyadh,Short-Term,3,16701,10002,3111,3588,21.48
MP-2025-88643,2/4/2025,W-015236,Filipino,Heavy Equipment Operator,Royal Commission Jubail,Industrial,Eastern Province,Short-Term,3,21315,11847,3135,6333,29.71
MP-2024-80226,9/6/2024,W-015238,Indian,Rigger,Royal Commission Jubail,Industrial,Eastern Province,Multi-Year,36,292032,136476,39240,116316,39.83
MP-2024-76118,17/12/2024,W-015239,Yemeni,Electrician,Saudi Electricity Co.,Power,Riyadh,Annual,12,82308,43236,14316,24756,30.08
MP-2025-87561,12/2/2024,W-015240,Indian,Instrument Technician,NEOM,Mega Project,Tabuk,Annual,12,132228,61932,15408,54888,41.51
MP-2025-60814,15/04/2024,W-015243,Sudanese,Welder,Diriyah Company,Real Estate,Riyadh,Short-Term,6,31746,15906,7884,7956,25.06
MP-2024-76901,8/8/2025,W-015244,Nepali,Scaffolder,Diriyah Company,Real Estate,Riyadh,Short-Term,3,12858,6111,2880,3867,30.07
MP-2025-56176,7/9/2025,W-015247,Sudanese,Civil Engineer,Sadara Chemical,Petrochemical,Eastern Province,Short-Term,6,69330,44334,9132,15864,22.88
MP-2024-68541,25/03/2025,W-015249,Pakistani,Helper / Labourer,Saudi Electricity Co.,Power,Riyadh,Annual,12,37668,19152,15660,2856,7.58
MP-2024-26540,10/8/2024,W-015252,Bangladeshi,Helper / Labourer,Royal Commission Jubail,Industrial,Eastern Province,Multi-Year,24,78144,38160,16296,23688,30.31
MP-2025-53376,7/1/2025,W-015255,Ethiopian,Heavy Equipment Operator,Sadara Chemical,Petrochemical,Eastern Province,Annual,12,91512,42588,16104,32820,35.86
MP-2024-67196,12/3/2025,W-015256,Indian,Heavy Equipment Operator,Royal Commission Jubail,Industrial,Eastern Province,Annual,12,75780,44148,11076,20556,27.13
MP-2024-32119,6/4/2025,W-015258,Bangladeshi,QC Inspector,Royal Commission Jubail,Industrial,Eastern Province,Annual,12,88188,55308,18480,14400,16.33
MP-2024-99068,9/5/2025,W-015260,Pakistani,Helper / Labourer,NWC,Water,Riyadh,Multi-Year,18,54702,30888,13086,10728,19.61
MP-2024-17324,13/12/2024,W-015262,Saudi,Electrician,SABIC,Petrochemical,Eastern Province,Short-Term,3,38334,17415,1410,19509,50.89
MP-2024-65569,25/07/2025,W-015265,Indian,Industrial Painter,Bechtel KSA,EPC Contractor,Tabuk,Annual,12,71316,32868,11532,26916,37.74
MP-2025-11019,4/11/2024,W-015268,Filipino,Welder,Saudi Electricity Co.,Power,Riyadh,Annual,12,53616,32040,8604,12972,24.19
MP-2025-83289,24/11/2024,W-015269,Indian,HVAC Technician,Saudi Electricity Co.,Power,Riyadh,Short-Term,3,22110,10803,3702,7605,34.4
MP-2024-18987,15/11/2025,W-015272,Bangladeshi,Heavy Equipment Operator,NWC,Water,Riyadh,Multi-Year,24,148464,95112,17184,36168,24.36
MP-2024-88278,21/03/2024,W-015273,Indian,Helper / Labourer,Saudi Aramco,Oil & Gas,Eastern Province,Short-Term,3,9489,3987,2376,3126,32.94
MP-2024-38460,7/8/2025,W-015275,Pakistani,Civil Foreman,SABIC,Petrochemical,Eastern Province,Short-Term,2,18548,9716,2078,6754,36.41
MP-2024-83347,29/06/2025,W-015278,Indian,Electrician,NWC,Water,Riyadh,Annual,12,64524,33468,14760,16296,25.26
MP-2024-45778,18/05/2024,W-015281,Indian,Scaffolder,Ma'aden,Mining,Northern Borders,Short-Term,3,14442,6783,2928,4731,32.76
MP-2024-64136,10/11/2024,W-015283,Yemeni,Scaffolder,Red Sea Global,Tourism Dev,Tabuk,Short-Term,2,12678,6132,1952,4594,36.24
MP-2025-77932,5/4/2024,W-015286,Nepali,Mechanical Technician,Royal Commission Yanbu,Industrial,Madinah,Short-Term,6,41478,23598,6270,11610,27.99
MP-2025-43717,28/01/2025,W-015289,Indian,Helper / Labourer,ROSHN,Real Estate,Riyadh,Short-Term,1,3301,1786,978,537,16.27
MP-2024-35688,21/09/2025,W-015291,Indian,Pipe Fitter,Saudi Electricity Co.,Power,Riyadh,Annual,12,93648,45192,16248,32208,34.39
MP-2025-87221,1/2/2025,W-015293,Bangladeshi,Document Controller,Ma'aden,Mining,Northern Borders,Multi-Year,18,153594,86814,23040,43740,28.48
MP-2024-41849,11/11/2025,W-015296,Nepali,Driver (Heavy),Saudi Aramco,Oil & Gas,Eastern Province,Annual,12,67536,34644,8268,24624,36.46
MP-2024-73697,24/12/2025,W-015299,Egyptian,Welder,Saudi Electricity Co.,Power,Riyadh,Annual,12,56580,30312,16080,10188,18.01
MP-2025-74981,28/05/2025,W-015300,Indian,Scaffolder,Sadara Chemical,Petrochemical,Eastern Province,Annual,12,80220,35532,10728,33960,42.33
MP-2025-95423,13/11/2025,W-015302,Sudanese,Mechanical Technician,Saudi Electricity Co.,Power,Riyadh,Annual,12,62604,34896,8400,19308,30.84
MP-2025-93519,5/5/2025,W-015305,Bangladeshi,Rigger,NWC,Water,Riyadh,Short-Term,3,18537,11295,2031,5211,28.11
MP-2025-66936,29/12/2024,W-015306,Yemeni,Helper / Labourer,SABIC,Petrochemical,Eastern Province,Short-Term,2,6246,2706,1946,1594,25.52
MP-2024-58320,20/05/2024,W-015307,Pakistani,Welder,NEOM,Mega Project,Tabuk,Annual,12,84108,36528,13716,33864,40.26
MP-2025-59029,4/10/2025,W-015308,Pakistani,Electrician,Saudi Kayan,Petrochemical,Eastern Province,Short-Term,6,30138,16596,4746,8796,29.19
MP-2024-83748,27/05/2025,W-015310,Sri Lankan,Industrial Painter,Worley KSA,EPC Contractor,Eastern Province,Short-Term,3,16749,8118,2058,6573,39.24
MP-2024-36798,15/07/2025,W-015311,Indian,Welder,Worley KSA,EPC Contractor,Eastern Province,Multi-Year,18,116244,60822,12222,43200,37.16
MP-2024-79303,30/09/2024,W-015313,Bangladeshi,Helper / Labourer,Royal Commission Jubail,Industrial,Eastern Province,Multi-Year,36,116316,54612,32400,29304,25.19
MP-2024-33617,25/12/2024,W-015316,Nepali,Welder,Saudi Aramco,Oil & Gas,Eastern Province,Short-Term,3,23583,10938,2385,10260,43.51
MP-2024-92249,10/5/2025,W-015318,Egyptian,Helper / Labourer,Sadara Chemical,Petrochemical,Eastern Province,Short-Term,3,8916,4038,2295,2583,28.97
MP-2024-24252,15/02/2025,W-015321,Filipino,Scaffolder,Royal Commission Yanbu,Industrial,Madinah,Short-Term,3,14106,6462,2487,5157,36.56
MP-2024-47148,8/9/2024,W-015322,Filipino,Mechanical Technician,SABIC,Petrochemical,Eastern Province,Short-Term,3,20949,10950,3876,6123,29.23
MP-2024-62652,29/03/2024,W-015324,Saudi,Electrician,Saudi Aramco,Oil & Gas,Eastern Province,Annual,12,114588,56484,4056,54048,47.17
MP-2024-98401,4/9/2024,W-015326,Nepali,Mechanical Technician,Saudi Aramco,Oil & Gas,Eastern Province,Annual,12,75408,41136,15804,18468,24.49
MP-2025-82071,14/05/2025,W-015327,Bangladeshi,Welder,Saudi Electricity Co.,Power,Riyadh,Short-Term,1,6290,3754,1042,1494,23.75
MP-2025-88489,26/07/2024,W-015328,Saudi,Electrician,Royal Commission Yanbu,Industrial,Madinah,Annual,12,105936,61152,4716,40068,37.82
MP-2025-86383,18/12/2025,W-015330,Saudi,Driver (Heavy),Saudi Electricity Co.,Power,Riyadh,Annual,12,77544,43104,3192,31248,40.3
MP-2024-45574,29/06/2024,W-015332,Nepali,Industrial Painter,Ma'aden,Mining,Northern Borders,Short-Term,3,17103,8361,2271,-413,-2.41
MP-2024-52335,28/12/2025,W-015334,Filipino,Welder,Sadara Chemical,Petrochemical,Eastern Province,Short-Term,2,9728,5010,1848,2870,29.5
MP-2025-36618,31/08/2024,W-015335,Pakistani,HVAC Technician,Sadara Chemical,Petrochemical,Eastern Province,Short-Term,3,20052,11583,3249,5220,26.03
MP-2025-25665,19/02/2025,W-015337,Pakistani,Warehouse Keeper,Saudi Aramco,Oil & Gas,Eastern Province,Annual,12,63084,30408,15252,17424,27.62
MP-2025-18059,23/04/2024,W-015338,Pakistani,HVAC Technician,ROSHN,Real Estate,Riyadh,Annual,12,87744,45888,15564,26292,29.96
MP-2025-22128,4/4/2025,W-015341,Yemeni,Heavy Equipment Operator,Saudi Electricity Co.,Power,Riyadh,Short-Term,3,21054,11667,2748,6639,31.53
MP-2024-83767,1/9/2024,W-015342,Egyptian,Welder,Saudi Aramco,Oil & Gas,Eastern Province,Short-Term,3,24072,10884,3693,9495,39.44
MP-2024-42420,28/10/2025,W-015343,Bangladeshi,Scaffolder,Petro Rabigh,Petrochemical,Makkah,Short-Term,3,12429,6117,3786,2526,20.32
MP-2024-60555,24/12/2024,W-015346,Egyptian,QC Inspector,Marafiq,Utilities,Eastern Province,Multi-Year,24,290640,178344,24048,88248,30.36
MP-2025-12812,10/11/2025,W-015348,Yemeni,Document Controller,Petro Rabigh,Petrochemical,Makkah,Short-Term,3,24351,12852,3006,8493,34.88
MP-2025-65755,30/05/2024,W-015351,Indonesian,Pipe Fitter,Saudi Aramco,Oil & Gas,Eastern Province,Annual,12,59496,32256,8964,18276,30.72
MP-2025-18500,4/5/2024,W-015354,Bangladeshi,Helper / Labourer,Saudi Aramco,Oil & Gas,Eastern Province,Short-Term,6,27534,10992,5862,-1921,-6.98
MP-2025-84943,4/1/2024,W-015357,Indian,Mechanical Technician,Saudi Aramco,Oil & Gas,Eastern Province,Short-Term,2,15536,7598,1552,-1506,-9.69
MP-2025-74980,20/02/2024,W-015358,Pakistani,Civil Foreman,Saudi Aramco,Oil & Gas,Eastern Province,Annual,12,99288,45888,8748,44652,44.97
MP-2025-50096,20/03/2025,W-015359,Saudi,Mechanical Technician,ROSHN,Real Estate,Riyadh,Multi-Year,24,274656,147768,11712,115176,41.93
MP-2024-14839,28/12/2024,W-015360,Saudi,Industrial Painter,SABIC,Petrochemical,Eastern Province,Multi-Year,36,393516,173988,13968,205560,52.24
MP-2024-75010,31/12/2024,W-015361,Bangladeshi,Helper / Labourer,Petro Rabigh,Petrochemical,Makkah,Annual,12,38844,18600,11064,9180,23.63
MP-2024-24811,16/05/2025,W-015364,Bangladeshi,Instrument Technician,NWC,Water,Riyadh,Short-Term,3,23007,13791,4167,5049,21.95
MP-2025-95800,17/07/2025,W-015366,Indian,Scaffolder,Saudi Electricity Co.,Power,Riyadh,Annual,12,54204,31896,10956,11352,20.94
MP-2024-18071,14/12/2025,W-015368,Sri Lankan,Industrial Painter,NEOM,Mega Project,Tabuk,Short-Term,3,11742,6102,2895,2745,23.38
MP-2024-37632,13/01/2025,W-015369,Nepali,Scaffolder,Saudi Aramco,Oil & Gas,Eastern Province,Annual,12,63108,32040,10692,20376,32.29
MP-2024-77580,3/5/2025,W-015371,Pakistani,Electrician,Sadara Chemical,Petrochemical,Eastern Province,Annual,12,62484,35112,13884,13488,21.59
MP-2025-43237,6/5/2025,W-015374,Indian,Pipe Fitter,Saudi Aramco,Oil & Gas,Eastern Province,Annual,12,83940,43152,14520,26268,31.29
MP-2024-84787,18/06/2024,W-015375,Indian,Scaffolder,Saudi Electricity Co.,Power,Riyadh,Annual,12,67200,31248,7872,28080,41.79
MP-2025-99870,25/03/2025,W-015377,Sudanese,Rigger,Saudi Aramco,Oil & Gas,Eastern Province,Short-Term,3,21984,10224,3036,8724,39.68
MP-2024-70120,3/11/2024,W-015378,Indian,Pipe Fitter,Sadara Chemical,Petrochemical,Eastern Province,Short-Term,3,15312,8316,4032,2964,19.36
MP-2025-74874,26/12/2024,W-015379,Yemeni,Pipe Fitter,Bechtel KSA,EPC Contractor,Tabuk,Short-Term,6,28524,17334,7440,3750,13.15
MP-2025-69075,21/10/2025,W-015381,Ethiopian,Pipe Fitter,ROSHN,Real Estate,Riyadh,Short-Term,6,28152,15486,7902,4764,16.92
MP-2024-78269,3/7/2025,W-015383,Pakistani,Industrial Painter,Royal Commission Jubail,Industrial,Eastern Province,Short-Term,6,29118,16032,7506,432,1.48
MP-2024-49300,29/05/2024,W-015385,Egyptian,Safety Officer,SABIC,Petrochemical,Eastern Province,Short-Term,3,30657,18216,5028,-1632,-5.32
MP-2024-76182,12/7/2025,W-015388,Filipino,Safety Officer,NWC,Water,Riyadh,Annual,12,79044,52536,19284,7224,9.14
MP-2024-58458,4/4/2025,W-015390,Indian,Electrician,Ma'aden,Mining,Northern Borders,Annual,12,61944,33492,12300,16152,26.08
MP-2025-70038,13/01/2025,W-015392,Indian,Welder,Bechtel KSA,EPC Contractor,Tabuk,Annual,12,90876,42564,9252,39060,42.98
MP-2025-52380,17/10/2024,W-015394,Ethiopian,Welder,SABIC,Petrochemical,Eastern Province,Short-Term,2,10386,5494,1884,3008,28.96
MP-2024-28885,10/11/2025,W-015395,Filipino,Welder,Saudi Kayan,Petrochemical,Eastern Province,Short-Term,3,14391,7782,2571,4038,28.06
MP-2024-91818,14/12/2024,W-015397,Bangladeshi,Welder,Red Sea Global,Tourism Dev,Tabuk,Annual,12,77376,41688,12936,22752,29.4
MP-2024-16746,28/03/2025,W-015400,Ethiopian,Electrician,Saudi Electricity Co.,Power,Riyadh,Short-Term,1,6274,3094,714,2466,39.31
MP-2024-31686,25/10/2024,W-015403,Indian,Electrician,Saudi Aramco,Oil & Gas,Eastern Province,Annual,12,105132,51840,10080,43212,41.1
MP-2025-45364,4/5/2024,W-015404,Indian,Pipe Fitter,Saudi Electricity Co.,Power,Riyadh,Annual,12,55200,29064,16620,9516,17.24
MP-2024-53088,17/03/2025,W-015407,Egyptian,Electrician,Saudi Aramco,Oil & Gas,Eastern Province,Annual,12,68556,33456,12060,23040,33.61
MP-2024-53148,30/06/2024,W-015410,Sudanese,Safety Officer,Saudi Aramco,Oil & Gas,Eastern Province,Multi-Year,18,174726,99648,19404,55674,31.86
MP-2025-76031,25/04/2024,W-015412,Indian,Welder,Saudi Aramco,Oil & Gas,Eastern Province,Multi-Year,24,165696,79416,25992,60288,36.38
MP-2024-47291,21/06/2024,W-015414,Pakistani,Welder,Saudi Aramco,Oil & Gas,Eastern Province,Short-Term,1,4805,2373,682,161,3.35
MP-2025-50268,22/03/2025,W-015417,Saudi,Instrument Technician,Ma'aden,Mining,Northern Borders,Annual,12,176004,89988,3192,82824,47.06
MP-2024-42413,8/11/2025,W-015419,Bangladeshi,Rigger,NWC,Water,Riyadh,Multi-Year,36,171324,100764,40644,29916,17.46
MP-2025-35085,2/6/2024,W-015422,Indian,Rigger,Petro Rabigh,Petrochemical,Makkah,Short-Term,1,6876,3128,813,2935,42.68
MP-2024-40909,23/10/2024,W-015423,Filipino,Civil Engineer,Bechtel KSA,EPC Contractor,Tabuk,Annual,12,161292,92856,18012,50424,31.26
MP-2024-61519,3/5/2025,W-015424,Nepali,Document Controller,Saudi Aramco,Oil & Gas,Eastern Province,Multi-Year,24,197064,95856,29232,71976,36.52
MP-2024-80372,10/3/2025,W-015426,Sudanese,Helper / Labourer,Ma'aden,Mining,Northern Borders,Short-Term,2,7540,3342,2278,1920,25.46
MP-2025-93858,24/12/2025,W-015428,Egyptian,Warehouse Keeper,Sadara Chemical,Petrochemical,Eastern Province,Multi-Year,36,196524,110952,24480,61092,31.09
MP-2024-48287,5/12/2025,W-015429,Indian,Helper / Labourer,Diriyah Company,Real Estate,Riyadh,Multi-Year,24,73728,43512,27720,2496,3.39
MP-2025-28958,17/10/2024,W-015431,Sudanese,Pipe Fitter,SABIC,Petrochemical,Eastern Province,Annual,12,62124,35052,14508,12564,20.22
MP-2024-87794,1/7/2024,W-015433,Ethiopian,Mechanical Technician,Diriyah Company,Real Estate,Riyadh,Annual,12,93720,50724,10668,32328,34.49
MP-2024-82264,22/06/2024,W-015436,Filipino,Warehouse Keeper,Red Sea Global,Tourism Dev,Tabuk,Multi-Year,24,161760,83712,27312,50736,31.36
MP-2025-15207,7/10/2024,W-015437,Nepali,Scaffolder,Marafiq,Utilities,Eastern Province,Annual,12,57888,34932,13332,9624,16.63
MP-2024-19276,23/03/2024,W-015440,Bangladeshi,Civil Foreman,SABIC,Petrochemical,Eastern Province,Short-Term,2,15160,8594,2002,94,0.62
MP-2025-95910,4/1/2024,W-015442,Bangladeshi,Welder,NEOM,Mega Project,Tabuk,Multi-Year,24,171048,74544,26568,69936,40.89
MP-2025-35928,20/12/2024,W-015444,Pakistani,Industrial Painter,NWC,Water,Riyadh,Short-Term,1,4612,2185,1259,1168,25.33
MP-2025-19562,17/09/2025,W-015446,Filipino,Helper / Labourer,SABIC,Petrochemical,Eastern Province,Short-Term,3,10266,4950,2391,2925,28.49
MP-2024-14531,1/12/2024,W-015449,Indian,Scaffolder,NEOM,Mega Project,Tabuk,Short-Term,3,15207,6462,4029,4716,31.01
MP-2025-75258,12/11/2024,W-015451,Indian,Scaffolder,Saudi Kayan,Petrochemical,Eastern Province,Multi-Year,24,115968,61512,26496,27960,24.11
MP-2025-13989,14/09/2024,W-015452,Bangladeshi,Instrument Technician,Marafiq,Utilities,Eastern Province,Short-Term,2,13350,7600,2354,3396,25.44
MP-2025-15182,27/12/2025,W-015453,Yemeni,Helper / Labourer,Saudi Aramco,Oil & Gas,Eastern Province,Annual,12,39948,19524,8520,993,2.49
MP-2024-56308,10/11/2024,W-015456,Bangladeshi,Rigger,Royal Commission Jubail,Industrial,Eastern Province,Multi-Year,18,75438,43434,21816,10188,13.51
MP-2025-42003,24/05/2025,W-015457,Indian,Electrician,Saudi Kayan,Petrochemical,Eastern Province,Short-Term,1,9525,4306,1028,4191,44
MP-2024-17056,18/03/2025,W-015460,Egyptian,Helper / Labourer,NEOM,Mega Project,Tabuk,Short-Term,1,3377,1316,1049,1012,29.97
MP-2024-41910,22/12/2025,W-015462,Pakistani,Project Engineer,Diriyah Company,Real Estate,Riyadh,Annual,12,237840,162072,15384,60384,25.39
MP-2025-13111,11/7/2025,W-015463,Bangladeshi,Pipe Fitter,SABIC,Petrochemical,Eastern Province,Annual,12,77604,37968,12600,27036,34.84
MP-2024-34080,6/3/2024,W-015465,Filipino,Civil Foreman,Saudi Kayan,Petrochemical,Eastern Province,Multi-Year,24,245520,123888,20640,100992,41.13
MP-2025-43529,6/8/2024,W-015468,Indian,Electrician,Saudi Aramco,Oil & Gas,Eastern Province,Annual,12,60696,32712,7992,19992,32.94
MP-2024-18603,13/01/2024,W-015471,Pakistani,Pipe Fitter,SABIC,Petrochemical,Eastern Province,Annual,12,98628,49536,10536,2228,2.26
MP-2024-99736,28/11/2025,W-015472,Nepali,Safety Officer,Sadara Chemical,Petrochemical,Eastern Province,Annual,12,138096,77856,17136,43104,31.21
MP-2024-78515,6/9/2025,W-015475,Indonesian,Heavy Equipment Operator,Diriyah Company,Real Estate,Riyadh,Multi-Year,36,238680,132624,35208,70848,29.68
MP-2024-38539,27/05/2025,W-015477,Bangladeshi,Welder,Royal Commission Jubail,Industrial,Eastern Province,Annual,12,61872,28008,9804,24060,38.89
MP-2024-15468,11/10/2024,W-015480,Bangladeshi,Welder,Sadara Chemical,Petrochemical,Eastern Province,Annual,12,70020,32532,11484,26004,37.14
MP-2024-94567,12/4/2025,W-015483,Pakistani,Welder,NEOM,Mega Project,Tabuk,Annual,12,90048,35976,13716,40356,44.82
MP-2024-42502,3/10/2025,W-015486,Sudanese,Electrician,Ma'aden,Mining,Northern Borders,Short-Term,3,24525,11334,2190,11001,44.86
MP-2025-41250,8/11/2025,W-015488,Egyptian,Welder,Petro Rabigh,Petrochemical,Makkah,Multi-Year,24,166248,82272,23664,60312,36.28
MP-2025-42985,1/2/2024,W-015490,Pakistani,Electrician,Saudi Electricity Co.,Power,Riyadh,Annual,12,56976,34404,12012,10560,18.53
MP-2025-35849,14/04/2025,W-015493,Nepali,Pipe Fitter,Red Sea Global,Tourism Dev,Tabuk,Short-Term,3,23502,11082,3465,8955,38.1
MP-2024-69005,12/6/2025,W-015496,Filipino,Industrial Painter,Saudi Electricity Co.,Power,Riyadh,Multi-Year,24,140688,64152,18048,58488,41.57
MP-2024-14100,9/2/2024,W-015498,Egyptian,Rigger,Saudi Aramco,Oil & Gas,Eastern Province,Short-Term,6,38970,16782,4206,17982,46.14
MP-2024-48672,16/02/2025,W-015499,Nepali,Industrial Painter,Ma'aden,Mining,Northern Borders,Annual,12,66144,35652,16284,-2683,-4.06
MP-2025-82345,13/03/2025,W-015501,Bangladeshi,Heavy Equipment Operator,SABIC,Petrochemical,Eastern Province,Short-Term,3,17103,9081,3804,4218,24.66
MP-2024-43916,30/07/2025,W-015504,Bangladeshi,Welder,Royal Commission Yanbu,Industrial,Madinah,Multi-Year,36,171792,106056,29952,35784,20.83
MP-2024-47390,6/11/2025,W-015506,Pakistani,Helper / Labourer,Saudi Electricity Co.,Power,Riyadh,Short-Term,3,11292,5088,3225,2979,26.38
MP-2025-96149,19/09/2024,W-015509,Sudanese,Rigger,Royal Commission Jubail,Industrial,Eastern Province,Annual,12,60492,28692,9852,21948,36.28
MP-2025-67974,1/10/2025,W-015512,Yemeni,Instrument Technician,NEOM,Mega Project,Tabuk,Short-Term,3,29067,15405,3000,10662,36.68
MP-2024-23799,27/11/2025,W-015513,Indian,Instrument Technician,Royal Commission Jubail,Industrial,Eastern Province,Short-Term,2,14912,7538,2684,4690,31.45
MP-2025-22700,6/6/2025,W-015514,Indian,Industrial Painter,Saudi Aramco,Oil & Gas,Eastern Province,Multi-Year,18,70074,34668,23904,11502,16.41
MP-2024-30258,28/12/2024,W-015516,Sudanese,Mechanical Technician,Saudi Aramco,Oil & Gas,Eastern Province,Multi-Year,24,147000,77280,17256,52464,35.69
MP-2024-36935,6/5/2024,W-015517,Sudanese,Scaffolder,ROSHN,Real Estate,Riyadh,Short-Term,1,4533,2896,659,978,21.58
MP-2025-95146,20/08/2025,W-015518,Indian,Welder,Petro Rabigh,Petrochemical,Makkah,Short-Term,3,16203,7872,2904,5427,33.49
MP-2024-57911,23/07/2024,W-015521,Pakistani,Pipe Fitter,Royal Commission Jubail,Industrial,Eastern Province,Short-Term,3,15624,7788,3453,4383,28.05
MP-2025-45407,25/05/2024,W-015523,Sudanese,Welder,SABIC,Petrochemical,Eastern Province,Multi-Year,24,134232,60840,33552,39840,29.68
MP-2024-62622,26/06/2025,W-015524,Egyptian,QC Inspector,Saudi Aramco,Oil & Gas,Eastern Province,Short-Term,6,75702,36696,6624,-6794,-8.97
MP-2024-35539,21/12/2024,W-015527,Pakistani,Scaffolder,Sadara Chemical,Petrochemical,Eastern Province,Short-Term,2,14320,6658,2242,5420,37.85
MP-2024-76582,14/06/2025,W-015528,Pakistani,Warehouse Keeper,Ma'aden,Mining,Northern Borders,Short-Term,3,19614,10209,3267,6138,31.29
MP-2025-37763,4/1/2025,W-015530,Sudanese,Helper / Labourer,Marafiq,Utilities,Eastern Province,Annual,12,37932,17616,12228,8088,21.32
MP-2025-45844,2/8/2025,W-015532,Pakistani,Civil Foreman,Saudi Aramco,Oil & Gas,Eastern Province,Annual,12,114804,66204,7884,40716,35.47
MP-2024-61140,31/10/2024,W-015535,Bangladeshi,Site Supervisor,Red Sea Global,Tourism Dev,Tabuk,Annual,12,112464,67140,14952,30372,27.01
MP-2025-95404,24/10/2024,W-015538,Sudanese,Welder,Saudi Aramco,Oil & Gas,Eastern Province,Short-Term,3,12972,6717,2760,3495,26.94
MP-2025-35967,9/9/2025,W-015540,Indian,Helper / Labourer,Saudi Aramco,Oil & Gas,Eastern Province,Multi-Year,24,79608,33240,20160,-4265,-5.36
MP-2025-27835,4/1/2025,W-015543,Indonesian,Helper / Labourer,Diriyah Company,Real Estate,Riyadh,Short-Term,1,3690,1711,813,1166,31.6
MP-2024-99181,10/12/2025,W-015546,Pakistani,Rigger,NEOM,Mega Project,Tabuk,Multi-Year,24,227040,91584,23880,111576,49.14
MP-2024-99873,5/9/2024,W-015548,Indian,Helper / Labourer,NEOM,Mega Project,Tabuk,Short-Term,3,11571,5208,3747,2616,22.61
MP-2025-69823,3/6/2025,W-015549,Indian,Helper / Labourer,Diriyah Company,Real Estate,Riyadh,Annual,12,45960,21888,15564,8508,18.51
MP-2025-23955,25/06/2025,W-015550,Indian,Pipe Fitter,Red Sea Global,Tourism Dev,Tabuk,Multi-Year,24,149376,66816,22704,59856,40.07
MP-2024-72363,31/01/2025,W-015551,Bangladeshi,Warehouse Keeper,SABIC,Petrochemical,Eastern Province,Short-Term,3,21219,11310,4026,5883,27.73
MP-2025-23015,23/03/2024,W-015552,Filipino,Scaffolder,Saudi Aramco,Oil & Gas,Eastern Province,Short-Term,1,6070,2490,1181,2399,39.52
MP-2024-14962,3/5/2025,W-015555,Pakistani,Rigger,NEOM,Mega Project,Tabuk,Short-Term,6,57618,23184,5892,28542,49.54
MP-2025-74273,8/5/2025,W-015557,Indian,QC Inspector,Sadara Chemical,Petrochemical,Eastern Province,Short-Term,2,27320,13812,2482,11026,40.36
MP-2024-67732,16/06/2025,W-015558,Filipino,Helper / Labourer,NEOM,Mega Project,Tabuk,Short-Term,3,8184,4116,2805,1263,15.43
MP-2024-18875,20/09/2024,W-015559,Sri Lankan,QC Inspector,NWC,Water,Riyadh,Annual,12,115368,65664,17244,32460,28.14
MP-2025-38387,23/05/2025,W-015560,Pakistani,Electrician,SABIC,Petrochemical,Eastern Province,Multi-Year,24,144888,70680,25680,2730,1.88
MP-2024-97197,4/8/2025,W-015562,Indian,QC Inspector,Saudi Kayan,Petrochemical,Eastern Province,Annual,12,160380,84060,10932,65388,40.77
MP-2025-35266,8/10/2024,W-015563,Egyptian,Instrument Technician,Saudi Aramco,Oil & Gas,Eastern Province,Multi-Year,24,230424,114576,32016,83832,36.38
MP-2024-78876,1/6/2024,W-015565,Filipino,Welder,ROSHN,Real Estate,Riyadh,Annual,12,55236,29724,13452,12060,21.83
MP-2024-25890,18/06/2025,W-015568,Yemeni,Site Supervisor,Sadara Chemical,Petrochemical,Eastern Province,Short-Term,3,35262,18633,2808,13821,39.2
MP-2025-91353,30/09/2025,W-015571,Egyptian,Civil Engineer,Saudi Aramco,Oil & Gas,Eastern Province,Annual,12,218640,131376,11628,-17940,-8.21
MP-2024-66878,4/1/2024,W-015574,Pakistani,Welder,Sadara Chemical,Petrochemical,Eastern Province,Short-Term,3,13212,7185,2004,4023,30.45
MP-2025-74700,27/10/2025,W-015576,Bangladeshi,Helper / Labourer,Sadara Chemical,Petrochemical,Eastern Province,Annual,12,44532,18036,13092,13404,30.1
MP-2024-49801,9/12/2024,W-015577,Pakistani,Helper / Labourer,Saudi Electricity Co.,Power,Riyadh,Multi-Year,36,106704,55692,34020,16992,15.92
MP-2025-54448,16/04/2024,W-015580,Sri Lankan,Scaffolder,Red Sea Global,Tourism Dev,Tabuk,Short-Term,2,10882,5824,2294,2764,25.4
MP-2025-62607,29/05/2024,W-015581,Bangladeshi,Industrial Painter,Red Sea Global,Tourism Dev,Tabuk,Multi-Year,24,161856,70320,17520,74016,45.73
MP-2025-68868,19/09/2024,W-015582,Bangladeshi,Driver (Heavy),NEOM,Mega Project,Tabuk,Multi-Year,36,252396,107604,46764,98028,38.84
MP-2025-79848,18/11/2024,W-015584,Pakistani,Welder,Royal Commission Jubail,Industrial,Eastern Province,Short-Term,3,15228,8796,2916,3516,23.09
MP-2025-91895,29/08/2024,W-015587,Filipino,Heavy Equipment Operator,Petro Rabigh,Petrochemical,Makkah,Short-Term,3,18615,8682,2577,7356,39.52
MP-2024-66513,29/09/2024,W-015589,Nepali,Safety Officer,Worley KSA,EPC Contractor,Eastern Province,Multi-Year,24,291888,154848,29376,-14866,-5.09
MP-2025-15148,9/5/2025,W-015592,Filipino,Industrial Painter,Saudi Aramco,Oil & Gas,Eastern Province,Annual,12,61620,29232,13020,19368,31.43
MP-2024-16576,13/08/2024,W-015595,Saudi,Helper / Labourer,Saudi Electricity Co.,Power,Riyadh,Short-Term,3,15045,7668,1383,5994,39.84
MP-2024-30224,12/9/2024,W-015596,Indian,Helper / Labourer,Saudi Electricity Co.,Power,Riyadh,Annual,12,44016,19752,8832,15432,35.06
MP-2025-33806,14/12/2024,W-015598,Bangladeshi,Welder,NEOM,Mega Project,Tabuk,Annual,12,64332,26412,16056,21864,33.99
MP-2024-63380,31/10/2025,W-015601,Indian,Project Engineer,Saudi Aramco,Oil & Gas,Eastern Province,Multi-Year,24,399840,202536,25032,172272,43.09
MP-2025-95752,12/7/2024,W-015602,Filipino,Electrician,Diriyah Company,Real Estate,Riyadh,Annual,12,87228,45252,16776,25200,28.89
MP-2025-13619,25/05/2025,W-015603,Bangladeshi,Welder,SABIC,Petrochemical,Eastern Province,Annual,12,94104,42372,10032,41700,44.31
MP-2024-46408,28/08/2025,W-015604,Egyptian,Rigger,Worley KSA,EPC Contractor,Eastern Province,Multi-Year,24,122424,62760,17088,42576,34.78
MP-2025-41242,30/05/2025,W-015607,Bangladeshi,Pipe Fitter,Saudi Aramco,Oil & Gas,Eastern Province,Annual,12,82860,39120,10512,-3821,-4.61
MP-2025-75744,23/03/2025,W-015609,Indian,Pipe Fitter,Royal Commission Jubail,Industrial,Eastern Province,Annual,12,63384,35448,12204,15732,24.82
MP-2024-92282,6/3/2024,W-015611,Indian,Helper / Labourer,Ma'aden,Mining,Northern Borders,Annual,12,41712,18612,13980,9120,21.86
MP-2024-27872,28/07/2024,W-015614,Indian,Driver (Heavy),Saudi Kayan,Petrochemical,Eastern Province,Annual,12,89940,40524,8904,40512,45.04
MP-2024-11874,17/04/2025,W-015617,Sudanese,Scaffolder,Bechtel KSA,EPC Contractor,Tabuk,Annual,12,49236,24108,16332,8796,17.86
MP-2025-65038,9/4/2025,W-015619,Indian,Helper / Labourer,Red Sea Global,Tourism Dev,Tabuk,Short-Term,3,10473,5070,1965,3438,32.83
MP-2024-85593,27/03/2024,W-015620,Bangladeshi,Helper / Labourer,Sadara Chemical,Petrochemical,Eastern Province,Annual,12,44772,18480,15168,11124,24.85
MP-2025-58816,30/04/2025,W-015623,Bangladeshi,Industrial Painter,SABIC,Petrochemical,Eastern Province,Multi-Year,18,84384,46350,18450,19584,23.21
MP-2025-93985,23/05/2024,W-015626,Bangladeshi,Electrician,Sadara Chemical,Petrochemical,Eastern Province,Short-Term,3,18396,9873,3351,5172,28.11
MP-2024-87763,25/07/2025,W-015629,Bangladeshi,Pipe Fitter,Sadara Chemical,Petrochemical,Eastern Province,Annual,12,54408,31860,8496,14052,25.83
MP-2025-15320,28/02/2025,W-015632,Indian,Helper / Labourer,Saudi Electricity Co.,Power,Riyadh,Annual,12,40584,20244,13968,-803,-1.98
MP-2025-28309,8/11/2024,W-015634,Yemeni,Mechanical Technician,NEOM,Mega Project,Tabuk,Short-Term,1,6264,3314,717,2233,35.65
MP-2024-41695,21/01/2024,W-015635,Indian,Welder,Petro Rabigh,Petrochemical,Makkah,Short-Term,1,5180,2841,1049,1290,24.9
MP-2025-51914,15/01/2025,W-015636,Nepali,Electrician,NEOM,Mega Project,Tabuk,Short-Term,1,6585,3125,993,2467,37.46
MP-2025-78587,4/8/2024,W-015638,Indian,Mechanical Technician,NEOM,Mega Project,Tabuk,Annual,12,103632,49200,16128,38304,36.96
MP-2025-55756,10/2/2025,W-015640,Sri Lankan,Mechanical Technician,Petro Rabigh,Petrochemical,Makkah,Annual,12,80148,38484,14208,27456,34.26
MP-2025-97070,13/09/2024,W-015641,Bangladeshi,Heavy Equipment Operator,Saudi Aramco,Oil & Gas,Eastern Province,Multi-Year,36,350100,159372,39600,151128,43.17
MP-2024-66644,12/5/2024,W-015643,Yemeni,Civil Engineer,Sadara Chemical,Petrochemical,Eastern Province,Annual,12,202548,126216,11952,64380,31.79
MP-2025-28007,17/03/2025,W-015646,Yemeni,Helper / Labourer,Ma'aden,Mining,Northern Borders,Annual,12,35556,16980,14340,4236,11.91
MP-2024-21856,5/1/2024,W-015647,Nepali,Civil Engineer,Saudi Kayan,Petrochemical,Eastern Province,Multi-Year,18,353520,187164,19908,146448,41.43
MP-2024-11183,11/7/2024,W-015650,Indonesian,Mechanical Technician,Saudi Aramco,Oil & Gas,Eastern Province,Short-Term,3,26067,12222,3375,10470,40.17
MP-2025-32481,8/11/2024,W-015653,Pakistani,HVAC Technician,Saudi Aramco,Oil & Gas,Eastern Province,Short-Term,3,19626,10095,3732,5799,29.55
MP-2025-14780,18/06/2025,W-015654,Pakistani,Helper / Labourer,Saudi Electricity Co.,Power,Riyadh,Short-Term,6,15504,8130,4956,2418,15.6
MP-2025-51073,1/9/2025,W-015657,Sudanese,Welder,SABIC,Petrochemical,Eastern Province,Short-Term,2,14908,7230,1584,6094,40.88
MP-2025-58375,15/01/2024,W-015660,Filipino,Helper / Labourer,SABIC,Petrochemical,Eastern Province,Short-Term,1,4130,1813,1311,1006,24.36
MP-2025-13203,23/05/2024,W-015662,Pakistani,Electrician,Royal Commission Jubail,Industrial,Eastern Province,Short-Term,6,29898,15738,6912,7248,24.24
MP-2025-41657,12/5/2024,W-015664,Bangladeshi,Rigger,Ma'aden,Mining,Northern Borders,Annual,12,62172,32544,11736,17892,28.78
MP-2025-39522,11/12/2024,W-015666,Pakistani,Warehouse Keeper,SABIC,Petrochemical,Eastern Province,Multi-Year,24,171072,88152,17496,65424,38.24
MP-2024-86034,10/8/2024,W-015669,Egyptian,Pipe Fitter,SABIC,Petrochemical,Eastern Province,Annual,12,54240,29904,8424,1135,2.09
MP-2024-43381,15/08/2024,W-015672,Pakistani,Welder,Saudi Aramco,Oil & Gas,Eastern Province,Annual,12,99924,40620,13596,45708,45.74
MP-2024-47751,2/4/2025,W-015674,Indian,HVAC Technician,Royal Commission Yanbu,Industrial,Madinah,Short-Term,2,13962,7370,1366,5226,37.43
MP-2024-88710,22/04/2024,W-015675,Ethiopian,Electrician,SABIC,Petrochemical,Eastern Province,Annual,12,78732,39468,16080,23184,29.45
MP-2024-21046,1/4/2024,W-015677,Indonesian,Pipe Fitter,SABIC,Petrochemical,Eastern Province,Multi-Year,36,303624,141876,32184,129564,42.67
MP-2024-46189,14/09/2024,W-015678,Bangladeshi,Driver (Heavy),Saudi Electricity Co.,Power,Riyadh,Short-Term,2,13814,6706,2146,4962,35.92
MP-2024-43145,30/05/2024,W-015679,Nepali,Site Supervisor,Diriyah Company,Real Estate,Riyadh,Annual,12,108324,70680,20100,17544,16.2
MP-2025-75565,1/9/2024,W-015681,Indian,Instrument Technician,Saudi Kayan,Petrochemical,Eastern Province,Annual,12,115272,62760,12708,39804,34.53
MP-2024-17389,8/9/2025,W-015682,Indian,Helper / Labourer,SABIC,Petrochemical,Eastern Province,Short-Term,6,15024,7956,5802,1266,8.43
MP-2024-54840,10/6/2025,W-015685,Yemeni,Rigger,Ma'aden,Mining,Northern Borders,Annual,12,64944,33948,12768,18228,28.07
MP-2024-82448,4/11/2025,W-015687,Saudi,Rigger,SABIC,Petrochemical,Eastern Province,Short-Term,3,32226,14820,1329,16077,49.89
MP-2025-79253,18/10/2024,W-015688,Pakistani,Helper / Labourer,Diriyah Company,Real Estate,Riyadh,Short-Term,3,8070,4464,4140,-534,-6.62
MP-2025-24185,26/05/2025,W-015690,Filipino,Industrial Painter,Diriyah Company,Real Estate,Riyadh,Annual,12,65820,35952,14904,-3099,-4.71
MP-2024-38695,3/4/2025,W-015693,Pakistani,Pipe Fitter,Saudi Kayan,Petrochemical,Eastern Province,Annual,12,80628,39948,8592,32088,39.8
MP-2024-26761,29/11/2024,W-015694,Egyptian,Electrician,Ma'aden,Mining,Northern Borders,Annual,12,81696,39600,11880,30216,36.99
MP-2025-61969,27/02/2025,W-015695,Pakistani,Scaffolder,NWC,Water,Riyadh,Short-Term,1,4553,2259,685,1609,35.34
MP-2025-30349,2/7/2024,W-015698,Filipino,Pipe Fitter,ROSHN,Real Estate,Riyadh,Short-Term,2,12078,5922,1586,4570,37.84
MP-2025-14317,30/03/2024,W-015701,Ethiopian,Rigger,NWC,Water,Riyadh,Annual,12,83220,44832,8028,30360,36.48
MP-2025-35970,9/9/2025,W-015702,Sri Lankan,Mechanical Technician,NWC,Water,Riyadh,Annual,12,93192,49356,11424,32412,34.78
MP-2024-16592,24/03/2025,W-015705,Indian,Electrician,Saudi Electricity Co.,Power,Riyadh,Annual,12,89580,45048,9792,34740,38.78
MP-2024-99129,1/8/2025,W-015708,Pakistani,Instrument Technician,Ma'aden,Mining,Northern Borders,Multi-Year,24,206376,126768,21480,58128,28.17
MP-2025-92996,13/03/2025,W-015709,Filipino,Helper / Labourer,Saudi Electricity Co.,Power,Riyadh,Annual,12,40512,21720,16020,2772,6.84
MP-2025-30819,14/05/2025,W-015710,Nepali,Electrician,Royal Commission Yanbu,Industrial,Madinah,Annual,12,86400,43524,14208,28668,33.18
MP-2024-99394,3/10/2024,W-015712,Indian,Helper / Labourer,Red Sea Global,Tourism Dev,Tabuk,Short-Term,3,13473,5475,2886,5112,37.94
MP-2025-23124,1/11/2024,W-015715,Egyptian,Industrial Painter,NEOM,Mega Project,Tabuk,Multi-Year,36,185184,75708,33840,75636,40.84
MP-2025-90750,22/06/2024,W-015717,Saudi,Safety Officer,Worley KSA,EPC Contractor,Eastern Province,Multi-Year,24,409464,232464,13992,163008,39.81
MP-2025-91472,25/12/2025,W-015719,Bangladeshi,Welder,Red Sea Global,Tourism Dev,Tabuk,Short-Term,6,41574,22560,6852,12162,29.25
MP-2024-81362,29/01/2024,W-015720,Bangladeshi,Helper / Labourer,SABIC,Petrochemical,Eastern Province,Annual,12,31200,16092,15288,-180,-0.58
MP-2025-74727,8/9/2025,W-015721,Nepali,Safety Officer,Royal Commission Yanbu,Industrial,Madinah,Short-Term,2,15228,8464,1768,4996,32.81
MP-2025-33642,1/2/2024,W-015722,Nepali,Scaffolder,Saudi Aramco,Oil & Gas,Eastern Province,Short-Term,1,6553,3299,1269,1985,30.29
MP-2024-98983,9/3/2024,W-015724,Egyptian,Safety Officer,SABIC,Petrochemical,Eastern Province,Short-Term,1,7182,4296,1370,1516,21.11
MP-2024-14582,25/04/2024,W-015725,Nepali,Safety Officer,Petro Rabigh,Petrochemical,Makkah,Multi-Year,18,174942,100620,25344,48978,28
MP-2024-11022,16/12/2025,W-015726,Nepali,Rigger,ROSHN,Real Estate,Riyadh,Annual,12,52560,29124,15624,7812,14.86
MP-2024-32828,28/10/2024,W-015728,Filipino,Scaffolder,SABIC,Petrochemical,Eastern Province,Multi-Year,36,178632,77724,31824,69084,38.67
MP-2025-67063,25/09/2025,W-015729,Indian,Site Supervisor,Saudi Aramco,Oil & Gas,Eastern Province,Annual,12,126744,73884,15180,37680,29.73
MP-2024-14348,17/09/2024,W-015730,Indian,Scaffolder,Worley KSA,EPC Contractor,Eastern Province,Annual,12,51468,24168,16200,11100,21.57
MP-2024-33425,28/07/2024,W-015731,Indian,Rigger,Saudi Aramco,Oil & Gas,Eastern Province,Annual,12,89580,39120,9396,41064,45.84
MP-2024-28197,30/11/2025,W-015734,Egyptian,Pipe Fitter,Saudi Electricity Co.,Power,Riyadh,Short-Term,2,11814,7160,1546,3108,26.31
MP-2024-67232,23/04/2025,W-015737,Pakistani,Scaffolder,Ma'aden,Mining,Northern Borders,Multi-Year,24,102048,53616,27840,20592,20.18
MP-2024-62545,1/4/2025,W-015740,Indian,Helper / Labourer,Worley KSA,EPC Contractor,Eastern Province,Annual,12,44676,21576,14436,8664,19.39
MP-2024-33529,23/11/2024,W-015741,Pakistani,Instrument Technician,Petro Rabigh,Petrochemical,Makkah,Annual,12,87252,50328,7944,28980,33.21
MP-2025-20966,9/5/2025,W-015744,Sudanese,Civil Engineer,SABIC,Petrochemical,Eastern Province,Multi-Year,24,442632,281448,37320,123864,27.98
MP-2025-19733,3/3/2024,W-015747,Pakistani,Mechanical Technician,Royal Commission Yanbu,Industrial,Madinah,Short-Term,3,19272,11412,2604,5256,27.27
MP-2024-75086,31/05/2025,W-015749,Bangladeshi,Safety Officer,Saudi Aramco,Oil & Gas,Eastern Province,Short-Term,2,25696,12980,2362,10354,40.29
MP-2024-54530,6/6/2025,W-015750,Pakistani,HVAC Technician,Saudi Aramco,Oil & Gas,Eastern Province,Annual,12,66600,34728,13572,18300,27.48
MP-2024-28028,15/07/2025,W-015751,Filipino,Welder,Red Sea Global,Tourism Dev,Tabuk,Multi-Year,24,94200,53208,29136,420,0.45
MP-2024-65991,19/07/2024,W-015753,Filipino,Welder,ROSHN,Real Estate,Riyadh,Short-Term,1,3910,2486,886,31,0.79
MP-2025-72209,20/03/2024,W-015756,Indian,Welder,Saudi Electricity Co.,Power,Riyadh,Annual,12,94332,44436,12900,36996,39.22
MP-2025-35590,7/10/2025,W-015759,Indian,Driver (Heavy),Royal Commission Jubail,Industrial,Eastern Province,Short-Term,1,5733,2827,669,2237,39.02
MP-2024-42303,9/7/2025,W-015762,Filipino,Civil Foreman,Marafiq,Utilities,Eastern Province,Short-Term,3,27441,16656,2865,7920,28.86
MP-2025-70912,25/03/2025,W-015764,Sri Lankan,Civil Foreman,Sadara Chemical,Petrochemical,Eastern Province,Short-Term,3,26250,16032,2037,8181,31.17
MP-2024-68962,8/3/2025,W-015766,Pakistani,Civil Engineer,Ma'aden,Mining,Northern Borders,Multi-Year,18,216000,137610,18090,-11505,-5.33
MP-2025-40146,8/11/2024,W-015768,Bangladeshi,Pipe Fitter,Saudi Electricity Co.,Power,Riyadh,Short-Term,2,12310,7422,2676,2212,17.97
MP-2024-79745,1/10/2024,W-015771,Filipino,Mechanical Technician,SABIC,Petrochemical,Eastern Province,Annual,12,101592,45576,16416,39600,38.98
MP-2024-38175,5/10/2025,W-015774,Pakistani,Mechanical Technician,Red Sea Global,Tourism Dev,Tabuk,Short-Term,3,18093,8580,2496,7017,38.78
MP-2025-35617,12/9/2025,W-015777,Pakistani,Industrial Painter,NEOM,Mega Project,Tabuk,Short-Term,3,14910,6594,2667,5649,37.89
MP-2025-27153,28/12/2025,W-015778,Filipino,Heavy Equipment Operator,NEOM,Mega Project,Tabuk,Annual,12,96816,42348,9204,45264,46.75
MP-2024-40759,15/11/2024,W-015779,Indonesian,QC Inspector,Saudi Aramco,Oil & Gas,Eastern Province,Short-Term,3,26475,14526,2604,9345,35.3
MP-2024-22041,18/01/2025,W-015781,Nepali,Scaffolder,Red Sea Global,Tourism Dev,Tabuk,Short-Term,3,12459,6888,3906,1665,13.36
MP-2024-38462,18/07/2024,W-015783,Bangladeshi,Scaffolder,SABIC,Petrochemical,Eastern Province,Annual,12,78984,36036,15756,27192,34.43
MP-2024-45506,24/10/2024,W-015784,Indian,Welder,Sadara Chemical,Petrochemical,Eastern Province,Multi-Year,24,131208,64056,24216,42936,32.72
MP-2024-92808,21/07/2025,W-015787,Egyptian,Pipe Fitter,ROSHN,Real Estate,Riyadh,Short-Term,2,13238,6620,1412,5206,39.33
MP-2024-63460,6/10/2024,W-015789,Nepali,Pipe Fitter,SABIC,Petrochemical,Eastern Province,Annual,12,67560,32640,12312,22608,33.46
MP-2025-67793,28/07/2024,W-015791,Indian,Warehouse Keeper,ROSHN,Real Estate,Riyadh,Multi-Year,24,150480,83304,17736,49440,32.85
MP-2024-18015,20/04/2025,W-015793,Sudanese,Scaffolder,Worley KSA,EPC Contractor,Eastern Province,Annual,12,65616,37392,10296,17928,27.32
MP-2024-40750,19/02/2024,W-015795,Indonesian,Helper / Labourer,NEOM,Mega Project,Tabuk,Short-Term,2,7590,3798,2054,1738,22.9
MP-2025-49303,1/9/2024,W-015798,Bangladeshi,Rigger,Royal Commission Yanbu,Industrial,Madinah,Annual,12,53316,30828,8232,14256,26.74
MP-2024-45212,9/10/2025,W-015800,Indian,Industrial Painter,Royal Commission Jubail,Industrial,Eastern Province,Annual,12,62592,33240,15588,13764,21.99
MP-2024-68441,12/11/2024,W-015803,Indian,Helper / Labourer,Royal Commission Yanbu,Industrial,Madinah,Annual,12,39096,19332,16404,3360,8.59
MP-2025-54324,10/1/2024,W-015805,Indian,Helper / Labourer,Saudi Electricity Co.,Power,Riyadh,Short-Term,1,3130,1361,889,880,28.12
MP-2024-20668,1/3/2025,W-015806,Indian,Scaffolder,Saudi Aramco,Oil & Gas,Eastern Province,Multi-Year,36,195300,80316,40176,74808,38.3
MP-2024-93738,16/05/2024,W-015807,Sri Lankan,Welder,Saudi Electricity Co.,Power,Riyadh,Short-Term,6,31548,18462,4068,9018,28.59
MP-2025-59902,24/09/2025,W-015810,Sudanese,Helper / Labourer,Saudi Electricity Co.,Power,Riyadh,Multi-Year,24,56064,31656,16824,7584,13.53
MP-2025-27880,20/09/2024,W-015812,Indian,Mechanical Technician,Saudi Kayan,Petrochemical,Eastern Province,Short-Term,6,47472,27810,8310,11352,23.91
MP-2024-78002,22/12/2025,W-015814,Egyptian,HVAC Technician,ROSHN,Real Estate,Riyadh,Annual,12,67296,38196,11736,17364,25.8
MP-2025-89797,30/05/2025,W-015815,Filipino,Welder,Sadara Chemical,Petrochemical,Eastern Province,Annual,12,77964,35412,13572,28980,37.17
MP-2024-61111,30/03/2025,W-015817,Indian,Electrician,ROSHN,Real Estate,Riyadh,Short-Term,6,30504,18090,6924,5490,18
MP-2024-46797,23/08/2024,W-015820,Indian,Scaffolder,Bechtel KSA,EPC Contractor,Tabuk,Annual,12,41640,24432,11004,6204,14.9
MP-2025-65775,16/01/2024,W-015823,Bangladeshi,Electrician,Red Sea Global,Tourism Dev,Tabuk,Multi-Year,36,186876,94752,46224,45900,24.56
MP-2024-17463,31/03/2024,W-015826,Pakistani,Industrial Painter,Red Sea Global,Tourism Dev,Tabuk,Annual,12,66036,34872,8736,-4643,-7.03
MP-2025-55250,19/08/2025,W-015828,Indian,Electrician,Royal Commission Jubail,Industrial,Eastern Province,Annual,12,70932,38532,10824,21576,30.42
MP-2024-71686,9/4/2025,W-015831,Indonesian,Electrician,Royal Commission Yanbu,Industrial,Madinah,Annual,12,80064,40716,11064,28284,35.33
MP-2025-39295,12/5/2025,W-015833,Filipino,Helper / Labourer,Diriyah Company,Real Estate,Riyadh,Annual,12,39588,21000,9336,9252,23.37
MP-2025-64959,13/04/2025,W-015836,Yemeni,Welder,Red Sea Global,Tourism Dev,Tabuk,Multi-Year,24,189864,85512,26208,78144,41.16
MP-2024-91417,7/10/2024,W-015839,Nepali,Helper / Labourer,Saudi Electricity Co.,Power,Riyadh,Multi-Year,24,84336,42528,20184,21624,25.64
MP-2024-28639,2/3/2024,W-015840,Nepali,Electrician,Saudi Aramco,Oil & Gas,Eastern Province,Short-Term,6,34980,18588,6468,9924,28.37
MP-2024-47076,26/05/2024,W-015842,Filipino,Electrician,Petro Rabigh,Petrochemical,Makkah,Short-Term,6,40050,19482,4806,15762,39.36
MP-2025-59167,23/12/2025,W-015843,Pakistani,Safety Officer,Saudi Electricity Co.,Power,Riyadh,Short-Term,3,26718,17457,2604,6657,24.92
MP-2024-36803,26/09/2024,W-015845,Indian,Heavy Equipment Operator,Ma'aden,Mining,Northern Borders,Annual,12,83448,43296,13656,26496,31.75
MP-2024-96377,11/8/2024,W-015848,Bangladeshi,Scaffolder,Diriyah Company,Real Estate,Riyadh,Annual,12,65184,32076,15048,715,1.1
MP-2025-48256,15/10/2024,W-015849,Filipino,Electrician,Saudi Electricity Co.,Power,Riyadh,Multi-Year,36,167616,97308,23832,46476,27.73
MP-2024-21424,15/08/2024,W-015851,Sri Lankan,Heavy Equipment Operator,Diriyah Company,Real Estate,Riyadh,Annual,12,64728,35040,16164,13524,20.89
MP-2025-75361,13/04/2025,W-015853,Bangladeshi,Helper / Labourer,Sadara Chemical,Petrochemical,Eastern Province,Multi-Year,36,109476,53532,32328,23616,21.57
MP-2024-42793,31/05/2025,W-015854,Filipino,Helper / Labourer,Red Sea Global,Tourism Dev,Tabuk,Short-Term,1,2523,1365,936,222,8.8
MP-2025-58688,29/07/2024,W-015855,Sudanese,Heavy Equipment Operator,Diriyah Company,Real Estate,Riyadh,Short-Term,2,12652,6278,1424,4950,39.12
MP-2024-50806,1/11/2025,W-015858,Pakistani,Helper / Labourer,Saudi Aramco,Oil & Gas,Eastern Province,Short-Term,3,9801,4350,3750,1701,17.36
MP-2025-67673,15/10/2024,W-015861,Indian,QC Inspector,Saudi Aramco,Oil & Gas,Eastern Province,Multi-Year,24,315504,165336,23040,127128,40.29
MP-2025-47440,29/07/2025,W-015862,Egyptian,Scaffolder,Saudi Aramco,Oil & Gas,Eastern Province,Annual,12,83844,38028,10044,35772,42.66
MP-2025-17035,23/03/2025,W-015865,Pakistani,Mechanical Technician,Saudi Aramco,Oil & Gas,Eastern Province,Short-Term,1,6922,3115,1231,2576,37.21
MP-2024-69500,18/04/2025,W-015866,Indian,Heavy Equipment Operator,NEOM,Mega Project,Tabuk,Annual,12,109620,50160,8556,50904,46.44
MP-2025-89082,1/1/2025,W-015867,Bangladeshi,Helper / Labourer,ROSHN,Real Estate,Riyadh,Short-Term,6,18924,8796,5670,4458,23.56
MP-2025-66696,14/09/2024,W-015869,Indian,Helper / Labourer,Saudi Aramco,Oil & Gas,Eastern Province,Short-Term,3,10788,4206,4152,2430,22.53
MP-2025-74948,5/7/2025,W-015871,Pakistani,Instrument Technician,Saudi Aramco,Oil & Gas,Eastern Province,Short-Term,6,52122,25686,6996,19440,37.3
MP-2024-99765,4/11/2024,W-015873,Bangladeshi,Welder,NWC,Water,Riyadh,Annual,12,56028,30792,14628,10608,18.93
MP-2024-26800,30/05/2025,W-015876,Indian,Helper / Labourer,Sadara Chemical,Petrochemical,Eastern Province,Short-Term,3,10137,5520,3378,1239,12.22
MP-2025-15622,20/11/2025,W-015877,Indian,Welder,Red Sea Global,Tourism Dev,Tabuk,Short-Term,3,16788,9420,3492,3876,23.09
MP-2025-55881,7/5/2025,W-015879,Yemeni,Instrument Technician,SABIC,Petrochemical,Eastern Province,Short-Term,6,58506,29022,4806,24678,42.18
MP-2025-74210,4/12/2025,W-015882,Pakistani,Welder,Sadara Chemical,Petrochemical,Eastern Province,Short-Term,3,18318,9102,2733,6483,35.39
MP-2024-52611,8/1/2025,W-015884,Nepali,Welder,Saudi Electricity Co.,Power,Riyadh,Annual,12,67716,37584,8184,21948,32.41
MP-2024-60857,13/09/2024,W-015886,Nepali,Electrician,Petro Rabigh,Petrochemical,Makkah,Short-Term,3,18309,8463,2442,7404,40.44
MP-2025-34625,10/7/2024,W-015887,Pakistani,Industrial Painter,Saudi Aramco,Oil & Gas,Eastern Province,Short-Term,3,14796,7884,2238,4674,31.59
MP-2025-84384,6/4/2025,W-015890,Sri Lankan,Heavy Equipment Operator,Royal Commission Jubail,Industrial,Eastern Province,Multi-Year,36,258804,136656,38808,83340,32.2
MP-2025-35978,28/03/2024,W-015893,Bangladeshi,Scaffolder,Sadara Chemical,Petrochemical,Eastern Province,Annual,12,53028,24852,11304,16872,31.82
MP-2024-33649,21/12/2024,W-015896,Egyptian,Industrial Painter,Saudi Aramco,Oil & Gas,Eastern Province,Short-Term,1,4180,2061,1090,1029,24.62
MP-2024-24496,14/05/2025,W-015898,Indian,Welder,ROSHN,Real Estate,Riyadh,Annual,12,64308,36048,12000,16260,25.28
MP-2024-78703,6/1/2025,W-015901,Pakistani,Helper / Labourer,Saudi Aramco,Oil & Gas,Eastern Province,Annual,12,32952,16848,9492,6612,20.07
MP-2024-94039,27/12/2024,W-015903,Bangladeshi,Industrial Painter,Diriyah Company,Real Estate,Riyadh,Short-Term,6,31374,15150,3906,12318,39.26
MP-2024-14631,10/8/2024,W-015906,Indian,Scaffolder,SABIC,Petrochemical,Eastern Province,Short-Term,6,27060,13464,7794,5802,21.44
MP-2024-52582,10/5/2024,W-015909,Egyptian,Helper / Labourer,Saudi Kayan,Petrochemical,Eastern Province,Short-Term,6,21912,9654,3960,8298,37.87
MP-2024-66264,19/11/2025,W-015912,Egyptian,Electrician,Red Sea Global,Tourism Dev,Tabuk,Annual,12,59868,34368,10812,14688,24.53
MP-2024-23497,6/4/2024,W-015915,Indonesian,Instrument Technician,Saudi Aramco,Oil & Gas,Eastern Province,Annual,12,121092,55044,9684,56364,46.55
MP-2025-61543,22/08/2024,W-015917,Nepali,Civil Engineer,Sadara Chemical,Petrochemical,Eastern Province,Short-Term,1,16410,10250,1705,4455,27.15
MP-2025-54077,11/1/2024,W-015918,Indian,Rigger,ROSHN,Real Estate,Riyadh,Annual,12,76032,40428,16692,-1796,-2.36
MP-2025-38666,19/12/2024,W-015921,Nepali,Rigger,Saudi Aramco,Oil & Gas,Eastern Province,Short-Term,3,19968,10449,3501,6018,30.14
MP-2025-64336,7/4/2025,W-015922,Filipino,Electrician,Royal Commission Yanbu,Industrial,Madinah,Multi-Year,24,118200,64896,23784,2455,2.08
MP-2024-62168,3/12/2024,W-015923,Pakistani,Helper / Labourer,SABIC,Petrochemical,Eastern Province,Annual,12,33636,16116,14988,2532,7.53
MP-2024-76542,29/05/2025,W-015924,Sri Lankan,Warehouse Keeper,Saudi Aramco,Oil & Gas,Eastern Province,Short-Term,6,38346,18324,5106,14916,38.9
MP-2025-21127,22/02/2025,W-015926,Bangladeshi,Helper / Labourer,Saudi Aramco,Oil & Gas,Eastern Province,Multi-Year,24,110016,45000,30096,34920,31.74
MP-2025-96055,2/10/2024,W-015929,Sri Lankan,Rigger,Saudi Aramco,Oil & Gas,Eastern Province,Multi-Year,24,168480,76800,20352,71328,42.34
MP-2024-97936,19/09/2024,W-015932,Yemeni,Mechanical Technician,Saudi Kayan,Petrochemical,Eastern Province,Multi-Year,36,223560,106344,48204,69012,30.87
MP-2025-54991,2/10/2025,W-015934,Indian,Helper / Labourer,Petro Rabigh,Petrochemical,Makkah,Short-Term,6,24258,10860,6576,6822,28.12
MP-2025-77576,11/7/2024,W-015935,Indonesian,Heavy Equipment Operator,Red Sea Global,Tourism Dev,Tabuk,Annual,12,109212,50100,14616,44496,40.74
MP-2025-12000,29/04/2024,W-015938,Sudanese,Welder,ROSHN,Real Estate,Riyadh,Short-Term,3,14052,7110,3462,3480,24.77
MP-2025-80111,12/2/2024,W-015940,Indian,Rigger,Saudi Aramco,Oil & Gas,Eastern Province,Multi-Year,24,207960,90768,25512,91680,44.09
MP-2024-85738,24/09/2025,W-015942,Bangladeshi,Mechanical Technician,Bechtel KSA,EPC Contractor,Tabuk,Annual,12,96876,56268,11796,28812,29.74
MP-2025-75966,17/08/2024,W-015944,Pakistani,Mechanical Technician,Saudi Electricity Co.,Power,Riyadh,Short-Term,1,6777,3495,894,2388,35.24
MP-2024-87195,21/02/2025,W-015946,Bangladeshi,Electrician,Saudi Electricity Co.,Power,Riyadh,Annual,12,74868,44904,10056,19908,26.59
MP-2025-45461,11/3/2025,W-015949,Nepali,Instrument Technician,Bechtel KSA,EPC Contractor,Tabuk,Annual,12,69300,39780,16512,13008,18.77
MP-2024-17619,13/06/2024,W-015951,Indian,Welder,Bechtel KSA,EPC Contractor,Tabuk,Multi-Year,36,238500,127548,31932,79020,33.13
MP-2024-99970,3/2/2024,W-015954,Pakistani,Welder,Saudi Aramco,Oil & Gas,Eastern Province,Short-Term,3,20028,8454,3318,8256,41.22
MP-2024-15358,27/01/2024,W-015955,Sri Lankan,Rigger,Bechtel KSA,EPC Contractor,Tabuk,Multi-Year,36,182124,94860,32040,55224,30.32
MP-2024-92680,12/11/2024,W-015958,Bangladeshi,Scaffolder,Saudi Electricity Co.,Power,Riyadh,Annual,12,75360,37776,8088,29496,39.14
MP-2024-37612,19/04/2024,W-015961,Filipino,Civil Engineer,Saudi Electricity Co.,Power,Riyadh,Short-Term,2,23828,15434,1650,6744,28.3
MP-2025-95818,27/12/2025,W-015962,Pakistani,Welder,Saudi Aramco,Oil & Gas,Eastern Province,Multi-Year,18,93150,45252,15750,32148,34.51
MP-2025-31764,8/11/2025,W-015965,Pakistani,Helper / Labourer,Sadara Chemical,Petrochemical,Eastern Province,Annual,12,47364,20100,8124,19140,40.41
MP-2024-42362,25/07/2025,W-015968,Egyptian,Rigger,Worley KSA,EPC Contractor,Eastern Province,Annual,12,78936,35856,11280,31800,40.29
MP-2025-19310,25/07/2024,W-015970,Indian,Scaffolder,ROSHN,Real Estate,Riyadh,Multi-Year,24,112584,65928,27648,19008,16.88
MP-2024-79212,12/4/2024,W-015973,Indian,Scaffolder,Red Sea Global,Tourism Dev,Tabuk,Annual,12,57120,27432,13956,15732,27.54
MP-2024-33640,29/01/2025,W-015975,Pakistani,Pipe Fitter,Saudi Aramco,Oil & Gas,Eastern Province,Short-Term,3,22017,10221,2214,9582,43.52
MP-2024-20181,26/04/2025,W-015978,Bangladeshi,Electrician,Royal Commission Yanbu,Industrial,Madinah,Annual,12,68448,41508,9024,17916,26.17
MP-2024-14373,21/08/2024,W-015979,Sri Lankan,Heavy Equipment Operator,Worley KSA,EPC Contractor,Eastern Province,Annual,12,89436,50964,11016,27456,30.7
MP-2024-41224,26/11/2025,W-015980,Indian,Welder,Saudi Electricity Co.,Power,Riyadh,Annual,12,60780,28524,9324,22932,37.73
MP-2025-96820,28/06/2024,W-015982,Pakistani,Helper / Labourer,Saudi Electricity Co.,Power,Riyadh,Short-Term,3,9972,4407,3021,2544,25.51
MP-2025-22418,12/12/2025,W-015985,Pakistani,Scaffolder,Sadara Chemical,Petrochemical,Eastern Province,Short-Term,3,20688,9021,2619,9048,43.74
MP-2024-52354,22/05/2024,W-015988,Bangladeshi,Helper / Labourer,ROSHN,Real Estate,Riyadh,Multi-Year,18,60228,32220,13104,14904,24.75
MP-2024-51244,19/03/2025,W-015990,Sri Lankan,Helper / Labourer,NEOM,Mega Project,Tabuk,Short-Term,3,10338,4728,2895,2715,26.26
MP-2025-17901,7/11/2025,W-015992,Egyptian,Helper / Labourer,NEOM,Mega Project,Tabuk,Multi-Year,24,81936,38448,16824,26664,32.54
MP-2025-66874,27/11/2024,W-015995,Indian,Helper / Labourer,Sadara Chemical,Petrochemical,Eastern Province,Multi-Year,18,58104,26082,21780,10242,17.63
MP-2025-36574,5/12/2025,W-015996,Yemeni,Helper / Labourer,NEOM,Mega Project,Tabuk,Short-Term,6,25296,11298,5154,8844,34.96
MP-2024-54433,19/03/2024,W-015998,Yemeni,Driver (Heavy),Diriyah Company,Real Estate,Riyadh,Multi-Year,24,124752,66312,15744,42696,34.22
MP-2024-45303,24/11/2025,W-016001,Yemeni,Pipe Fitter,Saudi Aramco,Oil & Gas,Eastern Province,Short-Term,6,46266,22470,4626,19170,41.43
MP-2025-86022,18/04/2025,W-016004,Pakistani,Industrial Painter,Royal Commission Yanbu,Industrial,Madinah,Multi-Year,24,103848,63816,27912,12120,11.67
MP-2025-71549,27/07/2025,W-016006,Egyptian,HVAC Technician,Saudi Electricity Co.,Power,Riyadh,Short-Term,2,17040,8504,1532,7004,41.1
MP-2025-21832,30/12/2025,W-016007,Indonesian,HVAC Technician,Saudi Aramco,Oil & Gas,Eastern Province,Annual,12,72672,31224,16788,24660,33.93
MP-2025-41542,2/12/2025,W-016010,Pakistani,Helper / Labourer,Marafiq,Utilities,Eastern Province,Annual,12,34128,18060,15384,684,2
MP-2024-21211,24/09/2024,W-016011,Indian,Scaffolder,Saudi Electricity Co.,Power,Riyadh,Short-Term,2,10160,5414,1586,3160,31.1
MP-2024-50416,2/4/2025,W-016014,Sudanese,Heavy Equipment Operator,Saudi Electricity Co.,Power,Riyadh,Annual,12,85728,42816,13056,29856,34.83
MP-2024-22108,18/07/2024,W-016015,Egyptian,Helper / Labourer,Saudi Aramco,Oil & Gas,Eastern Province,Annual,12,48564,21720,12624,14220,29.28
MP-2024-49066,24/03/2025,W-016017,Indian,Rigger,Royal Commission Yanbu,Industrial,Madinah,Multi-Year,24,122904,63288,30912,28704,23.35
MP-2024-78244,4/9/2025,W-016020,Nepali,Industrial Painter,NWC,Water,Riyadh,Annual,12,45456,28464,9624,-1185,-2.61
MP-2025-15489,15/04/2024,W-016022,Indian,Industrial Painter,Petro Rabigh,Petrochemical,Makkah,Annual,12,52596,23004,14112,15480,29.43
MP-2024-77576,17/10/2024,W-016025,Bangladeshi,Civil Foreman,ROSHN,Real Estate,Riyadh,Annual,12,111660,71964,13668,26028,23.31
MP-2024-39981,7/4/2024,W-016026,Egyptian,HVAC Technician,Saudi Electricity Co.,Power,Riyadh,Short-Term,3,21201,10131,4134,6936,32.72
MP-2025-51701,9/11/2024,W-016027,Pakistani,Welder,ROSHN,Real Estate,Riyadh,Annual,12,88740,43944,11208,33588,37.85
MP-2025-19955,16/04/2024,W-016030,Indian,Electrician,Saudi Electricity Co.,Power,Riyadh,Short-Term,3,24312,12060,3729,8523,35.06
MP-2025-10803,30/10/2024,W-016032,Filipino,Rigger,Saudi Electricity Co.,Power,Riyadh,Annual,12,65460,34044,13512,17904,27.35
MP-2025-27576,15/11/2024,W-016034,Indian,Welder,Saudi Electricity Co.,Power,Riyadh,Annual,12,66780,36852,12036,17892,26.79
MP-2024-19981,16/03/2025,W-016036,Indian,Pipe Fitter,Red Sea Global,Tourism Dev,Tabuk,Short-Term,2,15326,7588,1820,5918,38.61
MP-2024-70413,19/03/2024,W-016037,Nepali,Welder,Saudi Electricity Co.,Power,Riyadh,Short-Term,6,28980,16800,6876,-632,-2.18
MP-2024-65790,20/03/2025,W-016039,Indian,Heavy Equipment Operator,SABIC,Petrochemical,Eastern Province,Short-Term,2,16686,8394,1420,6872,41.18
MP-2025-56770,18/09/2024,W-016042,Sudanese,Pipe Fitter,Marafiq,Utilities,Eastern Province,Multi-Year,24,140952,70248,18792,-10725,-7.61
MP-2024-56732,31/10/2025,W-016043,Indian,Civil Foreman,Worley KSA,EPC Contractor,Eastern Province,Annual,12,77388,45324,11328,-5069,-6.55
MP-2024-64664,13/09/2025,W-016045,Indian,Site Supervisor,Saudi Kayan,Petrochemical,Eastern Province,Annual,12,117612,71184,17760,28668,24.38
MP-2024-40367,7/9/2025,W-016047,Pakistani,Scaffolder,Bechtel KSA,EPC Contractor,Tabuk,Annual,12,61968,30144,9312,22512,36.33
MP-2025-29917,2/9/2024,W-016050,Pakistani,Site Supervisor,Sadara Chemical,Petrochemical,Eastern Province,Annual,12,172416,87540,17388,67488,39.14
MP-2025-56501,20/09/2024,W-016051,Filipino,Safety Officer,Saudi Aramco,Oil & Gas,Eastern Province,Annual,12,141372,70140,9960,61272,43.34
MP-2024-78516,24/02/2025,W-016054,Pakistani,Welder,NEOM,Mega Project,Tabuk,Annual,12,95220,42324,8220,44676,46.92
MP-2024-53607,28/02/2024,W-016056,Indonesian,Instrument Technician,Ma'aden,Mining,Northern Borders,Short-Term,6,34722,19584,6408,8730,25.14
MP-2025-73992,23/06/2024,W-016057,Indian,Welder,SABIC,Petrochemical,Eastern Province,Short-Term,6,41364,19830,7014,14520,35.1
MP-2025-42954,11/1/2024,W-016058,Indian,Scaffolder,Saudi Electricity Co.,Power,Riyadh,Annual,12,58044,32472,16332,9240,15.92
MP-2025-37277,5/5/2025,W-016060,Sudanese,Safety Officer,Saudi Electricity Co.,Power,Riyadh,Multi-Year,36,249984,149940,53892,46152,18.46
MP-2025-44513,16/04/2024,W-016061,Indian,Welder,Saudi Aramco,Oil & Gas,Eastern Province,Annual,12,81456,37812,9180,34464,42.31
MP-2024-79924,25/11/2025,W-016064,Nepali,Welder,SABIC,Petrochemical,Eastern Province,Short-Term,3,12513,7161,2841,2511,20.07
MP-2025-73327,27/03/2025,W-016066,Indian,Warehouse Keeper,Saudi Electricity Co.,Power,Riyadh,Short-Term,6,38502,22254,7230,9018,23.42
MP-2025-71588,19/06/2025,W-016067,Bangladeshi,Pipe Fitter,Saudi Kayan,Petrochemical,Eastern Province,Annual,12,61692,34164,11268,16260,26.36
MP-2024-90383,13/08/2024,W-016068,Indian,QC Inspector,Bechtel KSA,EPC Contractor,Tabuk,Short-Term,3,24807,13944,4827,436,1.76
MP-2025-34668,4/7/2024,W-016071,Sudanese,Helper / Labourer,Petro Rabigh,Petrochemical,Makkah,Short-Term,1,2640,1356,1257,27,1.02
MP-2025-69676,2/12/2024,W-016073,Egyptian,Scaffolder,Petro Rabigh,Petrochemical,Makkah,Annual,12,58392,31776,13092,13524,23.16
MP-2025-70138,30/06/2025,W-016074,Filipino,Electrician,Royal Commission Jubail,Industrial,Eastern Province,Multi-Year,24,190008,88608,19800,81600,42.95
MP-2024-96943,24/07/2024,W-016077,Pakistani,Electrician,SABIC,Petrochemical,Eastern Province,Multi-Year,18,158796,78354,21762,58680,36.95
MP-2024-98398,23/05/2025,W-016079,Bangladeshi,Rigger,Petro Rabigh,Petrochemical,Makkah,Short-Term,2,15840,7176,2054,6610,41.73
MP-2025-96737,9/4/2025,W-016080,Nepali,Industrial Painter,Marafiq,Utilities,Eastern Province,Annual,12,54720,28380,9432,16908,30.9
MP-2025-19193,1/5/2024,W-016081,Pakistani,Helper / Labourer,Saudi Electricity Co.,Power,Riyadh,Annual,12,41796,20736,16020,5040,12.06
MP-2025-52951,3/5/2025,W-016084,Indian,Helper / Labourer,NEOM,Mega Project,Tabuk,Short-Term,6,22728,10824,6108,5796,25.5
MP-2025-95003,17/06/2024,W-016086,Filipino,Rigger,Saudi Aramco,Oil & Gas,Eastern Province,Multi-Year,18,120672,59778,21402,39492,32.73
MP-2025-58222,16/07/2024,W-016088,Egyptian,Welder,Royal Commission Yanbu,Industrial,Madinah,Short-Term,3,14505,7575,2778,4152,28.62
MP-2025-12857,19/05/2025,W-016089,Bangladeshi,QC Inspector,SABIC,Petrochemical,Eastern Province,Annual,12,144384,86904,18180,-2430,-1.68
MP-2025-14746,31/03/2025,W-016091,Bangladeshi,Pipe Fitter,Royal Commission Jubail,Industrial,Eastern Province,Multi-Year,18,120708,66744,22176,31788,26.33
MP-2025-30828,21/08/2025,W-016093,Filipino,Pipe Fitter,Diriyah Company,Real Estate,Riyadh,Annual,12,94632,48204,10548,35880,37.92
MP-2024-45045,21/09/2024,W-016096,Egyptian,Civil Foreman,Royal Commission Jubail,Industrial,Eastern Province,Short-Term,3,21570,11361,4020,6189,28.69
MP-2024-63876,21/02/2025,W-016099,Sudanese,Electrician,SABIC,Petrochemical,Eastern Province,Annual,12,88632,39552,11952,37128,41.89
MP-2024-97402,10/5/2025,W-016100,Sri Lankan,Helper / Labourer,Sadara Chemical,Petrochemical,Eastern Province,Multi-Year,24,83016,36312,16584,30120,36.28
MP-2025-70239,3/5/2024,W-016103,Pakistani,HVAC Technician,Saudi Aramco,Oil & Gas,Eastern Province,Annual,12,96300,41472,14100,40728,42.29
MP-2024-55900,21/01/2025,W-016104,Indian,Welder,Petro Rabigh,Petrochemical,Makkah,Annual,12,66936,34020,10968,21948,32.79
MP-2024-67385,23/04/2024,W-016105,Yemeni,Civil Foreman,Diriyah Company,Real Estate,Riyadh,Annual,12,74568,45072,14472,15024,20.15
MP-2025-48748,1/7/2024,W-016108,Bangladeshi,Civil Foreman,ROSHN,Real Estate,Riyadh,Short-Term,3,20163,12081,2178,5904,29.28
MP-2025-70536,11/2/2025,W-016109,Indonesian,Pipe Fitter,Petro Rabigh,Petrochemical,Makkah,Short-Term,3,19437,8886,2841,7710,39.67
MP-2024-85307,9/3/2024,W-016111,Bangladeshi,Document Controller,SABIC,Petrochemical,Eastern Province,Annual,12,82344,50052,10344,21948,26.65
MP-2024-95638,15/02/2024,W-016114,Indian,QC Inspector,Saudi Electricity Co.,Power,Riyadh,Multi-Year,24,279648,157032,20232,102384,36.61
MP-2025-18476,31/08/2024,W-016116,Indian,QC Inspector,Worley KSA,EPC Contractor,Eastern Province,Short-Term,2,17014,9422,1728,5864,34.47
MP-2025-60315,25/03/2025,W-016118,Bangladeshi,Electrician,Red Sea Global,Tourism Dev,Tabuk,Short-Term,2,12824,6256,2278,4290,33.45
MP-2025-84081,11/10/2024,W-016119,Pakistani,HVAC Technician,NWC,Water,Riyadh,Annual,12,64248,40584,12756,-1754,-2.73
MP-2024-41425,15/06/2025,W-016120,Indonesian,Mechanical Technician,SABIC,Petrochemical,Eastern Province,Short-Term,3,28683,13545,4002,11136,38.82
MP-2025-56779,6/12/2024,W-016122,Indian,Welder,Saudi Aramco,Oil & Gas,Eastern Province,Annual,12,93420,45468,11088,36864,39.46
MP-2025-30504,29/09/2025,W-016124,Indian,Industrial Painter,Ma'aden,Mining,Northern Borders,Annual,12,47352,26964,9516,10872,22.96
MP-2025-95957,26/06/2024,W-016126,Filipino,Safety Officer,Petro Rabigh,Petrochemical,Makkah,Short-Term,3,19845,11601,2964,5280,26.61
MP-2024-57999,30/03/2024,W-016128,Sudanese,Project Engineer,Petro Rabigh,Petrochemical,Makkah,Annual,12,252840,164556,16332,71952,28.46
MP-2025-87065,8/12/2024,W-016129,Indian,Site Supervisor,Saudi Electricity Co.,Power,Riyadh,Short-Term,3,34167,20766,4254,9147,26.77
MP-2025-65457,5/12/2025,W-016130,Indian,Civil Engineer,Saudi Electricity Co.,Power,Riyadh,Short-Term,3,46818,31248,2856,12714,27.16
MP-2025-53959,11/9/2024,W-016131,Sudanese,Pipe Fitter,Red Sea Global,Tourism Dev,Tabuk,Short-Term,3,15390,7410,2163,5817,37.8
MP-2024-45359,24/06/2025,W-016134,Indian,Civil Foreman,Saudi Electricity Co.,Power,Riyadh,Annual,12,89448,58056,15360,16032,17.92
MP-2025-42277,3/4/2025,W-016136,Filipino,Helper / Labourer,Petro Rabigh,Petrochemical,Makkah,Annual,12,38820,20880,9024,8916,22.97
MP-2024-73901,7/9/2025,W-016137,Indian,Welder,Saudi Kayan,Petrochemical,Eastern Province,Short-Term,6,42618,20940,3954,17724,41.59
MP-2024-81631,3/5/2024,W-016139,Indian,Scaffolder,Diriyah Company,Real Estate,Riyadh,Short-Term,1,5539,2774,1171,1594,28.78
MP-2025-59368,28/12/2025,W-016140,Pakistani,Rigger,Diriyah Company,Real Estate,Riyadh,Annual,12,82560,43164,8148,31248,37.85
MP-2024-40921,11/3/2024,W-016141,Bangladeshi,Industrial Painter,Sadara Chemical,Petrochemical,Eastern Province,Short-Term,2,10714,6106,2668,1940,18.11
MP-2025-68722,8/3/2025,W-016143,Indian,Welder,Diriyah Company,Real Estate,Riyadh,Annual,12,61980,33060,9516,19404,31.31
MP-2024-69904,30/09/2024,W-016146,Bangladeshi,Heavy Equipment Operator,Saudi Kayan,Petrochemical,Eastern Province,Annual,12,88764,48504,8472,31788,35.81
MP-2024-85854,1/6/2024,W-016147,Pakistani,Welder,Saudi Kayan,Petrochemical,Eastern Province,Annual,12,75336,33492,10980,30864,40.97
MP-2024-64993,4/2/2025,W-016149,Bangladeshi,Helper / Labourer,Ma'aden,Mining,Northern Borders,Short-Term,1,3169,1471,909,31,0.98
MP-2025-48102,26/10/2025,W-016150,Bangladeshi,Electrician,Ma'aden,Mining,Northern Borders,Short-Term,6,45486,25602,7896,11988,26.36
MP-2024-13010,28/04/2025,W-016151,Ethiopian,Driver (Heavy),Bechtel KSA,EPC Contractor,Tabuk,Annual,12,61440,34620,16056,10764,17.52
MP-2024-97752,5/8/2025,W-016153,Sudanese,Civil Engineer,Sadara Chemical,Petrochemical,Eastern Province,Short-Term,6,93474,53904,4950,34620,37.04
MP-2024-85577,8/9/2024,W-016155,Yemeni,Welder,SABIC,Petrochemical,Eastern Province,Short-Term,3,22887,10635,3015,9237,40.36
MP-2024-87268,25/06/2024,W-016156,Bangladeshi,Industrial Painter,Saudi Electricity Co.,Power,Riyadh,Short-Term,3,16215,8091,3774,4350,26.83
MP-2025-31395,22/05/2024,W-016157,Bangladeshi,Scaffolder,Royal Commission Yanbu,Industrial,Madinah,Annual,12,48996,27876,12588,8532,17.41
MP-2025-54461,12/10/2025,W-016159,Sudanese,Helper / Labourer,Royal Commission Jubail,Industrial,Eastern Province,Short-Term,2,6464,3672,2592,200,3.09
MP-2024-65115,13/05/2024,W-016162,Pakistani,Driver (Heavy),Saudi Aramco,Oil & Gas,Eastern Province,Annual,12,82488,37500,10212,34776,42.16
MP-2025-97417,6/8/2024,W-016164,Indian,Driver (Heavy),ROSHN,Real Estate,Riyadh,Annual,12,57720,36840,9756,11124,19.27
MP-2024-79283,17/03/2025,W-016167,Egyptian,Site Supervisor,Saudi Kayan,Petrochemical,Eastern Province,Annual,12,148356,85980,15216,47160,31.79
MP-2025-73185,23/10/2025,W-016170,Indian,Welder,Marafiq,Utilities,Eastern Province,Short-Term,1,5150,2672,1032,1446,28.08
MP-2025-83113,26/06/2024,W-016172,Indian,Welder,NEOM,Mega Project,Tabuk,Annual,12,80652,35532,10908,34212,42.42
MP-2025-28673,16/05/2024,W-016174,Indian,Scaffolder,ROSHN,Real Estate,Riyadh,Short-Term,2,9868,5008,2016,2844,28.82
MP-2025-69793,15/09/2024,W-016176,Bangladeshi,Electrician,Saudi Aramco,Oil & Gas,Eastern Province,Short-Term,6,43884,21594,4320,17970,40.95
MP-2025-78987,12/11/2024,W-016178,Ethiopian,Scaffolder,Saudi Electricity Co.,Power,Riyadh,Annual,12,62712,33780,14688,14244,22.71
MP-2025-33114,17/01/2024,W-016181,Sudanese,Scaffolder,Sadara Chemical,Petrochemical,Eastern Province,Annual,12,73416,35628,12840,24948,33.98
MP-2025-68598,1/5/2025,W-016182,Yemeni,Civil Foreman,NWC,Water,Riyadh,Multi-Year,24,178752,115584,27216,3569,2
MP-2025-50696,21/02/2025,W-016183,Yemeni,HVAC Technician,Diriyah Company,Real Estate,Riyadh,Annual,12,91536,51720,16680,23136,25.28
MP-2024-78133,6/8/2025,W-016186,Sudanese,Scaffolder,Saudi Electricity Co.,Power,Riyadh,Multi-Year,24,140208,77232,28536,34440,24.56
MP-2025-86778,18/05/2024,W-016189,Saudi,Welder,NEOM,Mega Project,Tabuk,Annual,12,110088,52944,4716,52428,47.62
MP-2025-70375,6/8/2024,W-016191,Bangladeshi,Industrial Painter,Saudi Electricity Co.,Power,Riyadh,Short-Term,6,30390,14130,5214,11046,36.35
MP-2025-98993,20/04/2025,W-016194,Indian,Mechanical Technician,ROSHN,Real Estate,Riyadh,Short-Term,2,10214,5682,2268,-127,-1.24
MP-2025-33318,31/05/2025,W-016196,Nepali,Safety Officer,Saudi Electricity Co.,Power,Riyadh,Short-Term,3,26688,15357,2739,8592,32.19
MP-2024-84063,17/12/2025,W-016198,Bangladeshi,QC Inspector,Royal Commission Jubail,Industrial,Eastern Province,Multi-Year,18,177156,115038,26658,35460,20.02
MP-2025-77481,12/12/2025,W-016200,Sri Lankan,Scaffolder,Red Sea Global,Tourism Dev,Tabuk,Annual,12,73908,35316,15684,22908,31
MP-2025-65514,23/12/2024,W-016203,Nepali,QC Inspector,Royal Commission Yanbu,Industrial,Madinah,Short-Term,1,11983,7335,1241,3407,28.43
MP-2024-53501,6/3/2024,W-016204,Nepali,Driver (Heavy),SABIC,Petrochemical,Eastern Province,Annual,12,57024,30348,11688,14988,26.28
MP-2025-99108,10/5/2025,W-016206,Bangladeshi,Scaffolder,Diriyah Company,Real Estate,Riyadh,Multi-Year,36,225972,112284,37764,75924,33.6
MP-2024-37107,12/11/2025,W-016207,Indian,HVAC Technician,NEOM,Mega Project,Tabuk,Annual,12,77676,36744,12096,28836,37.12
MP-2024-76847,31/01/2024,W-016209,Indian,Rigger,NEOM,Mega Project,Tabuk,Short-Term,3,24759,11682,3543,9534,38.51
MP-2025-97622,6/10/2024,W-016211,Indian,Helper / Labourer,Marafiq,Utilities,Eastern Province,Short-Term,1,3189,1750,1226,213,6.68
MP-2025-75595,3/11/2025,W-016212,Sudanese,Helper / Labourer,SABIC,Petrochemical,Eastern Province,Short-Term,2,7698,3064,2676,1958,25.44
MP-2024-57501,29/11/2024,W-016215,Bangladeshi,Helper / Labourer,Saudi Electricity Co.,Power,Riyadh,Short-Term,1,3305,1585,720,60,1.82
MP-2024-95519,1/9/2025,W-016217,Sudanese,Helper / Labourer,SABIC,Petrochemical,Eastern Province,Annual,12,52404,20988,8448,22968,43.83
MP-2024-44119,16/09/2025,W-016220,Nepali,Safety Officer,Red Sea Global,Tourism Dev,Tabuk,Annual,12,100776,53268,14196,33312,33.06
MP-2025-53744,7/2/2025,W-016223,Pakistani,Scaffolder,Petro Rabigh,Petrochemical,Makkah,Short-Term,3,12744,6267,2709,3768,29.57
MP-2025-38535,17/01/2024,W-016224,Nepali,Scaffolder,Saudi Aramco,Oil & Gas,Eastern Province,Multi-Year,18,84636,45036,15192,24408,28.84
MP-2025-94931,26/02/2024,W-016226,Sudanese,Instrument Technician,Saudi Aramco,Oil & Gas,Eastern Province,Annual,12,107964,48444,14580,44940,41.62
MP-2025-92810,17/11/2025,W-016229,Pakistani,Industrial Painter,Marafiq,Utilities,Eastern Province,Annual,12,54588,31848,15012,7728,14.16
MP-2025-67759,16/04/2025,W-016231,Nepali,Electrician,Sadara Chemical,Petrochemical,Eastern Province,Annual,12,81924,47484,8604,25836,31.54
MP-2025-89820,7/9/2025,W-016232,Pakistani,HVAC Technician,SABIC,Petrochemical,Eastern Province,Multi-Year,36,194724,94212,38880,61632,31.65
MP-2024-37806,11/5/2024,W-016234,Bangladeshi,Pipe Fitter,Royal Commission Yanbu,Industrial,Madinah,Annual,12,56064,32184,14616,9264,16.52
MP-2025-19927,3/1/2025,W-016236,Bangladeshi,HVAC Technician,Royal Commission Jubail,Industrial,Eastern Province,Multi-Year,24,135624,69864,22344,43416,32.01
MP-2025-64221,28/03/2024,W-016238,Bangladeshi,Document Controller,Sadara Chemical,Petrochemical,Eastern Province,Annual,12,76860,45756,11112,19992,26.01
MP-2025-82924,17/05/2025,W-016241,Indian,Document Controller,Saudi Electricity Co.,Power,Riyadh,Short-Term,2,17360,10072,2604,4684,26.98
MP-2024-40872,31/12/2024,W-016242,Filipino,Mechanical Technician,ROSHN,Real Estate,Riyadh,Short-Term,2,13706,7002,2274,4430,32.32
MP-2024-63810,22/06/2025,W-016245,Pakistani,Helper / Labourer,SABIC,Petrochemical,Eastern Province,Short-Term,3,9645,4479,2289,2877,29.83
MP-2024-11285,5/5/2024,W-016248,Indonesian,Helper / Labourer,Saudi Aramco,Oil & Gas,Eastern Province,Annual,12,51072,22332,11424,17316,33.91
MP-2025-13350,24/11/2025,W-016250,Filipino,Rigger,Sadara Chemical,Petrochemical,Eastern Province,Short-Term,1,6696,3199,1317,2180,32.56
MP-2025-87927,18/05/2025,W-016252,Pakistani,Mechanical Technician,NEOM,Mega Project,Tabuk,Annual,12,119640,53076,16392,50172,41.94
MP-2025-93099,29/10/2024,W-016254,Egyptian,Scaffolder,SABIC,Petrochemical,Eastern Province,Short-Term,3,17247,7860,2868,6519,37.8
MP-2025-85649,31/05/2024,W-016255,Sudanese,Civil Engineer,Saudi Electricity Co.,Power,Riyadh,Multi-Year,18,271692,181458,14634,75600,27.83
MP-2025-37097,16/07/2025,W-016258,Bangladeshi,Scaffolder,Sadara Chemical,Petrochemical,Eastern Province,Short-Term,2,8126,4322,1780,2024,24.91
MP-2024-64618,28/01/2024,W-016261,Bangladeshi,Warehouse Keeper,NEOM,Mega Project,Tabuk,Short-Term,1,6591,2778,1015,2798,42.45
MP-2025-59499,17/01/2024,W-016264,Filipino,Helper / Labourer,Sadara Chemical,Petrochemical,Eastern Province,Short-Term,6,18804,8136,6084,4584,24.38
MP-2025-67126,8/1/2025,W-016265,Filipino,Rigger,Ma'aden,Mining,Northern Borders,Annual,12,85068,43080,13164,28824,33.88
MP-2025-69334,29/04/2024,W-016266,Indian,QC Inspector,NEOM,Mega Project,Tabuk,Multi-Year,24,361080,176688,40488,7888,2.18
MP-2025-33735,13/12/2024,W-016268,Pakistani,Mechanical Technician,SABIC,Petrochemical,Eastern Province,Annual,12,67584,37392,12372,17820,26.37
MP-2025-58390,27/01/2025,W-016269,Sudanese,Warehouse Keeper,Saudi Aramco,Oil & Gas,Eastern Province,Annual,12,80520,38256,10788,31476,39.09
MP-2024-26624,10/7/2024,W-016272,Indian,Helper / Labourer,Marafiq,Utilities,Eastern Province,Short-Term,1,2887,1492,735,660,22.86
MP-2025-82158,8/1/2025,W-016274,Indian,Helper / Labourer,Saudi Aramco,Oil & Gas,Eastern Province,Short-Term,3,11979,5565,2232,4182,34.91
MP-2025-23519,17/05/2024,W-016275,Filipino,Scaffolder,Petro Rabigh,Petrochemical,Makkah,Short-Term,3,13299,7413,3924,1962,14.75
MP-2025-90285,28/04/2025,W-016277,Indonesian,Helper / Labourer,Red Sea Global,Tourism Dev,Tabuk,Short-Term,3,10929,5697,2367,2865,26.21
MP-2025-10012,21/06/2025,W-016279,Filipino,Helper / Labourer,Sadara Chemical,Petrochemical,Eastern Province,Annual,12,44220,20292,14808,9120,20.62
MP-2024-70957,11/3/2025,W-016280,Indian,Civil Engineer,Saudi Electricity Co.,Power,Riyadh,Annual,12,230556,132780,19512,78264,33.95
MP-2025-13568,5/8/2025,W-016282,Nepali,Document Controller,Ma'aden,Mining,Northern Borders,Short-Term,3,30504,16356,3648,10500,34.42
MP-2025-46364,7/1/2025,W-016285,Indian,HVAC Technician,ROSHN,Real Estate,Riyadh,Short-Term,6,47442,25260,8268,13914,29.33
MP-2024-12256,28/03/2025,W-016288,Pakistani,Pipe Fitter,NWC,Water,Riyadh,Annual,12,57852,31992,10908,14952,25.85
MP-2024-53590,28/09/2025,W-016290,Nepali,Helper / Labourer,Saudi Electricity Co.,Power,Riyadh,Short-Term,3,8736,4695,3189,852,9.75
MP-2025-31573,11/10/2024,W-016293,Pakistani,Welder,Petro Rabigh,Petrochemical,Makkah,Annual,12,83100,42672,8112,32316,38.89
MP-2025-10936,21/05/2025,W-016295,Egyptian,Helper / Labourer,Red Sea Global,Tourism Dev,Tabuk,Multi-Year,24,70512,34008,26736,9768,13.85
MP-2025-78363,10/8/2024,W-016298,Indonesian,Welder,Saudi Electricity Co.,Power,Riyadh,Annual,12,44976,26856,9504,590,1.31
MP-2025-33812,7/3/2024,W-016299,Filipino,Electrician,NEOM,Mega Project,Tabuk,Annual,12,115524,49020,9444,57060,49.39
MP-2025-39411,5/4/2025,W-016302,Yemeni,Heavy Equipment Operator,Saudi Aramco,Oil & Gas,Eastern Province,Short-Term,6,34932,18642,6030,10260,29.37
MP-2024-65850,6/12/2025,W-016303,Filipino,Helper / Labourer,Ma'aden,Mining,Northern Borders,Annual,12,33972,15840,13956,4176,12.29
MP-2025-77618,6/5/2024,W-016305,Bangladeshi,Pipe Fitter,Saudi Electricity Co.,Power,Riyadh,Short-Term,3,13683,7449,3033,3201,23.39
MP-2025-83940,30/12/2024,W-016307,Sudanese,Helper / Labourer,Royal Commission Jubail,Industrial,Eastern Province,Short-Term,1,3487,1787,1209,491,14.08
MP-2025-73096,5/11/2025,W-016308,Pakistani,Welder,Saudi Aramco,Oil & Gas,Eastern Province,Short-Term,6,44886,19452,6366,-3015,-6.72
MP-2025-52642,25/06/2025,W-016310,Indian,Electrician,Ma'aden,Mining,Northern Borders,Annual,12,98832,49080,8220,-4470,-4.52
MP-2024-12151,20/10/2024,W-016311,Pakistani,Helper / Labourer,Diriyah Company,Real Estate,Riyadh,Multi-Year,24,69408,39552,22416,7440,10.72
MP-2024-66114,27/11/2025,W-016312,Indian,Rigger,ROSHN,Real Estate,Riyadh,Multi-Year,18,82008,48060,21204,12744,15.54
MP-2025-15903,13/02/2024,W-016313,Yemeni,Electrician,NEOM,Mega Project,Tabuk,Short-Term,6,43212,22296,6048,14868,34.41
MP-2024-95303,28/01/2025,W-016315,Filipino,Electrician,SABIC,Petrochemical,Eastern Province,Annual,12,83208,39144,15864,28200,33.89
MP-2024-98833,18/08/2024,W-016318,Bangladeshi,Heavy Equipment Operator,Saudi Electricity Co.,Power,Riyadh,Annual,12,92820,52404,10728,29688,31.98
MP-2024-73506,9/2/2024,W-016321,Egyptian,Scaffolder,Saudi Aramco,Oil & Gas,Eastern Province,Annual,12,65124,28992,9456,26676,40.96
MP-2025-62609,20/12/2025,W-016322,Nepali,Welder,Saudi Aramco,Oil & Gas,Eastern Province,Short-Term,3,18417,7617,3549,-1380,-7.49
MP-2025-74987,9/10/2025,W-016323,Yemeni,Welder,Saudi Aramco,Oil & Gas,Eastern Province,Annual,12,60216,28500,12876,18840,31.29
MP-2025-37624,16/03/2024,W-016325,Sudanese,Project Engineer,Ma'aden,Mining,Northern Borders,Short-Term,3,75561,41454,5001,29106,38.52
MP-2024-40123,3/10/2025,W-016328,Pakistani,Safety Officer,Red Sea Global,Tourism Dev,Tabuk,Annual,12,93816,57420,12588,23808,25.38
MP-2025-60469,6/6/2024,W-016330,Bangladeshi,Welder,Petro Rabigh,Petrochemical,Makkah,Short-Term,1,4599,2404,1025,1170,25.44
MP-2024-86546,29/12/2024,W-016332,Sudanese,Rigger,NWC,Water,Riyadh,Annual,12,64164,34584,13476,16104,25.1
MP-2025-25693,22/04/2025,W-016333,Nepali,Welder,Sadara Chemical,Petrochemical,Eastern Province,Annual,12,76548,44316,10296,21936,28.66
MP-2024-44741,15/09/2024,W-016335,Indian,Industrial Painter,Saudi Aramco,Oil & Gas,Eastern Province,Short-Term,1,5001,2344,863,1794,35.87
MP-2024-88590,28/02/2025,W-016338,Filipino,Helper / Labourer,Sadara Chemical,Petrochemical,Eastern Province,Short-Term,6,20178,10674,4884,4620,22.9
MP-2025-83099,15/02/2024,W-016340,Filipino,Mechanical Technician,Saudi Electricity Co.,Power,Riyadh,Short-Term,2,17766,8842,1966,6958,39.16
MP-2025-31598,15/11/2024,W-016341,Sudanese,Rigger,Saudi Aramco,Oil & Gas,Eastern Province,Multi-Year,24,153648,80544,23448,49656,32.32
MP-2025-10445,23/06/2024,W-016343,Nepali,Pipe Fitter,SABIC,Petrochemical,Eastern Province,Short-Term,3,16140,9045,2394,4701,29.13
MP-2025-29980,31/03/2024,W-016344,Filipino,Civil Engineer,Petro Rabigh,Petrochemical,Makkah,Annual,12,133872,88344,17256,28272,21.12
MP-2024-92369,5/1/2025,W-016345,Yemeni,Electrician,Sadara Chemical,Petrochemical,Eastern Province,Multi-Year,18,119250,64260,23544,31446,26.37
MP-2024-67488,9/6/2024,W-016347,Indian,Industrial Painter,SABIC,Petrochemical,Eastern Province,Short-Term,2,10098,5376,2094,2628,26.02
MP-2024-29850,20/02/2025,W-016349,Indian,Scaffolder,Saudi Aramco,Oil & Gas,Eastern Province,Annual,12,76428,31536,11664,33228,43.48
MP-2025-76402,4/6/2025,W-016350,Filipino,Helper / Labourer,Royal Commission Jubail,Industrial,Eastern Province,Annual,12,41364,18816,14568,7980,19.29
MP-2024-85389,23/10/2024,W-016352,Filipino,Pipe Fitter,Saudi Aramco,Oil & Gas,Eastern Province,Annual,12,85320,36288,9216,39816,46.67
MP-2025-63591,31/05/2025,W-016354,Egyptian,Safety Officer,Petro Rabigh,Petrochemical,Makkah,Multi-Year,24,192192,106104,39696,46392,24.14
MP-2024-34474,2/2/2024,W-016355,Indian,Pipe Fitter,Diriyah Company,Real Estate,Riyadh,Annual,12,87156,47688,13176,26292,30.17
MP-2025-15404,31/07/2024,W-016358,Nepali,Scaffolder,SABIC,Petrochemical,Eastern Province,Annual,12,80172,37368,15780,27024,33.71
MP-2024-23815,11/2/2025,W-016360,Pakistani,Helper / Labourer,Saudi Aramco,Oil & Gas,Eastern Province,Annual,12,49896,19476,15636,14784,29.63
MP-2025-35421,14/03/2024,W-016361,Pakistani,Helper / Labourer,Red Sea Global,Tourism Dev,Tabuk,Short-Term,3,9162,4881,3042,1239,13.52
MP-2024-51618,16/08/2025,W-016362,Indian,Industrial Painter,Saudi Electricity Co.,Power,Riyadh,Annual,12,62124,34980,11220,824,1.33
MP-2024-63791,30/10/2025,W-016363,Sudanese,Electrician,NWC,Water,Riyadh,Annual,12,73008,45000,16116,11892,16.29
MP-2024-65870,18/10/2025,W-016364,Indonesian,Helper / Labourer,Sadara Chemical,Petrochemical,Eastern Province,Multi-Year,24,69552,32136,16200,21216,30.5
MP-2025-90419,18/08/2025,W-016366,Sri Lankan,Welder,Saudi Aramco,Oil & Gas,Eastern Province,Annual,12,67560,36456,16788,14316,21.19
MP-2025-34108,8/3/2025,W-016369,Bangladeshi,Civil Engineer,Saudi Aramco,Oil & Gas,Eastern Province,Annual,12,184464,109128,14148,61188,33.17
MP-2024-24904,24/10/2024,W-016370,Bangladeshi,Scaffolder,Worley KSA,EPC Contractor,Eastern Province,Short-Term,3,11361,6348,2394,-455,-4
MP-2024-13429,23/02/2024,W-016372,Yemeni,Helper / Labourer,Saudi Electricity Co.,Power,Riyadh,Annual,12,27600,15888,9396,2316,8.39
MP-2025-74544,19/10/2024,W-016375,Sudanese,Driver (Heavy),Saudi Electricity Co.,Power,Riyadh,Annual,12,68400,35376,9348,23676,34.61
MP-2025-39938,29/06/2025,W-016376,Yemeni,Civil Engineer,Saudi Aramco,Oil & Gas,Eastern Province,Annual,12,164688,96432,14856,53400,32.42
MP-2025-43544,8/2/2024,W-016377,Pakistani,Rigger,Red Sea Global,Tourism Dev,Tabuk,Annual,12,102948,45852,12204,44892,43.61
MP-2025-40765,18/10/2025,W-016378,Bangladeshi,Industrial Painter,Sadara Chemical,Petrochemical,Eastern Province,Annual,12,51036,29340,12084,9612,18.83
MP-2024-45336,14/03/2025,W-016379,Bangladeshi,Document Controller,Saudi Kayan,Petrochemical,Eastern Province,Short-Term,3,22875,12657,2772,-1611,-7.04
MP-2025-81323,6/9/2024,W-016382,Bangladeshi,Welder,Petro Rabigh,Petrochemical,Makkah,Annual,12,59796,35328,13032,11436,19.13
MP-2024-68169,28/05/2024,W-016383,Nepali,Welder,SABIC,Petrochemical,Eastern Province,Annual,12,77028,37680,10344,29004,37.65
MP-2024-59120,20/11/2025,W-016385,Filipino,Scaffolder,Saudi Aramco,Oil & Gas,Eastern Province,Short-Term,3,14736,6129,3474,5133,34.83
MP-2024-52844,9/7/2024,W-016386,Yemeni,Mechanical Technician,Worley KSA,EPC Contractor,Eastern Province,Multi-Year,36,198504,104724,25488,68292,34.4
MP-2025-27098,30/01/2025,W-016388,Sudanese,Scaffolder,Saudi Aramco,Oil & Gas,Eastern Province,Short-Term,1,7994,3266,793,-571,-7.14
MP-2025-25869,8/9/2025,W-016391,Pakistani,Mechanical Technician,Royal Commission Jubail,Industrial,Eastern Province,Short-Term,1,7801,4007,921,2873,36.83
MP-2024-10744,6/12/2024,W-016393,Egyptian,Helper / Labourer,SABIC,Petrochemical,Eastern Province,Annual,12,53856,21384,11088,21384,39.71
MP-2024-57383,5/7/2024,W-016395,Indian,Rigger,Saudi Aramco,Oil & Gas,Eastern Province,Annual,12,105984,43080,14856,48048,45.34
MP-2024-17120,10/2/2025,W-016397,Pakistani,Industrial Painter,Saudi Aramco,Oil & Gas,Eastern Province,Annual,12,76680,36720,11808,28152,36.71
MP-2024-97070,4/11/2024,W-016400,Indian,Mechanical Technician,Ma'aden,Mining,Northern Borders,Short-Term,2,17700,8454,2236,7010,39.6
MP-2025-98826,22/12/2024,W-016401,Bangladeshi,Pipe Fitter,Ma'aden,Mining,Northern Borders,Multi-Year,18,116190,56196,23328,36666,31.56
MP-2024-51582,26/04/2024,W-016402,Indian,Pipe Fitter,SABIC,Petrochemical,Eastern Province,Short-Term,6,34464,17766,5274,11424,33.15
MP-2024-19746,19/11/2025,W-016403,Bangladeshi,Warehouse Keeper,Saudi Electricity Co.,Power,Riyadh,Multi-Year,24,124344,60696,15600,48048,38.64
MP-2025-50667,21/11/2024,W-016406,Indian,Electrician,Royal Commission Jubail,Industrial,Eastern Province,Short-Term,3,13392,7842,4155,1395,10.42
MP-2025-62863,1/4/2024,W-016408,Indian,Welder,Red Sea Global,Tourism Dev,Tabuk,Short-Term,1,6479,3275,1049,2155,33.26
MP-2024-69647,15/06/2024,W-016409,Indonesian,Site Supervisor,Saudi Electricity Co.,Power,Riyadh,Annual,12,148260,88380,9888,1255,0.85
MP-2025-48111,12/5/2024,W-016411,Egyptian,HVAC Technician,Petro Rabigh,Petrochemical,Makkah,Annual,12,108420,51924,8472,48024,44.29
MP-2025-32613,6/11/2024,W-016414,Egyptian,Helper / Labourer,Saudi Kayan,Petrochemical,Eastern Province,Short-Term,3,8811,4470,2841,1500,17.02
MP-2025-79228,29/05/2024,W-016415,Pakistani,Helper / Labourer,ROSHN,Real Estate,Riyadh,Multi-Year,24,55944,33024,17016,5904,10.55
MP-2025-62472,26/02/2024,W-016416,Bangladeshi,Project Engineer,NEOM,Mega Project,Tabuk,Short-Term,3,61869,35040,5022,21807,35.25
MP-2025-29249,7/3/2024,W-016418,Pakistani,Scaffolder,SABIC,Petrochemical,Eastern Province,Multi-Year,18,131634,59850,15354,56430,42.87
MP-2024-66380,4/2/2024,W-016420,Nepali,Scaffolder,Saudi Aramco,Oil & Gas,Eastern Province,Multi-Year,36,295272,121428,26208,147636,50
MP-2025-93986,11/3/2025,W-016423,Yemeni,Scaffolder,Saudi Aramco,Oil & Gas,Eastern Province,Annual,12,87048,39900,15432,1861,2.14
MP-2025-85576,1/12/2025,W-016426,Pakistani,Helper / Labourer,Saudi Aramco,Oil & Gas,Eastern Province,Annual,12,44520,21120,7920,15480,34.77
MP-2025-93719,17/10/2024,W-016428,Pakistani,Instrument Technician,SABIC,Petrochemical,Eastern Province,Annual,12,97776,48648,13680,35448,36.25
MP-2024-66625,9/9/2025,W-016430,Indian,Rigger,Ma'aden,Mining,Northern Borders,Annual,12,82488,43656,9972,28860,34.99
MP-2025-51912,19/02/2024,W-016432,Ethiopian,Helper / Labourer,SABIC,Petrochemical,Eastern Province,Short-Term,1,3650,1611,1068,971,26.6
MP-2025-94444,19/01/2024,W-016435,Nepali,Pipe Fitter,Saudi Aramco,Oil & Gas,Eastern Province,Annual,12,87624,42996,13188,31440,35.88
MP-2024-75823,10/3/2024,W-016438,Pakistani,Helper / Labourer,Saudi Electricity Co.,Power,Riyadh,Annual,12,34368,18456,15708,204,0.59
MP-2024-65839,12/10/2025,W-016439,Indian,Electrician,SABIC,Petrochemical,Eastern Province,Multi-Year,36,212436,105732,40860,65844,30.99
MP-2024-76915,29/06/2025,W-016442,Egyptian,Welder,Ma'aden,Mining,Northern Borders,Short-Term,1,5052,2440,738,1874,37.09
MP-2025-88993,22/05/2024,W-016445,Indian,Helper / Labourer,Saudi Aramco,Oil & Gas,Eastern Province,Short-Term,1,3137,1411,1024,702,22.38
MP-2024-78039,18/12/2024,W-016447,Indian,Pipe Fitter,Saudi Electricity Co.,Power,Riyadh,Short-Term,3,13653,7695,2343,3615,26.48
MP-2025-34723,27/05/2024,W-016448,Pakistani,Instrument Technician,Diriyah Company,Real Estate,Riyadh,Multi-Year,24,200112,126936,31728,41448,20.71
MP-2024-89849,15/09/2024,W-016449,Indian,Safety Officer,Petro Rabigh,Petrochemical,Makkah,Short-Term,3,28962,16662,4176,8124,28.05
MP-2024-54876,21/02/2024,W-016452,Pakistani,Civil Foreman,Red Sea Global,Tourism Dev,Tabuk,Multi-Year,24,193008,97584,27144,68280,35.38
MP-2025-57040,6/12/2025,W-016455,Nepali,Instrument Technician,ROSHN,Real Estate,Riyadh,Multi-Year,24,177720,98616,18888,60216,33.88
MP-2025-69484,1/6/2024,W-016456,Filipino,QC Inspector,Saudi Electricity Co.,Power,Riyadh,Annual,12,135312,86220,11424,37668,27.84
MP-2024-23366,6/11/2025,W-016459,Indian,Rigger,Saudi Aramco,Oil & Gas,Eastern Province,Short-Term,3,19053,7800,3471,7782,40.84
MP-2025-63084,13/08/2025,W-016461,Indonesian,Helper / Labourer,Royal Commission Yanbu,Industrial,Madinah,Annual,12,39936,21912,9060,8964,22.45
MP-2024-39903,23/06/2024,W-016462,Filipino,Helper / Labourer,Ma'aden,Mining,Northern Borders,Short-Term,3,9138,4008,3669,1461,15.99
MP-2024-86646,17/04/2024,W-016463,Bangladeshi,Document Controller,Bechtel KSA,EPC Contractor,Tabuk,Annual,12,90036,52548,12120,25368,28.18
MP-2024-24628,10/3/2025,W-016466,Filipino,Pipe Fitter,Red Sea Global,Tourism Dev,Tabuk,Annual,12,90600,42132,9684,1107,1.22
MP-2024-19766,4/4/2025,W-016469,Pakistani,HVAC Technician,NEOM,Mega Project,Tabuk,Annual,12,104496,48564,9576,46356,44.36
MP-2025-40318,10/7/2025,W-016470,Indian,Helper / Labourer,Saudi Electricity Co.,Power,Riyadh,Annual,12,39120,19740,10560,8820,22.55
MP-2025-14085,26/03/2025,W-016472,Yemeni,Welder,Sadara Chemical,Petrochemical,Eastern Province,Short-Term,3,18537,8145,3117,7275,39.25
MP-2025-82321,13/04/2024,W-016475,Indian,Instrument Technician,Red Sea Global,Tourism Dev,Tabuk,Multi-Year,24,190632,105360,30096,55176,28.94
MP-2025-74507,7/5/2025,W-016478,Saudi,Helper / Labourer,Bechtel KSA,EPC Contractor,Tabuk,Annual,12,55260,31104,3900,20256,36.66
MP-2024-52090,28/08/2024,W-016479,Egyptian,Mechanical Technician,Saudi Aramco,Oil & Gas,Eastern Province,Annual,12,104436,49944,13596,40896,39.16
MP-2025-37939,26/08/2024,W-016480,Indian,Helper / Labourer,Saudi Aramco,Oil & Gas,Eastern Province,Annual,12,32880,16272,16464,144,0.44
MP-2024-13350,1/9/2025,W-016481,Bangladeshi,Helper / Labourer,Saudi Kayan,Petrochemical,Eastern Province,Short-Term,1,3022,1438,708,876,28.99
MP-2024-73654,8/8/2025,W-016484,Nepali,Welder,Saudi Aramco,Oil & Gas,Eastern Province,Annual,12,54048,29028,7932,17088,31.62
MP-2025-77811,12/5/2024,W-016485,Bangladeshi,Helper / Labourer,Saudi Electricity Co.,Power,Riyadh,Multi-Year,36,130248,67824,31464,30960,23.77
MP-2025-41959,30/05/2024,W-016487,Yemeni,Warehouse Keeper,Saudi Aramco,Oil & Gas,Eastern Province,Annual,12,65220,34320,13740,-3317,-5.09
MP-2024-60408,27/03/2025,W-016490,Nepali,Pipe Fitter,Royal Commission Yanbu,Industrial,Madinah,Multi-Year,18,117810,63342,22680,31788,26.98
MP-2024-40691,17/11/2024,W-016493,Saudi,Electrician,Marafiq,Utilities,Eastern Province,Annual,12,151968,75132,5412,71424,47
MP-2025-46395,25/11/2024,W-016495,Pakistani,HVAC Technician,Worley KSA,EPC Contractor,Eastern Province,Annual,12,93288,46740,15216,31332,33.59
MP-2025-34307,4/2/2024,W-016497,Pakistani,Warehouse Keeper,ROSHN,Real Estate,Riyadh,Multi-Year,24,163944,88632,23160,52152,31.81
MP-2025-11260,31/07/2025,W-016498,Indian,Helper / Labourer,ROSHN,Real Estate,Riyadh,Annual,12,40020,19932,9984,10104,25.25
MP-2024-19378,17/08/2024,W-016500,Yemeni,Welder,Petro Rabigh,Petrochemical,Makkah,Short-Term,6,28056,13698,3984,10374,36.98
MP-2025-45621,19/03/2025,W-016502,Pakistani,Scaffolder,Bechtel KSA,EPC Contractor,Tabuk,Short-Term,3,11061,6156,2877,2028,18.33
MP-2025-91693,18/04/2025,W-016504,Filipino,Scaffolder,Diriyah Company,Real Estate,Riyadh,Annual,12,52656,31404,11460,9792,18.6
MP-2024-46965,9/2/2025,W-016506,Indian,Mechanical Technician,Saudi Aramco,Oil & Gas,Eastern Province,Multi-Year,18,162180,75474,21672,65034,40.1
MP-2024-32365,14/11/2025,W-016507,Sudanese,Industrial Painter,SABIC,Petrochemical,Eastern Province,Annual,12,51816,23664,11112,17040,32.89
MP-2024-50406,3/9/2024,W-016508,Pakistani,Welder,Petro Rabigh,Petrochemical,Makkah,Multi-Year,18,113130,61938,20232,30960,27.37
MP-2025-73464,8/11/2025,W-016510,Yemeni,Helper / Labourer,Royal Commission Yanbu,Industrial,Madinah,Short-Term,1,3896,1714,1233,949,24.36
MP-2024-25943,20/08/2025,W-016512,Bangladeshi,Welder,Sadara Chemical,Petrochemical,Eastern Province,Multi-Year,18,95724,51498,15642,28584,29.86
MP-2025-47074,9/1/2025,W-016515,Bangladeshi,Driver (Heavy),SABIC,Petrochemical,Eastern Province,Annual,12,59676,27816,9852,22008,36.88
MP-2024-21536,4/9/2024,W-016517,Nepali,Scaffolder,Royal Commission Jubail,Industrial,Eastern Province,Annual,12,80688,36888,13164,30636,37.97
MP-2025-52547,11/8/2025,W-016518,Egyptian,Scaffolder,Saudi Kayan,Petrochemical,Eastern Province,Multi-Year,24,81624,48672,27480,5472,6.7
MP-2025-63107,28/08/2024,W-016521,Indian,Helper / Labourer,NEOM,Mega Project,Tabuk,Multi-Year,36,143928,58896,36252,48780,33.89
MP-2025-97304,15/10/2025,W-016524,Sudanese,Industrial Painter,SABIC,Petrochemical,Eastern Province,Annual,12,73692,36120,8208,29364,39.85
MP-2024-55955,24/04/2024,W-016527,Indian,Heavy Equipment Operator,Saudi Aramco,Oil & Gas,Eastern Province,Short-Term,6,45762,22974,5856,16932,37
MP-2025-62465,28/02/2024,W-016530,Filipino,Civil Foreman,ROSHN,Real Estate,Riyadh,Multi-Year,24,165720,106824,21768,37128,22.4
MP-2024-24840,4/4/2025,W-016532,Yemeni,Instrument Technician,Marafiq,Utilities,Eastern Province,Short-Term,3,24516,12501,2667,9348,38.13
MP-2025-95537,22/03/2025,W-016535,Sudanese,Helper / Labourer,Diriyah Company,Real Estate,Riyadh,Annual,12,41736,21540,8220,11976,28.69
MP-2025-68370,3/5/2025,W-016537,Sri Lankan,Document Controller,SABIC,Petrochemical,Eastern Province,Annual,12,103308,52812,16296,3336,3.23
MP-2024-21213,3/1/2025,W-016539,Saudi,Scaffolder,SABIC,Petrochemical,Eastern Province,Annual,12,141936,62340,3744,75852,53.44
MP-2024-58523,2/2/2025,W-016542,Indian,Scaffolder,Marafiq,Utilities,Eastern Province,Multi-Year,24,121872,60000,28368,33504,27.49
MP-2025-98226,23/02/2025,W-016543,Pakistani,Electrician,SABIC,Petrochemical,Eastern Province,Short-Term,3,16317,7950,2718,5649,34.62
MP-2024-99892,5/4/2025,W-016544,Bangladeshi,Helper / Labourer,Saudi Aramco,Oil & Gas,Eastern Province,Annual,12,42204,20604,11304,10296,24.4
MP-2025-17889,22/07/2025,W-016547,Ethiopian,Helper / Labourer,Petro Rabigh,Petrochemical,Makkah,Annual,12,41664,20244,11424,9996,23.99
MP-2025-89970,7/7/2025,W-016548,Sudanese,Pipe Fitter,Saudi Electricity Co.,Power,Riyadh,Annual,12,67692,35412,13572,18708,27.64
MP-2025-35761,9/12/2025,W-016550,Indian,Site Supervisor,ROSHN,Real Estate,Riyadh,Annual,12,90828,57696,15132,18000,19.82
MP-2025-99228,22/06/2025,W-016552,Indian,Instrument Technician,Saudi Electricity Co.,Power,Riyadh,Short-Term,1,8002,4549,1359,2094,26.17
MP-2025-12845,4/12/2025,W-016554,Sudanese,Electrician,Saudi Aramco,Oil & Gas,Eastern Province,Short-Term,3,22902,11256,3330,8316,36.31
MP-2025-91904,5/6/2025,W-016555,Indian,Mechanical Technician,Saudi Aramco,Oil & Gas,Eastern Province,Annual,12,85428,38316,14544,32568,38.12
MP-2024-28536,1/8/2024,W-016557,Pakistani,Pipe Fitter,Worley KSA,EPC Contractor,Eastern Province,Annual,12,89664,44268,10308,35088,39.13
MP-2024-21834,14/12/2025,W-016559,Nepali,Rigger,Marafiq,Utilities,Eastern Province,Annual,12,60012,29868,12948,17196,28.65
MP-2025-15167,10/9/2024,W-016560,Ethiopian,Heavy Equipment Operator,NEOM,Mega Project,Tabuk,Multi-Year,18,138726,58932,19674,60120,43.34
MP-2024-95658,28/05/2024,W-016561,Sudanese,Helper / Labourer,NEOM,Mega Project,Tabuk,Multi-Year,18,82386,34128,16902,31356,38.06
MP-2025-94712,16/08/2025,W-016563,Indian,Civil Foreman,Marafiq,Utilities,Eastern Province,Multi-Year,24,210840,127272,31104,52464,24.88
MP-2025-30842,26/06/2025,W-016566,Pakistani,Scaffolder,Diriyah Company,Real Estate,Riyadh,Short-Term,6,30486,17292,7206,-1474,-4.84
MP-2024-68792,1/5/2025,W-016567,Nepali,Welder,Saudi Electricity Co.,Power,Riyadh,Short-Term,1,5213,2842,1362,1009,19.36
MP-2025-68132,24/09/2025,W-016570,Indian,Driver (Heavy),Red Sea Global,Tourism Dev,Tabuk,Short-Term,6,30342,15270,5676,9396,30.97
MP-2025-73886,26/08/2025,W-016571,Egyptian,Driver (Heavy),Ma'aden,Mining,Northern Borders,Multi-Year,18,130464,59796,24768,45900,35.18
MP-2025-72931,20/09/2024,W-016573,Sudanese,Industrial Painter,ROSHN,Real Estate,Riyadh,Short-Term,1,4798,2432,1293,1073,22.36
MP-2025-91320,25/01/2025,W-016575,Indian,Helper / Labourer,Saudi Aramco,Oil & Gas,Eastern Province,Short-Term,2,6216,2690,1512,2014,32.4
MP-2025-20157,22/12/2025,W-016576,Bangladeshi,Welder,Saudi Aramco,Oil & Gas,Eastern Province,Annual,12,83304,41844,13992,27468,32.97
MP-2024-65356,8/1/2025,W-016578,Filipino,Welder,ROSHN,Real Estate,Riyadh,Short-Term,3,12951,8127,2421,2403,18.55
MP-2024-96733,22/03/2024,W-016579,Yemeni,HVAC Technician,Ma'aden,Mining,Northern Borders,Annual,12,72696,40764,15672,16260,22.37
MP-2025-17541,12/12/2025,W-016580,Egyptian,HVAC Technician,Worley KSA,EPC Contractor,Eastern Province,Annual,12,63792,37140,15948,10704,16.78
MP-2025-13639,26/05/2025,W-016581,Indian,Civil Engineer,Diriyah Company,Real Estate,Riyadh,Annual,12,255516,143856,12144,99516,38.95
MP-2025-93049,5/11/2025,W-016582,Indian,Driver (Heavy),Saudi Aramco,Oil & Gas,Eastern Province,Annual,12,92820,42264,11520,39036,42.06
MP-2024-30878,24/11/2025,W-016584,Indian,Welder,Saudi Aramco,Oil & Gas,Eastern Province,Annual,12,78060,32820,13140,32100,41.12
MP-2024-32422,27/10/2025,W-016586,Yemeni,Site Supervisor,SABIC,Petrochemical,Eastern Province,Short-Term,1,13650,7004,891,5755,42.16
MP-2024-14265,6/11/2024,W-016588,Indian,Driver (Heavy),Royal Commission Jubail,Industrial,Eastern Province,Multi-Year,18,99072,54018,24750,20304,20.49
MP-2025-17617,3/6/2024,W-016590,Bangladeshi,Helper / Labourer,Royal Commission Yanbu,Industrial,Madinah,Annual,12,40308,17568,14604,8136,20.18
MP-2025-64675,20/02/2024,W-016592,Pakistani,Instrument Technician,Petro Rabigh,Petrochemical,Makkah,Annual,12,84396,47148,15336,21912,25.96
MP-2025-62522,24/09/2024,W-016593,Bangladeshi,Driver (Heavy),Red Sea Global,Tourism Dev,Tabuk,Annual,12,59112,33372,14364,11376,19.24
MP-2025-23879,14/06/2025,W-016594,Bangladeshi,Instrument Technician,Royal Commission Jubail,Industrial,Eastern Province,Short-Term,6,50100,30618,4152,15330,30.6
MP-2024-19914,4/8/2025,W-016596,Nepali,Driver (Heavy),Sadara Chemical,Petrochemical,Eastern Province,Annual,12,69636,35748,14448,19440,27.92
MP-2025-16112,25/09/2024,W-016598,Egyptian,Welder,Sadara Chemical,Petrochemical,Eastern Province,Multi-Year,24,173832,76776,29376,67680,38.93
MP-2025-92464,20/01/2024,W-016601,Filipino,HVAC Technician,Saudi Kayan,Petrochemical,Eastern Province,Short-Term,1,6016,3009,1143,1864,30.98
MP-2024-63832,6/6/2025,W-016603,Yemeni,Civil Engineer,Saudi Electricity Co.,Power,Riyadh,Short-Term,3,38106,21942,4308,11856,31.11
MP-2024-10731,31/03/2025,W-016605,Nepali,Welder,Red Sea Global,Tourism Dev,Tabuk,Short-Term,6,26010,13944,5814,6252,24.04
MP-2024-98040,19/08/2024,W-016608,Egyptian,Helper / Labourer,Saudi Electricity Co.,Power,Riyadh,Annual,12,39600,20520,8892,10188,25.73
MP-2024-52263,8/2/2024,W-016609,Sudanese,Mechanical Technician,Saudi Aramco,Oil & Gas,Eastern Province,Multi-Year,36,294444,125856,42588,126000,42.79
MP-2024-10713,4/4/2025,W-016611,Filipino,Pipe Fitter,SABIC,Petrochemical,Eastern Province,Annual,12,69348,38664,13428,17256,24.88
MP-2025-15995,19/03/2025,W-016613,Bangladeshi,HVAC Technician,ROSHN,Real Estate,Riyadh,Short-Term,2,11900,7192,2180,2528,21.24
MP-2024-11398,12/10/2025,W-016616,Sudanese,Welder,Saudi Aramco,Oil & Gas,Eastern Province,Multi-Year,24,166848,76680,19128,71040,42.58
MP-2025-46751,5/12/2025,W-016617,Sri Lankan,Rigger,Saudi Aramco,Oil & Gas,Eastern Province,Annual,12,63012,28464,15072,19476,30.91
MP-2025-92319,4/2/2025,W-016620,Egyptian,Heavy Equipment Operator,Saudi Kayan,Petrochemical,Eastern Province,Short-Term,2,14062,8016,2434,3612,25.69
MP-2024-64387,8/4/2024,W-016623,Indian,Heavy Equipment Operator,Saudi Aramco,Oil & Gas,Eastern Province,Annual,12,95052,51396,8424,35232,37.07
MP-2024-16195,31/10/2025,W-016625,Egyptian,Mechanical Technician,SABIC,Petrochemical,Eastern Province,Annual,12,79764,41688,15744,22332,28
MP-2024-61304,24/03/2025,W-016627,Egyptian,Mechanical Technician,Saudi Electricity Co.,Power,Riyadh,Multi-Year,36,341676,163872,38016,139788,40.91
MP-2024-60562,25/02/2024,W-016628,Sudanese,Scaffolder,Saudi Kayan,Petrochemical,Eastern Province,Annual,12,47784,27156,8340,12288,25.72
MP-2025-46163,3/1/2025,W-016629,Sudanese,Document Controller,Marafiq,Utilities,Eastern Province,Annual,12,83832,48432,12828,22572,26.93
MP-2024-95123,26/07/2025,W-016631,Sri Lankan,Helper / Labourer,NEOM,Mega Project,Tabuk,Short-Term,3,13890,5505,4161,4224,30.41
MP-2025-61053,26/11/2024,W-016634,Pakistani,Scaffolder,NWC,Water,Riyadh,Multi-Year,24,157464,80088,20568,4325,2.75
MP-2025-95210,28/02/2025,W-016635,Egyptian,Safety Officer,Saudi Kayan,Petrochemical,Eastern Province,Annual,12,127224,74352,16104,36768,28.9
MP-2024-71644,16/01/2025,W-016638,Sudanese,Scaffolder,Saudi Electricity Co.,Power,Riyadh,Annual,12,52368,24852,10632,16884,32.24
MP-2024-17560,26/09/2024,W-016640,Indian,Instrument Technician,NEOM,Mega Project,Tabuk,Short-Term,3,25059,12537,4194,-1989,-7.94
MP-2024-52027,7/10/2025,W-016641,Sri Lankan,Welder,ROSHN,Real Estate,Riyadh,Multi-Year,24,152232,87960,24288,39984,26.27
MP-2024-81033,16/10/2024,W-016642,Bangladeshi,Welder,Saudi Aramco,Oil & Gas,Eastern Province,Short-Term,3,21942,10362,2724,8856,40.36
MP-2024-58555,11/12/2025,W-016643,Saudi,Electrician,Sadara Chemical,Petrochemical,Eastern Province,Annual,12,85860,47928,4200,33732,39.29
MP-2025-82464,6/6/2025,W-016645,Nepali,Site Supervisor,Sadara Chemical,Petrochemical,Eastern Province,Annual,12,115248,58392,16752,40104,34.8
MP-2025-21507,9/6/2025,W-016646,Pakistani,Welder,SABIC,Petrochemical,Eastern Province,Short-Term,1,6350,2988,681,2681,42.22
MP-2025-18879,5/12/2024,W-016648,Filipino,Warehouse Keeper,SABIC,Petrochemical,Eastern Province,Multi-Year,24,153504,73488,18216,61800,40.26
MP-2025-68729,19/08/2024,W-016651,Bangladeshi,Safety Officer,Saudi Aramco,Oil & Gas,Eastern Province,Multi-Year,24,184440,102744,20592,61104,33.13
MP-2025-64103,22/07/2024,W-016653,Sudanese,Mechanical Technician,Saudi Aramco,Oil & Gas,Eastern Province,Multi-Year,18,111870,57726,23112,31032,27.74
MP-2024-94565,16/11/2024,W-016656,Ethiopian,Welder,SABIC,Petrochemical,Eastern Province,Annual,12,85212,37512,11676,36024,42.28
MP-2025-55867,25/11/2025,W-016659,Indian,Rigger,Petro Rabigh,Petrochemical,Makkah,Multi-Year,24,133776,69528,29280,34968,26.14
MP-2025-24268,27/10/2024,W-016661,Egyptian,Helper / Labourer,Marafiq,Utilities,Eastern Province,Short-Term,3,10407,5010,3924,1473,14.15
MP-2024-98314,17/02/2024,W-016662,Indian,Scaffolder,Royal Commission Yanbu,Industrial,Madinah,Short-Term,2,11352,5936,2438,2978,26.23
MP-2025-10533,28/05/2024,W-016664,Indian,Helper / Labourer,Red Sea Global,Tourism Dev,Tabuk,Annual,12,31968,17460,10596,3912,12.24
MP-2025-59746,15/03/2025,W-016667,Pakistani,Welder,Ma'aden,Mining,Northern Borders,Short-Term,1,6592,3381,1007,2204,33.43
MP-2025-65918,26/07/2024,W-016669,Bangladeshi,Electrician,Bechtel KSA,EPC Contractor,Tabuk,Annual,12,89604,43284,14772,31548,35.21
MP-2024-36377,13/07/2024,W-016670,Filipino,Welder,ROSHN,Real Estate,Riyadh,Multi-Year,24,117000,64104,26952,25944,22.17
MP-2024-78634,10/12/2025,W-016672,Indian,Welder,Ma'aden,Mining,Northern Borders,Annual,12,90324,41688,11532,37104,41.08
MP-2025-79127,3/12/2025,W-016673,Bangladeshi,Rigger,Petro Rabigh,Petrochemical,Makkah,Annual,12,64896,38616,11208,15072,23.22
MP-2025-76086,28/11/2025,W-016676,Indian,Warehouse Keeper,Ma'aden,Mining,Northern Borders,Short-Term,2,11310,5834,1700,3776,33.39
MP-2024-65350,13/07/2025,W-016677,Nepali,Safety Officer,Saudi Aramco,Oil & Gas,Eastern Province,Short-Term,6,62070,32676,8274,-1577,-2.54
MP-2024-79621,5/8/2024,W-016679,Filipino,Welder,NEOM,Mega Project,Tabuk,Multi-Year,24,138552,62688,23808,52056,37.57
MP-2025-79990,9/9/2024,W-016680,Pakistani,Driver (Heavy),Sadara Chemical,Petrochemical,Eastern Province,Annual,12,85908,38028,13512,34368,40.01
MP-2024-23101,9/8/2024,W-016681,Nepali,Instrument Technician,Saudi Aramco,Oil & Gas,Eastern Province,Annual,12,117516,59040,8304,50172,42.69
MP-2025-93284,1/12/2025,W-016683,Pakistani,Welder,Ma'aden,Mining,Northern Borders,Annual,12,76608,42564,12516,21528,28.1
MP-2025-41615,25/03/2025,W-016684,Indian,Helper / Labourer,Petro Rabigh,Petrochemical,Makkah,Annual,12,38244,15768,8520,13956,36.49
MP-2025-73781,7/7/2025,W-016687,Indian,QC Inspector,Saudi Electricity Co.,Power,Riyadh,Annual,12,97620,61632,20664,15324,15.7
MP-2025-60816,20/05/2024,W-016689,Bangladeshi,Safety Officer,Bechtel KSA,EPC Contractor,Tabuk,Short-Term,2,20648,12110,2646,5892,28.54
MP-2025-63543,21/03/2025,W-016690,Indian,Electrician,Saudi Aramco,Oil & Gas,Eastern Province,Multi-Year,24,196224,94992,31752,69480,35.41
MP-2025-67962,4/4/2025,W-016692,Bangladeshi,Industrial Painter,Saudi Aramco,Oil & Gas,Eastern Province,Annual,12,68472,29796,15384,23292,34.02
MP-2024-51431,17/12/2024,W-016695,Yemeni,Pipe Fitter,Sadara Chemical,Petrochemical,Eastern Province,Annual,12,67488,37476,9408,20604,30.53
MP-2025-31235,18/05/2024,W-016698,Bangladeshi,Safety Officer,Saudi Aramco,Oil & Gas,Eastern Province,Annual,12,103440,48804,12672,41964,40.57
MP-2024-67447,26/08/2024,W-016701,Bangladeshi,Heavy Equipment Operator,SABIC,Petrochemical,Eastern Province,Short-Term,2,18312,8492,2300,7520,41.07
MP-2025-28065,7/6/2024,W-016703,Nepali,Scaffolder,Red Sea Global,Tourism Dev,Tabuk,Annual,12,53028,27132,11676,14220,26.82
MP-2024-57238,15/02/2025,W-016705,Bangladeshi,Rigger,Saudi Aramco,Oil & Gas,Eastern Province,Multi-Year,24,179928,74040,28320,77568,43.11
MP-2024-63794,29/05/2024,W-016707,Pakistani,Industrial Painter,Red Sea Global,Tourism Dev,Tabuk,Short-Term,1,4130,2078,1296,756,18.31
MP-2024-86738,20/03/2025,W-016708,Pakistani,Helper / Labourer,NEOM,Mega Project,Tabuk,Multi-Year,18,49158,23904,16992,8262,16.81
MP-2025-50488,13/12/2024,W-016710,Indonesian,Scaffolder,Saudi Aramco,Oil & Gas,Eastern Province,Annual,12,65532,32712,11400,21420,32.69
MP-2025-49074,28/10/2025,W-016713,Indian,Helper / Labourer,Marafiq,Utilities,Eastern Province,Short-Term,2,6428,3008,2156,1264,19.66
MP-2025-99983,21/07/2024,W-016714,Bangladeshi,Site Supervisor,Saudi Aramco,Oil & Gas,Eastern Province,Annual,12,140004,68292,19884,51828,37.02
MP-2024-16009,3/4/2025,W-016715,Nepali,Rigger,Saudi Electricity Co.,Power,Riyadh,Multi-Year,18,109008,64836,20736,23436,21.5
MP-2024-56871,4/2/2024,W-016716,Bangladeshi,Pipe Fitter,Bechtel KSA,EPC Contractor,Tabuk,Multi-Year,24,140760,68184,27240,45336,32.21
MP-2024-66499,20/11/2025,W-016719,Sri Lankan,Welder,Sadara Chemical,Petrochemical,Eastern Province,Short-Term,3,22944,10866,2544,9534,41.55
MP-2025-11949,9/6/2024,W-016722,Pakistani,Civil Foreman,Sadara Chemical,Petrochemical,Eastern Province,Annual,12,144000,71472,12636,59892,41.59
MP-2025-88578,16/10/2025,W-016725,Bangladeshi,Electrician,NWC,Water,Riyadh,Short-Term,3,22497,11925,3933,6639,29.51
MP-2024-39938,20/02/2024,W-016726,Bangladeshi,Civil Engineer,Diriyah Company,Real Estate,Riyadh,Short-Term,2,36158,20272,2756,13130,36.31
MP-2025-48654,20/10/2025,W-016728,Pakistani,Helper / Labourer,Bechtel KSA,EPC Contractor,Tabuk,Annual,12,38496,17820,12528,8148,21.17
MP-2025-94351,16/10/2024,W-016731,Indian,Document Controller,Petro Rabigh,Petrochemical,Makkah,Multi-Year,24,174480,96576,22680,55224,31.65
MP-2025-29705,6/6/2025,W-016732,Nepali,Electrician,NEOM,Mega Project,Tabuk,Short-Term,3,26574,11379,3909,-1911,-7.19
MP-2025-83274,25/10/2024,W-016734,Ethiopian,Safety Officer,Saudi Aramco,Oil & Gas,Eastern Province,Annual,12,94212,47736,11220,35256,37.42
MP-2024-65531,30/12/2024,W-016737,Pakistani,Safety Officer,Bechtel KSA,EPC Contractor,Tabuk,Short-Term,2,15894,9134,1628,5132,32.29
MP-2025-83892,9/8/2025,W-016740,Indian,Helper / Labourer,Royal Commission Yanbu,Industrial,Madinah,Annual,12,36888,17244,10956,8688,23.55
MP-2024-95282,30/05/2024,W-016741,Pakistani,Warehouse Keeper,SABIC,Petrochemical,Eastern Province,Annual,12,64116,36648,14748,12720,19.84
MP-2024-19321,2/9/2024,W-016744,Pakistani,Rigger,SABIC,Petrochemical,Eastern Province,Multi-Year,24,186552,88104,28968,69480,37.24
MP-2024-30453,19/06/2025,W-016745,Indian,Welder,Saudi Aramco,Oil & Gas,Eastern Province,Annual,12,73044,38640,13740,20664,28.29
MP-2025-44416,22/05/2025,W-016748,Bangladeshi,Scaffolder,Saudi Electricity Co.,Power,Riyadh,Multi-Year,18,88920,48294,12078,-3546,-3.99
MP-2024-93684,15/02/2025,W-016749,Bangladeshi,Scaffolder,Saudi Electricity Co.,Power,Riyadh,Short-Term,3,19182,8997,3924,6261,32.64
MP-2025-53871,8/4/2025,W-016750,Indian,Helper / Labourer,ROSHN,Real Estate,Riyadh,Short-Term,3,7776,3972,4197,-393,-5.05
MP-2024-67793,10/9/2025,W-016753,Bangladeshi,Rigger,Saudi Aramco,Oil & Gas,Eastern Province,Multi-Year,24,176448,79032,30648,66768,37.84
MP-2024-78049,3/11/2024,W-016755,Pakistani,Welder,Red Sea Global,Tourism Dev,Tabuk,Annual,12,90432,39336,16032,35064,38.77
MP-2024-79115,18/06/2024,W-016757,Sudanese,Helper / Labourer,Saudi Aramco,Oil & Gas,Eastern Province,Annual,12,44892,22212,13224,9456,21.06
MP-2024-73133,17/10/2024,W-016759,Yemeni,Heavy Equipment Operator,Royal Commission Jubail,Industrial,Eastern Province,Annual,12,69672,35736,14412,19524,28.02
MP-2024-19263,25/10/2025,W-016761,Filipino,Helper / Labourer,Saudi Aramco,Oil & Gas,Eastern Province,Annual,12,51072,20220,10764,20088,39.33
MP-2024-90774,9/3/2025,W-016764,Indian,Mechanical Technician,Sadara Chemical,Petrochemical,Eastern Province,Short-Term,1,9259,4405,1239,3615,39.04
MP-2025-50329,9/11/2025,W-016767,Egyptian,Electrician,Royal Commission Yanbu,Industrial,Madinah,Annual,12,107448,52068,11976,43404,40.4
MP-2025-25810,13/10/2025,W-016768,Indonesian,Scaffolder,Petro Rabigh,Petrochemical,Makkah,Short-Term,3,13890,6813,1956,5121,36.87
MP-2025-60210,4/9/2025,W-016769,Indian,Heavy Equipment Operator,ROSHN,Real Estate,Riyadh,Multi-Year,24,192360,97824,24552,69984,36.38
MP-2025-34550,2/7/2024,W-016771,Sri Lankan,Rigger,Ma'aden,Mining,Northern Borders,Short-Term,1,6573,3495,1151,1927,29.32
MP-2024-80655,18/05/2025,W-016772,Yemeni,Welder,Sadara Chemical,Petrochemical,Eastern Province,Annual,12,76620,40476,13656,22488,29.35
MP-2025-25078,30/08/2025,W-016775,Filipino,Rigger,Sadara Chemical,Petrochemical,Eastern Province,Annual,12,100116,46248,13668,40200,40.15
MP-2025-97704,26/07/2024,W-016778,Pakistani,Site Supervisor,NWC,Water,Riyadh,Annual,12,95856,59076,20340,16440,17.15
MP-2025-69043,22/08/2024,W-016781,Nepali,Heavy Equipment Operator,Saudi Aramco,Oil & Gas,Eastern Province,Annual,12,76476,40524,12672,23280,30.44
MP-2024-14000,15/07/2024,W-016782,Nepali,Mechanical Technician,Saudi Aramco,Oil & Gas,Eastern Province,Short-Term,3,23445,11874,3816,7755,33.08
MP-2025-20115,26/09/2025,W-016784,Sudanese,Helper / Labourer,Red Sea Global,Tourism Dev,Tabuk,Annual,12,51696,22572,8292,20832,40.3
MP-2025-10192,24/03/2024,W-016785,Ethiopian,Industrial Painter,Sadara Chemical,Petrochemical,Eastern Province,Annual,12,65904,32796,11568,21540,32.68
MP-2025-57546,13/04/2025,W-016786,Egyptian,Civil Foreman,Ma'aden,Mining,Northern Borders,Multi-Year,18,166734,97398,17550,51786,31.06
MP-2024-29908,4/9/2024,W-016787,Indian,Helper / Labourer,Petro Rabigh,Petrochemical,Makkah,Annual,12,38388,20664,14124,3600,9.38
MP-2025-22802,19/01/2025,W-016789,Pakistani,Helper / Labourer,Saudi Electricity Co.,Power,Riyadh,Multi-Year,18,59706,26874,23490,9342,15.65
MP-2024-74322,27/12/2025,W-016792,Indian,Driver (Heavy),Saudi Electricity Co.,Power,Riyadh,Annual,12,53784,27444,13644,12696,23.61
MP-2024-72783,24/04/2024,W-016793,Bangladeshi,Pipe Fitter,ROSHN,Real Estate,Riyadh,Short-Term,3,13809,7512,2556,3741,27.09
MP-2025-68073,15/09/2025,W-016795,Nepali,Welder,NEOM,Mega Project,Tabuk,Short-Term,3,16713,6756,2820,406,2.43
MP-2025-19073,1/6/2024,W-016796,Filipino,Warehouse Keeper,SABIC,Petrochemical,Eastern Province,Annual,12,83184,41412,10596,31176,37.48
MP-2024-43549,9/8/2024,W-016798,Pakistani,Industrial Painter,NEOM,Mega Project,Tabuk,Annual,12,84252,32688,11820,39744,47.17
MP-2024-40714,13/01/2024,W-016799,Filipino,Mechanical Technician,Petro Rabigh,Petrochemical,Makkah,Short-Term,3,22053,11943,2211,7899,35.82
MP-2024-60416,8/4/2025,W-016800,Egyptian,Welder,Saudi Kayan,Petrochemical,Eastern Province,Annual,12,81516,41088,8400,-2622,-3.22
MP-2024-48505,19/02/2025,W-016802,Indonesian,Rigger,Royal Commission Yanbu,Industrial,Madinah,Multi-Year,18,111870,59850,17370,34650,30.97
MP-2025-97832,17/10/2025,W-016803,Nepali,Helper / Labourer,Red Sea Global,Tourism Dev,Tabuk,Annual,12,44064,19704,12024,12336,28
MP-2024-25487,31/10/2025,W-016806,Indian,Welder,Diriyah Company,Real Estate,Riyadh,Annual,12,64284,33720,8016,22548,35.08
MP-2025-87875,19/02/2024,W-016808,Bangladeshi,Electrician,ROSHN,Real Estate,Riyadh,Short-Term,3,21309,11688,2688,6933,32.54
MP-2024-90770,18/09/2024,W-016809,Bangladeshi,Heavy Equipment Operator,Saudi Aramco,Oil & Gas,Eastern Province,Multi-Year,18,154746,70560,17568,66618,43.05
MP-2024-12766,30/09/2025,W-016812,Yemeni,Industrial Painter,Red Sea Global,Tourism Dev,Tabuk,Annual,12,71136,34704,15828,20604,28.96
MP-2025-20580,15/03/2025,W-016815,Bangladeshi,Helper / Labourer,Saudi Aramco,Oil & Gas,Eastern Province,Annual,12,38952,18960,13284,6708,17.22
MP-2024-63638,25/04/2025,W-016816,Filipino,Welder,Royal Commission Jubail,Industrial,Eastern Province,Annual,12,57192,33012,16788,-1291,-2.26
MP-2025-73507,29/12/2025,W-016819,Filipino,HVAC Technician,Diriyah Company,Real Estate,Riyadh,Short-Term,1,4277,2660,713,75,1.75
MP-2025-22106,3/4/2025,W-016821,Filipino,Safety Officer,SABIC,Petrochemical,Eastern Province,Short-Term,3,30609,16347,3753,10509,34.33
MP-2024-89956,3/10/2024,W-016824,Saudi,Electrician,Ma'aden,Mining,Northern Borders,Short-Term,3,23037,13404,789,8844,38.39
MP-2025-40461,5/8/2024,W-016826,Indonesian,Helper / Labourer,Worley KSA,EPC Contractor,Eastern Province,Annual,12,45636,21012,12060,12564,27.53
MP-2025-98997,18/06/2024,W-016828,Bangladeshi,Scaffolder,Red Sea Global,Tourism Dev,Tabuk,Annual,12,55164,30228,10308,14628,26.52
MP-2024-21980,3/9/2024,W-016831,Nepali,Welder,Sadara Chemical,Petrochemical,Eastern Province,Multi-Year,36,192024,102564,26100,63360,33
MP-2024-37619,29/09/2025,W-016834,Egyptian,Electrician,Sadara Chemical,Petrochemical,Eastern Province,Multi-Year,24,188496,103704,22104,62688,33.26
MP-2024-89926,21/05/2025,W-016835,Indian,Electrician,Saudi Aramco,Oil & Gas,Eastern Province,Short-Term,2,11332,5760,2348,3224,28.45
MP-2024-84571,23/12/2024,W-016838,Bangladeshi,Civil Foreman,Saudi Electricity Co.,Power,Riyadh,Multi-Year,24,202416,117096,31560,53760,26.56
MP-2024-65091,27/12/2025,W-016840,Yemeni,Electrician,Sadara Chemical,Petrochemical,Eastern Province,Annual,12,101076,53976,12468,34632,34.26
MP-2025-15461,2/5/2025,W-016843,Filipino,Instrument Technician,SABIC,Petrochemical,Eastern Province,Annual,12,108624,52800,12984,42840,39.44
MP-2025-13053,14/03/2025,W-016844,Nepali,Electrician,Ma'aden,Mining,Northern Borders,Annual,12,60900,36156,8340,16404,26.94
MP-2024-98662,19/05/2024,W-016846,Indian,Scaffolder,Diriyah Company,Real Estate,Riyadh,Short-Term,3,18213,10173,1995,6045,33.19
MP-2024-27783,13/10/2025,W-016848,Egyptian,Document Controller,SABIC,Petrochemical,Eastern Province,Short-Term,1,10147,5159,1353,3635,35.82
MP-2025-59771,15/12/2025,W-016851,Bangladeshi,Rigger,SABIC,Petrochemical,Eastern Province,Annual,12,64488,32136,13116,19236,29.83
MP-2024-78814,1/2/2024,W-016854,Saudi,Electrician,Ma'aden,Mining,Northern Borders,Annual,12,129360,75444,3288,50628,39.14
MP-2024-96371,18/09/2025,W-016856,Sudanese,Electrician,Red Sea Global,Tourism Dev,Tabuk,Annual,12,73440,35652,14928,22860,31.13
MP-2025-53538,26/04/2024,W-016857,Nepali,Warehouse Keeper,Saudi Aramco,Oil & Gas,Eastern Province,Short-Term,1,7246,3158,804,3284,45.32
MP-2025-43605,23/11/2025,W-016859,Sudanese,Pipe Fitter,NEOM,Mega Project,Tabuk,Annual,12,68244,31440,11832,24972,36.59
MP-2025-15814,18/03/2025,W-016862,Filipino,Rigger,ROSHN,Real Estate,Riyadh,Short-Term,1,4155,2359,1287,509,12.25
MP-2024-90786,24/05/2024,W-016863,Bangladeshi,Site Supervisor,Ma'aden,Mining,Northern Borders,Annual,12,99696,54528,15204,29964,30.06
MP-2025-23868,28/02/2024,W-016864,Bangladeshi,Pipe Fitter,Saudi Aramco,Oil & Gas,Eastern Province,Annual,12,86064,35988,14604,35472,41.22
MP-2025-92123,5/2/2024,W-016867,Filipino,Safety Officer,Saudi Aramco,Oil & Gas,Eastern Province,Short-Term,2,20440,10554,2718,7168,35.07
MP-2024-98783,15/07/2025,W-016870,Egyptian,Instrument Technician,Saudi Electricity Co.,Power,Riyadh,Short-Term,1,6816,3411,995,2410,35.36
MP-2024-36782,21/12/2025,W-016872,Indian,Helper / Labourer,Saudi Electricity Co.,Power,Riyadh,Short-Term,3,12183,5667,2595,3921,32.18
MP-2025-37449,14/05/2025,W-016873,Egyptian,Helper / Labourer,Saudi Aramco,Oil & Gas,Eastern Province,Multi-Year,36,174132,68256,29124,76752,44.08
MP-2024-19523,24/08/2025,W-016874,Nepali,Instrument Technician,Royal Commission Yanbu,Industrial,Madinah,Short-Term,3,22806,14418,3279,5109,22.4
MP-2025-53181,19/01/2025,W-016877,Egyptian,Scaffolder,Saudi Aramco,Oil & Gas,Eastern Province,Short-Term,1,4540,2092,1210,1238,27.27
MP-2024-88431,3/4/2024,W-016880,Indonesian,Driver (Heavy),Saudi Aramco,Oil & Gas,Eastern Province,Short-Term,3,18450,8100,2646,-473,-2.56
MP-2024-24010,16/05/2024,W-016881,Bangladeshi,Welder,Royal Commission Jubail,Industrial,Eastern Province,Short-Term,2,14294,6650,2040,5604,39.21
MP-2024-20401,29/06/2025,W-016883,Filipino,Pipe Fitter,Saudi Electricity Co.,Power,Riyadh,Short-Term,3,14151,7827,3897,2427,17.15
MP-2025-21721,20/07/2025,W-016886,Indian,Civil Foreman,SABIC,Petrochemical,Eastern Province,Multi-Year,18,212976,106812,17910,88254,41.44
MP-2024-52448,6/3/2024,W-016887,Bangladeshi,Rigger,Saudi Aramco,Oil & Gas,Eastern Province,Annual,12,55020,27948,11844,-852,-1.55
MP-2024-88217,15/11/2024,W-016888,Indian,Warehouse Keeper,SABIC,Petrochemical,Eastern Province,Annual,12,63108,30180,15144,-2545,-4.03
MP-2024-74346,9/6/2024,W-016889,Nepali,Scaffolder,Saudi Aramco,Oil & Gas,Eastern Province,Annual,12,73452,40056,14424,18972,25.83
MP-2025-39974,3/9/2024,W-016890,Pakistani,Welder,Saudi Electricity Co.,Power,Riyadh,Short-Term,2,9072,5442,1768,1862,20.52
MP-2025-59527,2/5/2024,W-016892,Pakistani,Driver (Heavy),Sadara Chemical,Petrochemical,Eastern Province,Short-Term,3,12915,7023,2232,3660,28.34
MP-2025-36609,26/02/2024,W-016895,Sudanese,Helper / Labourer,Saudi Aramco,Oil & Gas,Eastern Province,Multi-Year,36,128304,53496,28836,45972,35.83
MP-2025-64378,11/12/2024,W-016896,Pakistani,Welder,Royal Commission Yanbu,Industrial,Madinah,Short-Term,6,40710,22380,5148,13182,32.38
MP-2024-87076,23/11/2024,W-016899,Indian,Welder,Royal Commission Yanbu,Industrial,Madinah,Short-Term,3,13308,7281,2760,3267,24.55
MP-2025-66429,15/06/2025,W-016900,Nepali,Scaffolder,Sadara Chemical,Petrochemical,Eastern Province,Multi-Year,18,77490,41670,20250,15570,20.09
MP-2025-76960,22/11/2025,W-016903,Egyptian,Scaffolder,Saudi Kayan,Petrochemical,Eastern Province,Short-Term,2,8212,4164,2444,1604,19.53
MP-2024-28408,6/8/2024,W-016904,Indian,Industrial Painter,Sadara Chemical,Petrochemical,Eastern Province,Annual,12,64548,30684,11448,-3783,-5.86
MP-2025-55751,3/2/2024,W-016906,Saudi,Welder,Worley KSA,EPC Contractor,Eastern Province,Annual,12,96408,50904,4728,40776,42.3
MP-2025-62591,6/4/2024,W-016908,Nepali,Rigger,Red Sea Global,Tourism Dev,Tabuk,Multi-Year,24,200448,93288,27720,79440,39.63
MP-2025-31583,11/1/2024,W-016909,Yemeni,Scaffolder,Bechtel KSA,EPC Contractor,Tabuk,Annual,12,68892,32172,15252,21468,31.16
MP-2025-39816,18/10/2024,W-016911,Pakistani,Scaffolder,SABIC,Petrochemical,Eastern Province,Annual,12,78564,36144,14520,27900,35.51
MP-2025-48723,11/12/2024,W-016912,Indian,Electrician,NEOM,Mega Project,Tabuk,Annual,12,129204,53028,8244,67932,52.58
MP-2024-65906,19/08/2025,W-016914,Pakistani,Pipe Fitter,Sadara Chemical,Petrochemical,Eastern Province,Multi-Year,24,123816,63432,18096,42288,34.15
MP-2025-92468,5/4/2024,W-016915,Indonesian,Safety Officer,NEOM,Mega Project,Tabuk,Multi-Year,24,225528,112152,22128,91248,40.46
MP-2024-29774,21/07/2024,W-016917,Indian,Scaffolder,Ma'aden,Mining,Northern Borders,Annual,12,43032,24216,9324,9492,22.06
MP-2024-96604,5/11/2025,W-016918,Indian,Helper / Labourer,Saudi Electricity Co.,Power,Riyadh,Short-Term,2,7502,3256,1820,2426,32.34
MP-2025-58493,29/09/2024,W-016921,Indian,Industrial Painter,Bechtel KSA,EPC Contractor,Tabuk,Annual,12,49272,23316,10212,15744,31.95
MP-2024-68407,11/7/2024,W-016924,Indian,Helper / Labourer,ROSHN,Real Estate,Riyadh,Annual,12,34476,20136,14652,-312,-0.9
MP-2024-86682,9/3/2025,W-016927,Nepali,Electrician,NWC,Water,Riyadh,Short-Term,1,8257,4085,864,3308,40.06
MP-2025-72850,20/01/2025,W-016929,Bangladeshi,Helper / Labourer,Saudi Electricity Co.,Power,Riyadh,Short-Term,1,3777,1633,693,1451,38.42
MP-2025-42481,10/8/2025,W-016932,Filipino,Electrician,Petro Rabigh,Petrochemical,Makkah,Multi-Year,24,149304,85872,18192,45240,30.3
MP-2025-24033,13/09/2024,W-016933,Filipino,Helper / Labourer,Sadara Chemical,Petrochemical,Eastern Province,Short-Term,1,3525,1448,1154,923,26.18
MP-2025-54216,31/07/2025,W-016934,Filipino,Site Supervisor,Saudi Kayan,Petrochemical,Eastern Province,Annual,12,133860,84756,13680,35424,26.46
MP-2024-89263,13/02/2024,W-016936,Indian,Site Supervisor,Ma'aden,Mining,Northern Borders,Multi-Year,24,274968,166464,39768,68736,25
MP-2024-66461,14/10/2025,W-016938,Bangladeshi,Industrial Painter,Saudi Aramco,Oil & Gas,Eastern Province,Annual,12,57948,23736,8904,-1330,-2.3
MP-2025-23310,15/08/2025,W-016940,Indian,Electrician,Ma'aden,Mining,Northern Borders,Multi-Year,24,160920,78288,16032,66600,41.39
MP-2024-50554,10/9/2024,W-016943,Bangladeshi,Mechanical Technician,SABIC,Petrochemical,Eastern Province,Annual,12,83916,39492,16128,28296,33.72
MP-2025-64152,22/05/2025,W-016945,Filipino,Safety Officer,Saudi Electricity Co.,Power,Riyadh,Short-Term,3,21510,12858,2898,5754,26.75
MP-2024-74097,13/02/2024,W-016946,Nepali,QC Inspector,Saudi Aramco,Oil & Gas,Eastern Province,Annual,12,97752,51996,18348,27408,28.04
MP-2024-44807,5/3/2024,W-016949,Pakistani,Pipe Fitter,Petro Rabigh,Petrochemical,Makkah,Annual,12,77112,42876,16344,17892,23.2
MP-2025-60416,12/12/2025,W-016952,Indian,QC Inspector,Saudi Electricity Co.,Power,Riyadh,Multi-Year,18,186894,110232,14742,61920,33.13
MP-2025-41498,28/03/2025,W-016954,Egyptian,Scaffolder,SABIC,Petrochemical,Eastern Province,Short-Term,2,13834,6716,1694,5424,39.21
MP-2024-55148,21/11/2025,W-016956,Egyptian,Helper / Labourer,Royal Commission Jubail,Industrial,Eastern Province,Short-Term,1,2972,1339,865,768,25.84
MP-2024-13299,31/03/2025,W-016957,Pakistani,Heavy Equipment Operator,Petro Rabigh,Petrochemical,Makkah,Annual,12,90240,49428,10320,30492,33.79
MP-2025-64730,8/11/2024,W-016959,Sri Lankan,Document Controller,Saudi Aramco,Oil & Gas,Eastern Province,Short-Term,3,25053,13572,2346,9135,36.46
MP-2025-93504,20/01/2024,W-016960,Filipino,Rigger,Petro Rabigh,Petrochemical,Makkah,Short-Term,6,27384,15666,6360,5358,19.57
MP-2024-63031,17/01/2025,W-016962,Indian,Heavy Equipment Operator,Saudi Aramco,Oil & Gas,Eastern Province,Annual,12,124464,53988,12372,58104,46.68
MP-2024-46870,18/10/2024,W-016964,Sudanese,Pipe Fitter,Ma'aden,Mining,Northern Borders,Short-Term,1,5885,3241,933,1711,29.07
MP-2025-38512,20/03/2025,W-016965,Indian,Heavy Equipment Operator,Red Sea Global,Tourism Dev,Tabuk,Annual,12,81288,37704,14664,28920,35.58
MP-2024-78170,8/1/2024,W-016967,Pakistani,Rigger,Saudi Aramco,Oil & Gas,Eastern Province,Multi-Year,24,125184,65832,17064,42288,33.78
MP-2025-43432,17/08/2025,W-016968,Egyptian,Pipe Fitter,Red Sea Global,Tourism Dev,Tabuk,Annual,12,84120,46296,9900,27924,33.2
MP-2024-31150,12/10/2025,W-016970,Sudanese,Helper / Labourer,Saudi Aramco,Oil & Gas,Eastern Province,Short-Term,3,13317,5517,2367,5433,40.8
MP-2024-14479,28/06/2024,W-016971,Indian,Mechanical Technician,Saudi Electricity Co.,Power,Riyadh,Annual,12,70032,39468,16020,14544,20.77
MP-2025-62909,14/01/2024,W-016972,Bangladeshi,Electrician,Worley KSA,EPC Contractor,Eastern Province,Annual,12,80868,40632,10056,30180,37.32
MP-2024-54368,12/12/2025,W-016973,Pakistani,Welder,Ma'aden,Mining,Northern Borders,Short-Term,6,32922,18102,6642,8178,24.84
MP-2025-93126,3/8/2025,W-016974,Indonesian,Document Controller,Royal Commission Jubail,Industrial,Eastern Province,Multi-Year,24,216360,121776,24912,69672,32.2
MP-2025-42758,30/08/2025,W-016976,Pakistani,Helper / Labourer,NEOM,Mega Project,Tabuk,Annual,12,46428,17352,9372,19704,42.44
MP-2025-77066,28/02/2025,W-016977,Yemeni,Welder,Saudi Electricity Co.,Power,Riyadh,Multi-Year,24,102240,61680,28104,12456,12.18
MP-2024-18456,26/11/2025,W-016980,Pakistani,Instrument Technician,Worley KSA,EPC Contractor,Eastern Province,Short-Term,1,9481,5152,1396,2933,30.94
MP-2025-23787,11/6/2024,W-016981,Ethiopian,Scaffolder,Saudi Electricity Co.,Power,Riyadh,Short-Term,3,13257,7293,2367,3597,27.13
MP-2025-19204,6/5/2025,W-016982,Sudanese,Pipe Fitter,Saudi Electricity Co.,Power,Riyadh,Multi-Year,18,141138,65988,14238,60912,43.16
MP-2025-93967,8/3/2024,W-016985,Pakistani,Heavy Equipment Operator,Saudi Kayan,Petrochemical,Eastern Province,Short-Term,3,22830,12573,3522,6735,29.5
MP-2025-94464,12/8/2024,W-016987,Bangladeshi,HVAC Technician,Red Sea Global,Tourism Dev,Tabuk,Annual,12,92976,49224,14832,28920,31.1
MP-2025-56339,14/08/2024,W-016989,Bangladeshi,Mechanical Technician,Ma'aden,Mining,Northern Borders,Annual,12,94620,47112,10284,37224,39.34
MP-2024-64263,16/03/2024,W-016992,Saudi,Warehouse Keeper,Ma'aden,Mining,Northern Borders,Annual,12,115884,55188,5580,55116,47.56
MP-2025-14919,15/10/2024,W-016993,Pakistani,Electrician,SABIC,Petrochemical,Eastern Province,Multi-Year,36,225864,127548,26640,71676,31.73
MP-2024-90982,6/12/2024,W-016996,Filipino,Warehouse Keeper,Marafiq,Utilities,Eastern Province,Annual,12,84468,40956,11748,31764,37.6
MP-2024-87214,25/10/2024,W-016997,Pakistani,Helper / Labourer,Worley KSA,EPC Contractor,Eastern Province,Annual,12,29556,15828,10104,3624,12.26
MP-2025-90077,16/07/2025,W-016998,Bangladeshi,Industrial Painter,Sadara Chemical,Petrochemical,Eastern Province,Short-Term,6,32604,14376,6666,11562,35.46
MP-2024-75015,29/05/2025,W-016999,Nepali,Scaffolder,Saudi Aramco,Oil & Gas,Eastern Province,Short-Term,3,13914,6135,3738,4041,29.04
MP-2024-57050,13/02/2024,W-017000,Yemeni,Industrial Painter,Saudi Electricity Co.,Power,Riyadh,Annual,12,57972,29640,9708,18624,32.13
MP-2024-11409,2/12/2025,W-017003,Bangladeshi,Helper / Labourer,Saudi Aramco,Oil & Gas,Eastern Province,Short-Term,1,3985,1823,886,1276,32.02
MP-2025-25177,22/02/2024,W-017006,Bangladeshi,Helper / Labourer,Royal Commission Jubail,Industrial,Eastern Province,Multi-Year,18,65862,27810,20808,818,1.24
MP-2024-67737,22/01/2025,W-017008,Indian,HVAC Technician,SABIC,Petrochemical,Eastern Province,Annual,12,77472,39336,13104,25032,32.31
MP-2025-37908,23/08/2024,W-017011,Sri Lankan,Helper / Labourer,Petro Rabigh,Petrochemical,Makkah,Multi-Year,24,88104,37800,22104,28200,32.01
MP-2024-60397,23/07/2025,W-017012,Pakistani,Document Controller,Saudi Electricity Co.,Power,Riyadh,Annual,12,81744,47652,9216,24876,30.43
MP-2025-87120,13/02/2025,W-017014,Egyptian,Heavy Equipment Operator,Royal Commission Jubail,Industrial,Eastern Province,Multi-Year,18,134406,67050,18684,-3485,-2.59
MP-2024-35292,5/3/2025,W-017015,Indonesian,Heavy Equipment Operator,SABIC,Petrochemical,Eastern Province,Short-Term,3,18291,9054,2493,6744,36.87
MP-2024-31589,10/6/2024,W-017018,Egyptian,Safety Officer,Petro Rabigh,Petrochemical,Makkah,Annual,12,113856,67884,20364,25608,22.49
MP-2024-21110,21/07/2024,W-017020,Ethiopian,HVAC Technician,Sadara Chemical,Petrochemical,Eastern Province,Annual,12,76356,44388,8172,23796,31.16
MP-2025-60772,24/07/2025,W-017022,Indian,Scaffolder,Saudi Electricity Co.,Power,Riyadh,Short-Term,3,15870,7464,4143,4263,26.86
MP-2024-94849,28/11/2025,W-017024,Indian,Helper / Labourer,SABIC,Petrochemical,Eastern Province,Short-Term,3,11748,4719,4194,2835,24.13
MP-2024-26858,15/05/2024,W-017026,Yemeni,Industrial Painter,SABIC,Petrochemical,Eastern Province,Short-Term,3,14475,7398,2967,4110,28.39
MP-2024-13946,11/9/2025,W-017028,Pakistani,Rigger,Marafiq,Utilities,Eastern Province,Annual,12,79392,39588,15924,23880,30.08
MP-2024-59423,25/08/2025,W-017030,Bangladeshi,Scaffolder,Saudi Aramco,Oil & Gas,Eastern Province,Annual,12,61128,30504,12708,17916,29.31
MP-2025-88973,9/1/2024,W-017033,Egyptian,Instrument Technician,SABIC,Petrochemical,Eastern Province,Multi-Year,24,169512,83544,21432,-12582,-7.42
MP-2025-89941,24/02/2024,W-017036,Pakistani,Scaffolder,Saudi Electricity Co.,Power,Riyadh,Short-Term,1,4838,2634,855,1349,27.88
MP-2025-83494,25/02/2025,W-017037,Indian,Electrician,Saudi Electricity Co.,Power,Riyadh,Annual,12,77532,43728,8292,25512,32.91
MP-2024-90431,8/9/2024,W-017040,Indian,Scaffolder,Royal Commission Yanbu,Industrial,Madinah,Short-Term,6,25914,13416,7872,4626,17.85
MP-2025-78576,4/9/2025,W-017043,Nepali,Rigger,Saudi Aramco,Oil & Gas,Eastern Province,Annual,12,74700,34740,11928,28032,37.53
MP-2025-56953,31/01/2024,W-017044,Indian,Rigger,ROSHN,Real Estate,Riyadh,Multi-Year,24,164328,93024,32664,38640,23.51
MP-2025-49908,23/11/2025,W-017046,Sudanese,Welder,Worley KSA,EPC Contractor,Eastern Province,Annual,12,51504,27684,11460,12360,24
MP-2025-19175,17/02/2025,W-017047,Sudanese,Helper / Labourer,Saudi Electricity Co.,Power,Riyadh,Annual,12,28632,16464,9576,2592,9.05
MP-2025-27016,6/11/2024,W-017050,Sudanese,Instrument Technician,Sadara Chemical,Petrochemical,Eastern Province,Annual,12,90672,49512,15228,25932,28.6
MP-2025-13973,16/11/2024,W-017051,Bangladeshi,Scaffolder,NWC,Water,Riyadh,Short-Term,3,19182,10056,2595,6531,34.05
MP-2025-59845,23/06/2024,W-017052,Sri Lankan,Rigger,Saudi Kayan,Petrochemical,Eastern Province,Annual,12,90120,44184,15876,30060,33.36
MP-2024-79813,10/1/2024,W-017053,Sudanese,Civil Foreman,Royal Commission Yanbu,Industrial,Madinah,Annual,12,111228,67752,10404,33072,29.73
MP-2025-91132,4/3/2025,W-017056,Indian,Warehouse Keeper,ROSHN,Real Estate,Riyadh,Multi-Year,24,118632,60600,18000,40032,33.74
MP-2025-26099,16/11/2024,W-017059,Bangladeshi,Instrument Technician,SABIC,Petrochemical,Eastern Province,Multi-Year,36,283968,150228,46224,87516,30.82
MP-2024-72963,4/4/2025,W-017062,Indonesian,Civil Foreman,Saudi Kayan,Petrochemical,Eastern Province,Multi-Year,24,167976,98352,32496,37128,22.1
MP-2024-12611,5/4/2024,W-017065,Pakistani,Helper / Labourer,Saudi Electricity Co.,Power,Riyadh,Multi-Year,18,62820,27882,20718,14220,22.64
MP-2025-16953,28/02/2025,W-017067,Indian,Scaffolder,NEOM,Mega Project,Tabuk,Short-Term,3,22389,9729,3387,9273,41.42
MP-2024-37780,18/09/2024,W-017070,Ethiopian,Industrial Painter,Petro Rabigh,Petrochemical,Makkah,Annual,12,49704,28980,15168,5556,11.18
MP-2024-80994,14/10/2024,W-017073,Saudi,Mechanical Technician,Saudi Aramco,Oil & Gas,Eastern Province,Short-Term,1,10974,4844,362,5768,52.56
MP-2024-49331,26/11/2025,W-017074,Sudanese,Site Supervisor,Sadara Chemical,Petrochemical,Eastern Province,Multi-Year,24,289176,167448,35592,86136,29.79
MP-2024-79854,15/11/2025,W-017076,Sudanese,Rigger,Ma'aden,Mining,Northern Borders,Multi-Year,18,119232,65466,24624,29142,24.44
MP-2025-53659,15/03/2024,W-017077,Egyptian,Scaffolder,Saudi Aramco,Oil & Gas,Eastern Province,Annual,12,74124,34392,14412,-4805,-6.48
MP-2024-97802,23/09/2024,W-017078,Egyptian,Rigger,Sadara Chemical,Petrochemical,Eastern Province,Short-Term,3,12666,7275,3339,2052,16.2
MP-2025-24240,8/4/2024,W-017081,Indonesian,Helper / Labourer,Royal Commission Jubail,Industrial,Eastern Province,Annual,12,37344,20208,9948,-530,-1.42
MP-2025-59621,12/11/2024,W-017082,Saudi,Safety Officer,SABIC,Petrochemical,Eastern Province,Multi-Year,24,365688,212160,6960,146568,40.08
MP-2024-37617,20/04/2024,W-017085,Pakistani,Warehouse Keeper,NWC,Water,Riyadh,Annual,12,63996,32880,10884,20232,31.61
MP-2024-14973,2/9/2024,W-017087,Nepali,Helper / Labourer,SABIC,Petrochemical,Eastern Province,Short-Term,6,17652,8370,4014,5268,29.84
MP-2025-58193,24/12/2025,W-017089,Indonesian,Helper / Labourer,Saudi Electricity Co.,Power,Riyadh,Short-Term,6,18180,8886,5628,3666,20.17
MP-2025-81613,9/12/2025,W-017090,Sudanese,Helper / Labourer,NEOM,Mega Project,Tabuk,Annual,12,45072,21168,8064,15840,35.14
MP-2024-80712,31/05/2025,W-017093,Pakistani,Mechanical Technician,Saudi Electricity Co.,Power,Riyadh,Multi-Year,18,141822,74844,18216,48762,34.38
MP-2024-89167,1/4/2025,W-017096,Indian,Rigger,Saudi Aramco,Oil & Gas,Eastern Province,Annual,12,74064,35892,13596,24576,33.18
MP-2025-62980,12/10/2025,W-017099,Egyptian,Helper / Labourer,Royal Commission Jubail,Industrial,Eastern Province,Short-Term,3,8163,4182,3630,351,4.3
MP-2024-37420,9/6/2024,W-017101,Indian,Heavy Equipment Operator,ROSHN,Real Estate,Riyadh,Annual,12,86112,44844,8280,32988,38.31
MP-2024-97101,15/05/2024,W-017102,Bangladeshi,Driver (Heavy),Red Sea Global,Tourism Dev,Tabuk,Short-Term,3,18603,8283,3999,6321,33.98
MP-2025-37283,17/08/2025,W-017103,Nepali,Helper / Labourer,Marafiq,Utilities,Eastern Province,Short-Term,3,7722,4242,2286,1194,15.46
MP-2025-45247,14/01/2024,W-017106,Bangladeshi,Rigger,NEOM,Mega Project,Tabuk,Short-Term,6,47238,20064,3900,573,1.21
MP-2024-62109,15/05/2025,W-017107,Filipino,Site Supervisor,Saudi Aramco,Oil & Gas,Eastern Province,Annual,12,150660,82992,11160,56508,37.51
MP-2025-64409,9/11/2025,W-017109,Pakistani,Welder,Saudi Aramco,Oil & Gas,Eastern Province,Annual,12,59652,30624,10872,18156,30.44
MP-2024-81264,10/9/2024,W-017110,Indonesian,Driver (Heavy),Royal Commission Jubail,Industrial,Eastern Province,Short-Term,1,4306,2305,1127,874,20.3
MP-2024-21872,4/12/2024,W-017111,Ethiopian,Civil Engineer,Saudi Aramco,Oil & Gas,Eastern Province,Multi-Year,24,345072,176328,39216,129528,37.54
MP-2025-37629,8/2/2024,W-017114,Pakistani,Helper / Labourer,Saudi Aramco,Oil & Gas,Eastern Province,Multi-Year,24,74784,32592,19416,22776,30.46
MP-2025-60067,15/09/2024,W-017116,Bangladeshi,Welder,Saudi Aramco,Oil & Gas,Eastern Province,Annual,12,84960,34656,9936,40368,47.51
MP-2024-19489,18/09/2024,W-017117,Filipino,Welder,Saudi Electricity Co.,Power,Riyadh,Multi-Year,18,96102,54108,20070,21924,22.81
MP-2024-23727,2/11/2025,W-017118,Bangladeshi,Helper / Labourer,Royal Commission Jubail,Industrial,Eastern Province,Short-Term,3,10944,5232,2784,2928,26.75
MP-2025-87668,22/01/2024,W-017119,Sudanese,Scaffolder,ROSHN,Real Estate,Riyadh,Multi-Year,24,135984,69288,32184,34512,25.38
MP-2024-12717,20/08/2025,W-017122,Egyptian,Civil Foreman,ROSHN,Real Estate,Riyadh,Annual,12,116736,70248,12660,33828,28.98
MP-2025-31264,10/8/2024,W-017123,Filipino,Scaffolder,Saudi Kayan,Petrochemical,Eastern Province,Short-Term,2,8292,4070,2116,-300,-3.62
MP-2024-10281,25/01/2024,W-017124,Bangladeshi,Helper / Labourer,Sadara Chemical,Petrochemical,Eastern Province,Short-Term,3,9732,4263,3336,2133,21.92
MP-2024-65625,3/8/2024,W-017127,Indian,Welder,Ma'aden,Mining,Northern Borders,Multi-Year,24,119208,54816,21888,42504,35.66
MP-2025-32974,1/2/2025,W-017128,Nepali,Driver (Heavy),NEOM,Mega Project,Tabuk,Multi-Year,24,178680,71400,30240,77040,43.12
MP-2025-20364,19/04/2024,W-017129,Egyptian,Instrument Technician,Sadara Chemical,Petrochemical,Eastern Province,Annual,12,82740,44796,10668,27276,32.97
MP-2025-73400,9/5/2024,W-017130,Indian,Mechanical Technician,Diriyah Company,Real Estate,Riyadh,Annual,12,61356,33624,8652,19080,31.1
MP-2025-64469,15/03/2025,W-017131,Sri Lankan,Pipe Fitter,Sadara Chemical,Petrochemical,Eastern Province,Multi-Year,36,205416,99504,26496,-16119,-7.85
MP-2025-80009,24/02/2025,W-017134,Nepali,Scaffolder,Worley KSA,EPC Contractor,Eastern Province,Multi-Year,18,92682,43326,16416,32940,35.54
MP-2025-66063,16/07/2025,W-017137,Pakistani,Rigger,SABIC,Petrochemical,Eastern Province,Short-Term,2,11286,5616,1870,3800,33.67
MP-2025-73227,14/08/2024,W-017140,Sudanese,Industrial Painter,Saudi Electricity Co.,Power,Riyadh,Multi-Year,18,67500,39042,20718,7740,11.47
MP-2025-13949,12/4/2024,W-017142,Nepali,Welder,ROSHN,Real Estate,Riyadh,Annual,12,86460,44952,14964,26544,30.7
MP-2025-94427,9/4/2024,W-017145,Filipino,Industrial Painter,Red Sea Global,Tourism Dev,Tabuk,Annual,12,43284,24828,10560,7896,18.24
MP-2024-54143,28/08/2025,W-017147,Indian,Welder,ROSHN,Real Estate,Riyadh,Annual,12,78552,45156,13968,19428,24.73
MP-2024-76207,25/10/2024,W-017148,Bangladeshi,Warehouse Keeper,Worley KSA,EPC Contractor,Eastern Province,Multi-Year,18,102132,54144,22014,25974,25.43
MP-2025-62114,24/02/2024,W-017151,Sudanese,Warehouse Keeper,Saudi Aramco,Oil & Gas,Eastern Province,Multi-Year,18,97524,52056,18738,26730,27.41
MP-2024-45928,4/8/2025,W-017152,Bangladeshi,Electrician,Ma'aden,Mining,Northern Borders,Annual,12,101952,52464,13344,36144,35.45
MP-2024-47273,13/05/2025,W-017153,Pakistani,HVAC Technician,Saudi Aramco,Oil & Gas,Eastern Province,Annual,12,74364,39576,12636,22152,29.79
MP-2024-12698,24/09/2025,W-017155,Pakistani,Electrician,ROSHN,Real Estate,Riyadh,Short-Term,3,20703,10812,3126,-1311,-6.33
MP-2024-86506,9/12/2024,W-017156,Bangladeshi,Pipe Fitter,Diriyah Company,Real Estate,Riyadh,Short-Term,3,16794,9081,2298,5415,32.24
MP-2025-36965,16/08/2024,W-017157,Yemeni,Pipe Fitter,Ma'aden,Mining,Northern Borders,Short-Term,6,45738,24246,5712,15780,34.5
MP-2025-23668,29/09/2025,W-017159,Saudi,Helper / Labourer,SABIC,Petrochemical,Eastern Province,Multi-Year,36,188748,79812,11052,97884,51.86
MP-2025-77638,5/12/2024,W-017160,Bangladeshi,Pipe Fitter,Ma'aden,Mining,Northern Borders,Short-Term,1,5821,2846,758,2217,38.09
MP-2025-44150,19/10/2025,W-017162,Indian,QC Inspector,Sadara Chemical,Petrochemical,Eastern Province,Annual,12,124728,64440,12672,47616,38.18
MP-2024-73530,1/3/2025,W-017164,Pakistani,Mechanical Technician,Sadara Chemical,Petrochemical,Eastern Province,Short-Term,2,11732,6076,1370,4286,36.53
MP-2024-35756,24/12/2024,W-017167,Pakistani,Pipe Fitter,Marafiq,Utilities,Eastern Province,Annual,12,87624,48672,10380,28572,32.61
MP-2024-60711,16/01/2024,W-017170,Indian,Electrician,SABIC,Petrochemical,Eastern Province,Short-Term,3,22797,11790,2868,8139,35.7
MP-2024-23526,22/10/2025,W-017173,Nepali,Welder,Saudi Aramco,Oil & Gas,Eastern Province,Annual,12,69624,35280,13572,20772,29.83
MP-2024-92490,22/06/2024,W-017176,Bangladeshi,Rigger,NWC,Water,Riyadh,Short-Term,3,17256,8253,3549,5454,31.61
MP-2025-19631,18/05/2024,W-017178,Saudi,HVAC Technician,Marafiq,Utilities,Eastern Province,Annual,12,129024,64536,4620,59868,46.4
MP-2024-99279,6/4/2025,W-017180,Pakistani,Civil Foreman,NWC,Water,Riyadh,Short-Term,6,32112,21030,7470,3612,11.25
MP-2024-31833,2/8/2025,W-017183,Indian,Industrial Painter,Royal Commission Yanbu,Industrial,Madinah,Annual,12,61368,33804,14544,-2460,-4.01
MP-2024-70893,6/3/2025,W-017185,Pakistani,Helper / Labourer,ROSHN,Real Estate,Riyadh,Annual,12,44328,22560,16164,5604,12.64
MP-2025-51975,5/3/2025,W-017186,Ethiopian,Welder,Saudi Aramco,Oil & Gas,Eastern Province,Short-Term,6,41688,18420,4440,18828,45.16
MP-2024-10907,16/12/2025,W-017187,Indian,Electrician,SABIC,Petrochemical,Eastern Province,Annual,12,85500,43656,12516,29328,34.3
MP-2024-95936,4/10/2025,W-017188,Indian,Helper / Labourer,SABIC,Petrochemical,Eastern Province,Annual,12,38904,16044,8364,14496,37.26
MP-2024-31797,28/07/2024,W-017191,Filipino,Industrial Painter,Red Sea Global,Tourism Dev,Tabuk,Short-Term,3,12903,6669,4149,138,1.07
MP-2024-68371,3/1/2024,W-017194,Sri Lankan,Mechanical Technician,Saudi Aramco,Oil & Gas,Eastern Province,Annual,12,117732,53568,10572,53592,45.52
MP-2024-96796,26/07/2025,W-017196,Indian,Heavy Equipment Operator,Saudi Kayan,Petrochemical,Eastern Province,Short-Term,2,15156,8132,2140,4884,32.22
MP-2025-94523,1/11/2025,W-017198,Filipino,Electrician,Saudi Aramco,Oil & Gas,Eastern Province,Annual,12,110700,48780,16260,45660,41.25
MP-2025-69708,1/6/2024,W-017201,Nepali,Scaffolder,Red Sea Global,Tourism Dev,Tabuk,Annual,12,66504,37704,11712,17088,25.69
MP-2024-55894,24/11/2024,W-017204,Bangladeshi,Scaffolder,Diriyah Company,Real Estate,Riyadh,Short-Term,3,12630,6363,3303,2964,23.47
MP-2025-18452,14/03/2025,W-017206,Filipino,QC Inspector,Saudi Aramco,Oil & Gas,Eastern Province,Short-Term,3,38652,18498,4167,15987,41.36
MP-2024-46023,2/12/2024,W-017208,Sri Lankan,Welder,Saudi Aramco,Oil & Gas,Eastern Province,Multi-Year,18,102942,53226,15480,34236,33.26
MP-2025-80259,10/5/2025,W-017210,Filipino,Welder,Saudi Aramco,Oil & Gas,Eastern Province,Multi-Year,36,217332,89784,37368,90180,41.49
MP-2024-74651,3/11/2025,W-017211,Ethiopian,Helper / Labourer,NEOM,Mega Project,Tabuk,Annual,12,46440,18156,8520,19764,42.56
MP-2025-37567,4/11/2025,W-017214,Ethiopian,Mechanical Technician,Red Sea Global,Tourism Dev,Tabuk,Annual,12,90444,48408,16752,25284,27.96
MP-2025-93402,7/3/2025,W-017217,Indian,HVAC Technician,SABIC,Petrochemical,Eastern Province,Multi-Year,18,89352,46854,20520,21978,24.6
MP-2024-59830,5/6/2024,W-017219,Egyptian,Scaffolder,ROSHN,Real Estate,Riyadh,Annual,12,71520,37188,7848,26484,37.03
MP-2024-61530,28/10/2025,W-017221,Sri Lankan,Electrician,SABIC,Petrochemical,Eastern Province,Annual,12,87900,45372,16452,26076,29.67
MP-2024-47652,29/06/2025,W-017223,Bangladeshi,Mechanical Technician,SABIC,Petrochemical,Eastern Province,Multi-Year,18,169092,84384,16200,68508,40.52
MP-2024-90998,6/4/2024,W-017226,Indian,HVAC Technician,Royal Commission Yanbu,Industrial,Madinah,Short-Term,3,18657,9459,2130,-727,-3.9
MP-2024-15971,25/11/2025,W-017227,Indian,Welder,Royal Commission Jubail,Industrial,Eastern Province,Annual,12,82500,43212,9732,29556,35.83
MP-2025-82779,30/10/2025,W-017228,Indonesian,Helper / Labourer,Saudi Electricity Co.,Power,Riyadh,Multi-Year,24,81336,41688,21576,18072,22.22
MP-2025-60354,7/7/2025,W-017230,Indian,Project Engineer,Royal Commission Jubail,Industrial,Eastern Province,Short-Term,6,100194,65172,7128,27894,27.84
MP-2025-24623,17/08/2024,W-017231,Indian,Pipe Fitter,Sadara Chemical,Petrochemical,Eastern Province,Annual,12,74976,34524,9948,30504,40.69
MP-2025-27856,22/08/2025,W-017233,Nepali,Site Supervisor,SABIC,Petrochemical,Eastern Province,Annual,12,107436,64320,17616,25500,23.74
MP-2025-97340,29/01/2025,W-017234,Egyptian,Mechanical Technician,Saudi Electricity Co.,Power,Riyadh,Multi-Year,18,152028,81108,19674,51246,33.71
MP-2024-80099,22/10/2025,W-017236,Yemeni,Electrician,ROSHN,Real Estate,Riyadh,Short-Term,3,16047,8733,4062,3252,20.27
MP-2024-94893,4/6/2024,W-017238,Indian,Rigger,Saudi Electricity Co.,Power,Riyadh,Multi-Year,36,207936,124200,23544,60192,28.95
MP-2025-67866,14/12/2025,W-017240,Pakistani,Helper / Labourer,Saudi Electricity Co.,Power,Riyadh,Multi-Year,18,67482,32760,19854,14868,22.03
MP-2025-39275,1/12/2025,W-017242,Filipino,Scaffolder,SABIC,Petrochemical,Eastern Province,Annual,12,77520,40284,12120,25116,32.4
MP-2024-76275,3/3/2025,W-017243,Bangladeshi,Helper / Labourer,Diriyah Company,Real Estate,Riyadh,Annual,12,37428,19056,10560,7812,20.87
MP-2024-80735,26/10/2024,W-017244,Indian,QC Inspector,ROSHN,Real Estate,Riyadh,Short-Term,1,11546,7187,1342,-626,-5.42
MP-2025-35390,10/11/2025,W-017245,Indian,Industrial Painter,Sadara Chemical,Petrochemical,Eastern Province,Annual,12,52128,29856,15960,6312,12.11
MP-2025-54041,28/09/2025,W-017247,Filipino,Site Supervisor,Saudi Electricity Co.,Power,Riyadh,Annual,12,124332,67476,10812,46044,37.03
MP-2024-39772,5/2/2024,W-017249,Bangladeshi,Mechanical Technician,SABIC,Petrochemical,Eastern Province,Annual,12,93408,50280,13032,30096,32.22
MP-2024-40925,24/09/2024,W-017251,Filipino,Pipe Fitter,Saudi Aramco,Oil & Gas,Eastern Province,Annual,12,95796,39948,9432,46416,48.45
MP-2025-20166,14/04/2024,W-017253,Ethiopian,Helper / Labourer,Saudi Electricity Co.,Power,Riyadh,Annual,12,41508,18000,10344,13164,31.71
MP-2025-36366,17/05/2024,W-017255,Egyptian,Pipe Fitter,Saudi Aramco,Oil & Gas,Eastern Province,Short-Term,1,5971,2633,683,2655,44.46
MP-2025-60838,25/08/2024,W-017257,Pakistani,Scaffolder,Red Sea Global,Tourism Dev,Tabuk,Short-Term,3,18450,10077,3579,4794,25.98
MP-2024-62882,15/10/2025,W-017258,Filipino,Heavy Equipment Operator,NWC,Water,Riyadh,Short-Term,2,10814,6790,2382,1642,15.18
MP-2025-98868,17/10/2025,W-017261,Pakistani,Electrician,Petro Rabigh,Petrochemical,Makkah,Annual,12,93624,46008,16104,31512,33.66
MP-2025-96390,15/11/2024,W-017264,Pakistani,Industrial Painter,ROSHN,Real Estate,Riyadh,Annual,12,74292,34632,10800,28860,38.85
MP-2024-32080,19/09/2024,W-017265,Sri Lankan,Warehouse Keeper,NWC,Water,Riyadh,Multi-Year,24,102456,59136,16992,26328,25.7
MP-2024-90321,18/01/2024,W-017266,Pakistani,Rigger,Marafiq,Utilities,Eastern Province,Short-Term,3,18702,10959,2553,5190,27.75
MP-2024-59027,4/3/2025,W-017269,Sudanese,Site Supervisor,Red Sea Global,Tourism Dev,Tabuk,Short-Term,3,38580,22050,3870,12660,32.81
MP-2024-78919,6/6/2024,W-017272,Pakistani,Scaffolder,NEOM,Mega Project,Tabuk,Annual,12,69660,32904,12840,1139,1.64
MP-2025-74006,29/12/2025,W-017273,Sudanese,Helper / Labourer,Marafiq,Utilities,Eastern Province,Short-Term,6,26238,11304,5730,9204,35.08
MP-2025-11316,7/11/2024,W-017275,Bangladeshi,Warehouse Keeper,Saudi Aramco,Oil & Gas,Eastern Province,Annual,12,68364,34080,13920,20364,29.79
MP-2025-77610,1/9/2025,W-017278,Nepali,Helper / Labourer,ROSHN,Real Estate,Riyadh,Short-Term,3,10641,5463,3726,1452,13.65
MP-2024-31470,25/07/2024,W-017279,Pakistani,Welder,SABIC,Petrochemical,Eastern Province,Short-Term,2,13808,6608,2602,4598,33.3
MP-2025-23202,9/9/2024,W-017281,Egyptian,Electrician,Saudi Aramco,Oil & Gas,Eastern Province,Annual,12,115248,49512,16644,49092,42.6
MP-2024-30183,14/07/2025,W-017283,Indian,Helper / Labourer,SABIC,Petrochemical,Eastern Province,Annual,12,50496,20496,14640,15360,30.42
MP-2024-93363,21/10/2024,W-017285,Pakistani,Pipe Fitter,Royal Commission Jubail,Industrial,Eastern Province,Short-Term,3,14628,8496,3507,2625,17.95
MP-2024-11976,28/01/2024,W-017286,Indian,Mechanical Technician,NWC,Water,Riyadh,Short-Term,2,11030,6660,1392,2978,27
MP-2025-84340,8/4/2024,W-017289,Indonesian,Electrician,Royal Commission Jubail,Industrial,Eastern Province,Annual,12,91020,53388,16272,21360,23.47
MP-2024-87120,14/10/2024,W-017292,Nepali,Scaffolder,Diriyah Company,Real Estate,Riyadh,Annual,12,60072,28800,12636,18636,31.02
MP-2025-70079,16/08/2025,W-017294,Indian,Welder,SABIC,Petrochemical,Eastern Province,Annual,12,53388,26400,13176,13812,25.87
MP-2024-59377,26/02/2024,W-017295,Bangladeshi,Pipe Fitter,Saudi Aramco,Oil & Gas,Eastern Province,Multi-Year,36,263664,116856,34776,112032,42.49
MP-2024-66272,10/7/2024,W-017298,Indian,Electrician,ROSHN,Real Estate,Riyadh,Annual,12,74436,41928,11892,20616,27.7
MP-2024-49416,17/07/2024,W-017301,Indian,Scaffolder,Saudi Aramco,Oil & Gas,Eastern Province,Short-Term,2,16554,6776,2582,7196,43.47
MP-2024-35801,27/05/2025,W-017303,Indian,Pipe Fitter,Sadara Chemical,Petrochemical,Eastern Province,Multi-Year,36,199188,95760,44244,59184,29.71
MP-2025-15553,4/12/2025,W-017304,Ethiopian,Electrician,Saudi Aramco,Oil & Gas,Eastern Province,Short-Term,2,14238,5904,1678,6656,46.75
MP-2025-98519,27/01/2024,W-017307,Nepali,Rigger,SABIC,Petrochemical,Eastern Province,Annual,12,97404,44976,10932,41496,42.6
MP-2024-90426,9/12/2025,W-017308,Indian,Project Engineer,SABIC,Petrochemical,Eastern Province,Annual,12,185412,110172,18960,56280,30.35
MP-2024-37161,18/06/2025,W-017310,Bangladeshi,Civil Engineer,Sadara Chemical,Petrochemical,Eastern Province,Annual,12,236652,127884,16608,92160,38.94
MP-2024-85930,16/10/2025,W-017313,Pakistani,Heavy Equipment Operator,Sadara Chemical,Petrochemical,Eastern Province,Short-Term,6,43758,24354,7536,11868,27.12
MP-2024-33842,15/12/2025,W-017316,Indian,Welder,Saudi Aramco,Oil & Gas,Eastern Province,Annual,12,95220,43464,13224,38532,40.47
MP-2025-61618,28/11/2025,W-017318,Pakistani,HVAC Technician,Royal Commission Jubail,Industrial,Eastern Province,Short-Term,6,31716,16656,7230,7830,24.69
MP-2025-57586,12/2/2024,W-017321,Nepali,Industrial Painter,Saudi Aramco,Oil & Gas,Eastern Province,Multi-Year,36,255996,104868,41220,109908,42.93
MP-2025-27063,24/11/2025,W-017324,Pakistani,Helper / Labourer,Red Sea Global,Tourism Dev,Tabuk,Short-Term,1,4102,1778,697,1627,39.66
MP-2025-56541,24/02/2025,W-017325,Nepali,Site Supervisor,Saudi Aramco,Oil & Gas,Eastern Province,Annual,12,145776,70044,15456,60276,41.35
MP-2025-16468,16/11/2024,W-017328,Bangladeshi,Mechanical Technician,SABIC,Petrochemical,Eastern Province,Annual,12,86388,39996,15384,31008,35.89
MP-2024-30431,25/01/2024,W-017330,Pakistani,Helper / Labourer,Diriyah Company,Real Estate,Riyadh,Short-Term,3,9393,5040,2445,1908,20.31
MP-2024-72712,13/03/2024,W-017332,Indian,Helper / Labourer,SABIC,Petrochemical,Eastern Province,Annual,12,30096,15912,13884,300,1
MP-2024-95268,31/01/2024,W-017335,Sri Lankan,Helper / Labourer,SABIC,Petrochemical,Eastern Province,Multi-Year,18,62082,31464,25092,5526,8.9
MP-2025-46128,23/08/2025,W-017337,Pakistani,Heavy Equipment Operator,Saudi Aramco,Oil & Gas,Eastern Province,Annual,12,95736,47124,10332,38280,39.98
MP-2024-14851,22/04/2025,W-017340,Egyptian,Mechanical Technician,Saudi Aramco,Oil & Gas,Eastern Province,Short-Term,1,8050,4266,871,2913,36.19
MP-2025-78643,10/1/2024,W-017342,Bangladeshi,Rigger,NWC,Water,Riyadh,Short-Term,6,35832,18432,6840,-1069,-2.98
MP-2024-17162,4/11/2025,W-017345,Indian,Pipe Fitter,SABIC,Petrochemical,Eastern Province,Short-Term,3,22281,12156,2019,8106,36.38
MP-2024-12133,31/12/2025,W-017347,Pakistani,Driver (Heavy),Saudi Aramco,Oil & Gas,Eastern Province,Short-Term,3,16101,6768,3492,5841,36.28
MP-2024-55615,14/01/2025,W-017348,Indian,Electrician,Ma'aden,Mining,Northern Borders,Annual,12,72324,38412,7944,25968,35.91
MP-2025-94866,28/04/2024,W-017350,Indian,Heavy Equipment Operator,Sadara Chemical,Petrochemical,Eastern Province,Short-Term,3,15996,8514,2547,4935,30.85
MP-2025-72145,22/02/2024,W-017353,Indian,Electrician,SABIC,Petrochemical,Eastern Province,Annual,12,64608,33588,8856,22164,34.31
MP-2025-32828,27/04/2025,W-017354,Pakistani,Helper / Labourer,ROSHN,Real Estate,Riyadh,Short-Term,1,3131,1536,966,629,20.09
MP-2024-51628,22/12/2024,W-017355,Indian,HVAC Technician,Ma'aden,Mining,Northern Borders,Annual,12,57240,32808,11748,12684,22.16
MP-2024-81531,25/10/2025,W-017357,Pakistani,Helper / Labourer,SABIC,Petrochemical,Eastern Province,Multi-Year,36,116676,62352,39852,14472,12.4
MP-2024-40774,21/02/2025,W-017358,Indian,Welder,Marafiq,Utilities,Eastern Province,Annual,12,66720,38172,8472,20076,30.09
MP-2024-45243,1/3/2024,W-017359,Sudanese,Safety Officer,Ma'aden,Mining,Northern Borders,Short-Term,6,55218,30120,10464,14634,26.5
MP-2024-77678,17/06/2025,W-017361,Yemeni,Electrician,Saudi Aramco,Oil & Gas,Eastern Province,Annual,12,100800,50892,9156,40752,40.43
MP-2024-49040,25/12/2025,W-017363,Sudanese,Pipe Fitter,Saudi Electricity Co.,Power,Riyadh,Annual,12,74676,39156,14184,21336,28.57
MP-2025-67323,12/10/2024,W-017366,Indian,Welder,Sadara Chemical,Petrochemical,Eastern Province,Multi-Year,24,159960,74520,28176,57264,35.8
MP-2025-34775,20/01/2024,W-017369,Bangladeshi,Mechanical Technician,ROSHN,Real Estate,Riyadh,Short-Term,3,19800,11133,1977,-1259,-6.36
MP-2024-42957,25/02/2024,W-017372,Filipino,Scaffolder,Sadara Chemical,Petrochemical,Eastern Province,Annual,12,70692,38472,14484,17736,25.09
MP-2025-69559,13/08/2025,W-017373,Indian,Pipe Fitter,SABIC,Petrochemical,Eastern Province,Annual,12,65316,30612,13584,-2941,-4.5
MP-2024-87284,29/11/2024,W-017376,Indian,Pipe Fitter,ROSHN,Real Estate,Riyadh,Multi-Year,18,131418,71766,23364,36288,27.61
MP-2025-24464,30/03/2024,W-017377,Filipino,Welder,SABIC,Petrochemical,Eastern Province,Short-Term,6,31950,14934,8160,8856,27.72
MP-2025-38357,25/02/2025,W-017378,Egyptian,Industrial Painter,Petro Rabigh,Petrochemical,Makkah,Short-Term,6,36126,15690,4098,16338,45.23
MP-2025-94248,20/05/2025,W-017380,Indian,HVAC Technician,Sadara Chemical,Petrochemical,Eastern Province,Annual,12,54756,31776,15288,528,0.96
MP-2024-15642,2/3/2025,W-017383,Nepali,Electrician,Red Sea Global,Tourism Dev,Tabuk,Annual,12,73680,42720,16656,14304,19.41
MP-2025-48665,15/11/2024,W-017384,Filipino,Helper / Labourer,Royal Commission Jubail,Industrial,Eastern Province,Multi-Year,24,61344,34248,16464,-914,-1.49
MP-2024-67700,12/2/2025,W-017385,Filipino,Helper / Labourer,Ma'aden,Mining,Northern Borders,Annual,12,48096,22080,12624,13392,27.84
MP-2025-89942,15/01/2024,W-017386,Indian,Civil Engineer,Saudi Electricity Co.,Power,Riyadh,Short-Term,1,20794,11870,1221,7703,37.04
MP-2024-97540,11/2/2024,W-017388,Indian,Instrument Technician,ROSHN,Real Estate,Riyadh,Short-Term,1,6743,3965,1133,1645,24.4
MP-2024-33247,27/09/2025,W-017390,Indian,Heavy Equipment Operator,Royal Commission Yanbu,Industrial,Madinah,Annual,12,109320,53196,8328,47796,43.72
MP-2025-82773,15/03/2025,W-017392,Yemeni,Driver (Heavy),Ma'aden,Mining,Northern Borders,Annual,12,63996,29820,16284,17892,27.96
MP-2024-43909,8/11/2025,W-017395,Ethiopian,Instrument Technician,SABIC,Petrochemical,Eastern Province,Multi-Year,36,199728,115272,24948,59508,29.79
MP-2024-37195,19/05/2025,W-017398,Indian,Welder,Saudi Aramco,Oil & Gas,Eastern Province,Annual,12,76620,41808,9168,25644,33.47
MP-2024-63086,10/1/2024,W-017401,Nepali,Welder,Saudi Electricity Co.,Power,Riyadh,Annual,12,76164,36384,10980,28800,37.81
MP-2025-21058,30/07/2025,W-017402,Bangladeshi,Industrial Painter,Sadara Chemical,Petrochemical,Eastern Province,Multi-Year,18,89496,40266,15606,33624,37.57
MP-2025-19816,20/03/2025,W-017405,Indian,HVAC Technician,Worley KSA,EPC Contractor,Eastern Province,Annual,12,84912,50244,8736,25932,30.54
MP-2024-32200,25/01/2025,W-017406,Egyptian,Pipe Fitter,Red Sea Global,Tourism Dev,Tabuk,Multi-Year,36,206532,109440,27252,69840,33.82
MP-2025-60208,7/7/2025,W-017409,Sudanese,Driver (Heavy),Petro Rabigh,Petrochemical,Makkah,Annual,12,90384,41484,13824,35076,38.81
MP-2025-56173,13/07/2024,W-017412,Saudi,Heavy Equipment Operator,Saudi Aramco,Oil & Gas,Eastern Province,Annual,12,160272,71364,3684,85224,53.17
MP-2024-97769,23/11/2025,W-017414,Sri Lankan,Industrial Painter,ROSHN,Real Estate,Riyadh,Short-Term,1,4560,2515,817,1228,26.93
MP-2025-68037,5/2/2025,W-017415,Indian,HVAC Technician,Red Sea Global,Tourism Dev,Tabuk,Short-Term,6,28134,15774,8094,4266,15.16
MP-2025-80414,16/12/2024,W-017416,Yemeni,Scaffolder,Diriyah Company,Real Estate,Riyadh,Annual,12,59352,29328,15876,14148,23.84
MP-2025-74479,16/02/2025,W-017419,Indian,Heavy Equipment Operator,ROSHN,Real Estate,Riyadh,Short-Term,1,6793,3481,1305,2007,29.55
MP-2025-75803,24/11/2025,W-017420,Egyptian,Pipe Fitter,Sadara Chemical,Petrochemical,Eastern Province,Annual,12,86364,40728,9768,35868,41.53
MP-2025-93704,12/2/2024,W-017423,Nepali,Helper / Labourer,ROSHN,Real Estate,Riyadh,Short-Term,2,7244,3658,1590,1996,27.55
MP-2024-43260,21/01/2025,W-017425,Filipino,Welder,Saudi Aramco,Oil & Gas,Eastern Province,Short-Term,6,45306,18300,4518,22488,49.64
MP-2024-82862,27/12/2025,W-017426,Yemeni,Electrician,NWC,Water,Riyadh,Short-Term,1,6451,3486,1393,1572,24.37
MP-2025-79056,13/12/2025,W-017428,Bangladeshi,Civil Engineer,Saudi Aramco,Oil & Gas,Eastern Province,Short-Term,2,40474,23120,3492,13862,34.25
MP-2024-33507,12/9/2025,W-017431,Indian,Document Controller,Royal Commission Jubail,Industrial,Eastern Province,Short-Term,1,7275,4516,1022,1737,23.88
MP-2025-95276,18/05/2025,W-017434,Pakistani,Driver (Heavy),Saudi Aramco,Oil & Gas,Eastern Province,Multi-Year,24,143232,60264,16416,66552,46.46
MP-2025-98253,1/3/2024,W-017437,Egyptian,Welder,Ma'aden,Mining,Northern Borders,Annual,12,80592,43044,8112,29436,36.52
MP-2025-73460,14/10/2025,W-017440,Sri Lankan,Industrial Painter,Saudi Aramco,Oil & Gas,Eastern Province,Short-Term,3,16359,6453,2103,7803,47.7
MP-2025-71834,14/10/2024,W-017441,Ethiopian,Helper / Labourer,Saudi Aramco,Oil & Gas,Eastern Province,Annual,12,41004,17208,11736,12060,29.41
MP-2025-76624,8/12/2025,W-017442,Saudi,Scaffolder,SABIC,Petrochemical,Eastern Province,Short-Term,3,22017,10173,1218,10626,48.26
MP-2025-36603,2/3/2024,W-017444,Indian,Driver (Heavy),Saudi Electricity Co.,Power,Riyadh,Short-Term,3,19350,9816,2640,6894,35.63
MP-2024-18048,25/08/2025,W-017445,Pakistani,Rigger,Royal Commission Jubail,Industrial,Eastern Province,Multi-Year,24,183888,90816,23280,69792,37.95
MP-2024-92034,24/07/2025,W-017447,Bangladeshi,Industrial Painter,SABIC,Petrochemical,Eastern Province,Short-Term,3,18639,9081,2223,7335,39.35
MP-2024-69205,6/10/2024,W-017450,Yemeni,Helper / Labourer,NEOM,Mega Project,Tabuk,Annual,12,41628,18612,15120,7896,18.97
MP-2025-33702,6/8/2025,W-017451,Sri Lankan,Industrial Painter,Sadara Chemical,Petrochemical,Eastern Province,Short-Term,3,16293,8442,3807,-832,-5.11
MP-2024-89305,4/4/2025,W-017453,Nepali,Electrician,Saudi Electricity Co.,Power,Riyadh,Short-Term,2,9734,5888,2168,1678,17.24
MP-2025-43690,23/09/2024,W-017455,Yemeni,Electrician,Petro Rabigh,Petrochemical,Makkah,Annual,12,99372,45120,14172,40080,40.33
MP-2024-83688,1/11/2025,W-017457,Bangladeshi,HVAC Technician,ROSHN,Real Estate,Riyadh,Multi-Year,18,92250,55638,18990,17622,19.1
MP-2024-78087,6/4/2025,W-017458,Yemeni,Electrician,Red Sea Global,Tourism Dev,Tabuk,Short-Term,3,16140,9081,3261,3798,23.53
MP-2025-41465,16/07/2025,W-017460,Pakistani,Driver (Heavy),SABIC,Petrochemical,Eastern Province,Short-Term,2,14382,6122,1690,6570,45.68
MP-2024-49523,16/12/2025,W-017462,Bangladeshi,Industrial Painter,Diriyah Company,Real Estate,Riyadh,Annual,12,63516,33036,13392,17088,26.9
MP-2025-62503,23/07/2024,W-017464,Indonesian,Pipe Fitter,Saudi Aramco,Oil & Gas,Eastern Province,Annual,12,73620,38856,11808,22956,31.18
MP-2025-80387,28/03/2024,W-017466,Yemeni,Pipe Fitter,Petro Rabigh,Petrochemical,Makkah,Short-Term,3,18168,8343,3852,5973,32.88
MP-2025-35885,5/3/2024,W-017468,Indian,Rigger,SABIC,Petrochemical,Eastern Province,Short-Term,1,5848,2936,1231,1681,28.74
MP-2024-50726,21/11/2025,W-017471,Bangladeshi,Helper / Labourer,Ma'aden,Mining,Northern Borders,Annual,12,43668,20868,16104,6696,15.33
MP-2024-75825,21/05/2024,W-017472,Pakistani,Civil Foreman,ROSHN,Real Estate,Riyadh,Short-Term,3,24303,14205,3951,6147,25.29
MP-2025-15559,4/12/2025,W-017474,Indian,Helper / Labourer,Saudi Aramco,Oil & Gas,Eastern Province,Short-Term,6,21636,9096,5400,7140,33
MP-2024-35202,19/11/2024,W-017475,Filipino,Welder,Worley KSA,EPC Contractor,Eastern Province,Annual,12,62040,30036,9804,22200,35.78
MP-2025-54711,2/10/2024,W-017476,Ethiopian,Mechanical Technician,Petro Rabigh,Petrochemical,Makkah,Annual,12,104508,56736,10632,37140,35.54
MP-2024-18678,24/07/2025,W-017477,Sudanese,Electrician,Saudi Electricity Co.,Power,Riyadh,Annual,12,99300,53268,8040,37992,38.26
MP-2025-97486,12/9/2025,W-017478,Sudanese,Welder,Saudi Aramco,Oil & Gas,Eastern Province,Multi-Year,24,141792,64800,19080,57912,40.84
MP-2024-55715,26/11/2024,W-017479,Yemeni,Site Supervisor,SABIC,Petrochemical,Eastern Province,Annual,12,153696,80556,11712,61428,39.97
MP-2024-23137,13/06/2024,W-017481,Indonesian,HVAC Technician,Saudi Electricity Co.,Power,Riyadh,Annual,12,77796,44064,13104,20628,26.52
MP-2025-71764,13/02/2024,W-017482,Indian,Helper / Labourer,Saudi Aramco,Oil & Gas,Eastern Province,Annual,12,41412,20340,12768,8304,20.05
MP-2024-44832,9/8/2024,W-017484,Pakistani,Industrial Painter,Marafiq,Utilities,Eastern Province,Short-Term,3,17667,8850,3111,5706,32.3
MP-2024-67271,27/05/2025,W-017486,Pakistani,QC Inspector,Royal Commission Yanbu,Industrial,Madinah,Multi-Year,24,289488,157776,30936,100776,34.81
MP-2025-35426,15/05/2024,W-017488,Yemeni,Helper / Labourer,NEOM,Mega Project,Tabuk,Annual,12,45612,18312,8004,19296,42.3
MP-2025-29244,22/09/2025,W-017491,Yemeni,Helper / Labourer,Saudi Aramco,Oil & Gas,Eastern Province,Multi-Year,24,98760,37632,27168,33960,34.39
MP-2025-16571,17/03/2025,W-017494,Nepali,Heavy Equipment Operator,Saudi Aramco,Oil & Gas,Eastern Province,Annual,12,103824,49536,9012,45276,43.61
MP-2024-12427,8/8/2024,W-017497,Indian,Safety Officer,Ma'aden,Mining,Northern Borders,Annual,12,129312,72192,19128,1882,1.46
MP-2024-97355,24/11/2025,W-017499,Nepali,Civil Engineer,Ma'aden,Mining,Northern Borders,Annual,12,207528,110076,10440,87012,41.93
MP-2025-77221,5/2/2024,W-017500,Indian,Helper / Labourer,Saudi Kayan,Petrochemical,Eastern Province,Short-Term,3,11451,5127,3909,2415,21.09
MP-2024-36288,1/5/2024,W-017502,Indian,Scaffolder,Saudi Aramco,Oil & Gas,Eastern Province,Annual,12,55380,28404,14424,12552,22.67
MP-2025-44873,11/8/2025,W-017504,Filipino,Helper / Labourer,ROSHN,Real Estate,Riyadh,Short-Term,1,3395,1755,1202,438,12.9
MP-2025-91468,4/11/2025,W-017505,Filipino,Welder,Saudi Electricity Co.,Power,Riyadh,Short-Term,3,16497,8121,2241,6135,37.19
MP-2025-85228,5/11/2024,W-017508,Nepali,Helper / Labourer,Saudi Aramco,Oil & Gas,Eastern Province,Annual,12,40560,15792,8472,16296,40.18
MP-2024-24079,25/03/2024,W-017510,Sri Lankan,Helper / Labourer,SABIC,Petrochemical,Eastern Province,Annual,12,33144,15732,9696,7716,23.28
MP-2024-95881,30/09/2024,W-017513,Bangladeshi,Pipe Fitter,Saudi Aramco,Oil & Gas,Eastern Province,Annual,12,56016,29520,9564,16932,30.23
MP-2024-57030,13/08/2024,W-017514,Sudanese,Electrician,Saudi Electricity Co.,Power,Riyadh,Short-Term,3,25086,11661,3180,10245,40.84
MP-2024-49378,2/9/2025,W-017516,Indian,Industrial Painter,NEOM,Mega Project,Tabuk,Annual,12,70440,27444,8676,34320,48.72
MP-2024-31362,16/10/2024,W-017517,Yemeni,Driver (Heavy),ROSHN,Real Estate,Riyadh,Annual,12,82392,39720,10404,32268,39.16
MP-2024-58444,22/07/2024,W-017520,Indian,Welder,Ma'aden,Mining,Northern Borders,Annual,12,53112,27816,14724,10572,19.91
MP-2024-91850,25/11/2025,W-017522,Indian,Site Supervisor,Marafiq,Utilities,Eastern Province,Short-Term,6,69630,42306,9798,1325,1.9
MP-2024-89443,23/09/2024,W-017523,Filipino,Welder,Royal Commission Jubail,Industrial,Eastern Province,Annual,12,81192,36600,10740,33852,41.69
MP-2025-73447,10/6/2025,W-017524,Filipino,Helper / Labourer,NEOM,Mega Project,Tabuk,Short-Term,1,3315,1429,1214,672,20.27
MP-2025-82322,22/07/2025,W-017526,Filipino,HVAC Technician,Ma'aden,Mining,Northern Borders,Short-Term,1,6594,3422,1361,1811,27.46
MP-2024-43599,23/01/2024,W-017529,Filipino,HVAC Technician,Saudi Aramco,Oil & Gas,Eastern Province,Short-Term,3,15141,8109,2178,4854,32.06
MP-2025-19825,21/05/2025,W-017530,Indian,Site Supervisor,Ma'aden,Mining,Northern Borders,Annual,12,128916,80208,19320,29388,22.8
MP-2024-99393,15/07/2024,W-017533,Pakistani,Warehouse Keeper,Saudi Aramco,Oil & Gas,Eastern Province,Annual,12,67212,33576,10668,22968,34.17
MP-2025-29150,26/11/2024,W-017535,Bangladeshi,Scaffolder,Saudi Aramco,Oil & Gas,Eastern Province,Short-Term,6,30936,16554,8004,225,0.73
MP-2024-25880,7/12/2024,W-017536,Filipino,Welder,Royal Commission Yanbu,Industrial,Madinah,Short-Term,1,6466,3616,1377,1473,22.78
MP-2024-88500,19/02/2025,W-017539,Pakistani,Helper / Labourer,NWC,Water,Riyadh,Annual,12,27852,16152,15156,-3456,-12.41
MP-2025-77667,31/03/2024,W-017542,Yemeni,Welder,Saudi Aramco,Oil & Gas,Eastern Province,Short-Term,2,11636,5102,1484,5050,43.4
MP-2025-54205,12/1/2025,W-017545,Ethiopian,Rigger,Marafiq,Utilities,Eastern Province,Short-Term,6,42990,20778,8328,13884,32.3
MP-2025-23033,27/10/2024,W-017546,Pakistani,Industrial Painter,Saudi Aramco,Oil & Gas,Eastern Province,Multi-Year,18,101592,50400,19836,3089,3.04
MP-2024-54923,20/09/2025,W-017548,Indian,Helper / Labourer,Marafiq,Utilities,Eastern Province,Multi-Year,24,68184,38760,25392,4032,5.91
MP-2025-68407,18/05/2025,W-017549,Indian,HVAC Technician,Ma'aden,Mining,Northern Borders,Annual,12,89784,51792,8256,29736,33.12
MP-2024-55852,16/04/2025,W-017552,Bangladeshi,Helper / Labourer,Petro Rabigh,Petrochemical,Makkah,Annual,12,38568,18024,13140,7404,19.2
MP-2025-31950,29/09/2025,W-017554,Pakistani,QC Inspector,Saudi Aramco,Oil & Gas,Eastern Province,Short-Term,2,16986,9246,2120,5620,33.09
MP-2024-84255,1/7/2025,W-017555,Nepali,Welder,Saudi Aramco,Oil & Gas,Eastern Province,Short-Term,3,23580,11346,3693,8541,36.22
MP-2024-44432,29/05/2024,W-017556,Pakistani,Electrician,Ma'aden,Mining,Northern Borders,Annual,12,96996,53712,10416,32868,33.89
MP-2025-27981,16/01/2025,W-017557,Indian,Welder,Saudi Aramco,Oil & Gas,Eastern Province,Multi-Year,24,101664,53400,19392,28872,28.4
MP-2025-50295,8/7/2024,W-017558,Pakistani,Mechanical Technician,Ma'aden,Mining,Northern Borders,Annual,12,106812,49848,11136,45828,42.91
MP-2024-27450,4/5/2025,W-017560,Indian,Rigger,Saudi Electricity Co.,Power,Riyadh,Annual,12,71376,38412,16212,16752,23.47
MP-2025-34095,25/12/2024,W-017562,Nepali,Mechanical Technician,Royal Commission Jubail,Industrial,Eastern Province,Short-Term,2,14332,6990,2336,5006,34.93
MP-2025-69205,20/06/2024,W-017565,Bangladeshi,Industrial Painter,SABIC,Petrochemical,Eastern Province,Annual,12,40872,23184,8820,8868,21.7
MP-2025-75418,17/11/2024,W-017566,Nepali,Helper / Labourer,ROSHN,Real Estate,Riyadh,Short-Term,1,2922,1340,1241,341,11.67
MP-2024-46956,25/05/2024,W-017567,Indonesian,Industrial Painter,NEOM,Mega Project,Tabuk,Short-Term,2,9716,4304,2512,2900,29.85
MP-2024-63252,17/03/2024,W-017569,Ethiopian,Helper / Labourer,ROSHN,Real Estate,Riyadh,Annual,12,32664,17808,15696,-840,-2.57
MP-2024-73928,27/04/2024,W-017570,Filipino,Heavy Equipment Operator,Diriyah Company,Real Estate,Riyadh,Short-Term,1,6908,4225,1021,1662,24.06
MP-2024-41441,19/08/2025,W-017571,Sri Lankan,Instrument Technician,Sadara Chemical,Petrochemical,Eastern Province,Annual,12,118020,63852,9432,44736,37.91
MP-2024-62849,1/7/2024,W-017574,Yemeni,Electrician,Ma'aden,Mining,Northern Borders,Annual,12,70800,37716,13032,20052,28.32
MP-2024-46851,17/04/2025,W-017577,Filipino,Electrician,Saudi Aramco,Oil & Gas,Eastern Province,Annual,12,88044,39336,13440,3456,3.93
MP-2025-79286,21/09/2024,W-017580,Pakistani,Welder,Saudi Aramco,Oil & Gas,Eastern Province,Annual,12,67812,31404,10104,26304,38.79
MP-2024-67876,14/09/2025,W-017581,Bangladeshi,Mechanical Technician,Saudi Aramco,Oil & Gas,Eastern Province,Short-Term,3,29106,13116,2214,13776,47.33
MP-2024-63361,10/3/2024,W-017584,Indian,Instrument Technician,Saudi Electricity Co.,Power,Riyadh,Short-Term,3,23712,12798,2937,7977,33.64
MP-2025-59138,18/12/2025,W-017585,Bangladeshi,Scaffolder,Worley KSA,EPC Contractor,Eastern Province,Annual,12,69420,34752,15264,19404,27.95
MP-2024-51634,1/3/2025,W-017587,Pakistani,Scaffolder,Royal Commission Yanbu,Industrial,Madinah,Annual,12,58776,28656,13500,16620,28.28
MP-2025-88272,12/4/2025,W-017590,Sudanese,Helper / Labourer,ROSHN,Real Estate,Riyadh,Annual,12,36444,19032,8292,9120,25.02
MP-2025-54222,3/8/2024,W-017591,Ethiopian,Welder,SABIC,Petrochemical,Eastern Province,Annual,12,57516,31440,9348,16728,29.08
MP-2024-24213,15/10/2025,W-017592,Filipino,Heavy Equipment Operator,Saudi Electricity Co.,Power,Riyadh,Annual,12,70560,39180,10872,20508,29.06
MP-2024-52797,17/04/2024,W-017594,Bangladeshi,QC Inspector,Sadara Chemical,Petrochemical,Eastern Province,Short-Term,3,25902,15651,4911,5340,20.62
MP-2025-50344,7/6/2024,W-017597,Egyptian,Helper / Labourer,Saudi Aramco,Oil & Gas,Eastern Province,Short-Term,3,9045,4032,3984,1029,11.38
MP-2025-31224,20/01/2025,W-017599,Indian,Welder,Royal Commission Yanbu,Industrial,Madinah,Annual,12,76812,40308,11580,24924,32.45
MP-2025-40392,25/03/2025,W-017600,Pakistani,Welder,SABIC,Petrochemical,Eastern Province,Short-Term,1,6573,3376,1191,2006,30.52
MP-2024-33510,1/3/2024,W-017602,Egyptian,Industrial Painter,Sadara Chemical,Petrochemical,Eastern Province,Annual,12,71448,30984,8820,31644,44.29
MP-2025-80911,16/06/2025,W-017604,Pakistani,Electrician,SABIC,Petrochemical,Eastern Province,Short-Term,3,18417,8211,2010,-1867,-10.14
MP-2024-14349,4/7/2025,W-017607,Pakistani,Industrial Painter,Saudi Aramco,Oil & Gas,Eastern Province,Short-Term,3,15537,6219,2166,7152,46.03
MP-2025-51293,7/5/2024,W-017610,Pakistani,Civil Foreman,SABIC,Petrochemical,Eastern Province,Annual,12,79584,42828,10980,25776,32.39
MP-2025-98964,4/8/2024,W-017612,Sri Lankan,Pipe Fitter,Ma'aden,Mining,Northern Borders,Short-Term,3,17589,8373,2052,7164,40.73
MP-2024-31753,26/05/2024,W-017615,Bangladeshi,QC Inspector,NWC,Water,Riyadh,Multi-Year,24,257520,158928,26088,72504,28.15
MP-2025-14322,25/03/2024,W-017617,Egyptian,Document Controller,Red Sea Global,Tourism Dev,Tabuk,Annual,12,111048,62796,9720,38532,34.7
MP-2024-25477,16/04/2024,W-017618,Sudanese,Welder,Sadara Chemical,Petrochemical,Eastern Province,Annual,12,85488,37548,12564,35376,41.38
MP-2024-29391,3/8/2024,W-017620,Bangladeshi,Welder,SABIC,Petrochemical,Eastern Province,Annual,12,57684,26976,13464,17244,29.89
MP-2025-81943,13/09/2024,W-017622,Indian,Helper / Labourer,Marafiq,Utilities,Eastern Province,Annual,12,36540,18612,14496,3432,9.39
MP-2025-27012,23/04/2025,W-017625,Pakistani,Rigger,NEOM,Mega Project,Tabuk,Short-Term,1,7653,3721,936,2996,39.15
MP-2024-50877,29/04/2025,W-017628,Bangladeshi,Welder,Bechtel KSA,EPC Contractor,Tabuk,Multi-Year,24,105408,62928,29064,13416,12.73
MP-2025-36005,16/05/2025,W-017630,Yemeni,Pipe Fitter,Red Sea Global,Tourism Dev,Tabuk,Annual,12,90144,47784,9648,32712,36.29
MP-2024-41151,6/4/2025,W-017631,Ethiopian,Scaffolder,Red Sea Global,Tourism Dev,Tabuk,Annual,12,88860,40500,7884,40476,45.55
MP-2025-21327,28/03/2024,W-017634,Filipino,Warehouse Keeper,Sadara Chemical,Petrochemical,Eastern Province,Annual,12,69804,32748,13860,23196,33.23
MP-2024-25120,19/03/2024,W-017636,Bangladeshi,Welder,Sadara Chemical,Petrochemical,Eastern Province,Annual,12,71604,39492,16512,15600,21.79
MP-2025-28299,29/05/2024,W-017637,Yemeni,Safety Officer,Marafiq,Utilities,Eastern Province,Short-Term,3,19986,11973,4662,3351,16.77
MP-2025-21355,16/05/2025,W-017639,Pakistani,Mechanical Technician,Saudi Aramco,Oil & Gas,Eastern Province,Short-Term,3,30999,13443,3120,14436,46.57
MP-2024-67147,19/03/2025,W-017640,Bangladeshi,Heavy Equipment Operator,SABIC,Petrochemical,Eastern Province,Annual,12,63624,34632,15120,13872,21.8
MP-2024-61428,12/10/2025,W-017641,Pakistani,QC Inspector,SABIC,Petrochemical,Eastern Province,Annual,12,126108,71088,15576,39444,31.28
MP-2024-73088,25/08/2025,W-017643,Bangladeshi,Scaffolder,Saudi Aramco,Oil & Gas,Eastern Province,Short-Term,2,11064,5356,2224,3484,31.49
MP-2024-46819,26/04/2025,W-017644,Filipino,Heavy Equipment Operator,SABIC,Petrochemical,Eastern Province,Short-Term,1,6816,3277,812,2727,40.01
MP-2025-33140,25/05/2025,W-017647,Pakistani,Pipe Fitter,Saudi Aramco,Oil & Gas,Eastern Province,Annual,12,94464,44436,10308,39720,42.05
MP-2025-30683,25/05/2025,W-017649,Egyptian,Pipe Fitter,SABIC,Petrochemical,Eastern Province,Annual,12,66804,34128,12972,19704,29.5
MP-2024-28521,12/11/2024,W-017650,Nepali,Pipe Fitter,Marafiq,Utilities,Eastern Province,Short-Term,6,45072,23352,4374,17346,38.49
MP-2025-19870,11/11/2025,W-017653,Indian,Helper / Labourer,Royal Commission Yanbu,Industrial,Madinah,Short-Term,6,17238,9822,3990,3426,19.87
MP-2025-33199,24/03/2025,W-017654,Ethiopian,Helper / Labourer,Sadara Chemical,Petrochemical,Eastern Province,Short-Term,3,9033,4548,2826,1659,18.37
MP-2024-73487,2/7/2024,W-017655,Sri Lankan,Welder,Sadara Chemical,Petrochemical,Eastern Province,Short-Term,2,11798,5424,1888,4486,38.02
MP-2024-34366,3/8/2025,W-017657,Pakistani,Welder,Diriyah Company,Real Estate,Riyadh,Annual,12,89796,42048,14832,32916,36.66
MP-2025-32739,30/10/2024,W-017660,Sudanese,Driver (Heavy),SABIC,Petrochemical,Eastern Province,Annual,12,73188,33564,16344,23280,31.81
MP-2025-52428,1/6/2024,W-017663,Filipino,Industrial Painter,Sadara Chemical,Petrochemical,Eastern Province,Multi-Year,18,97668,55278,12852,29538,30.24
MP-2024-96291,4/1/2024,W-017665,Indian,Helper / Labourer,Saudi Aramco,Oil & Gas,Eastern Province,Annual,12,51312,19464,10764,21084,41.09
MP-2024-63843,10/8/2024,W-017667,Filipino,Rigger,Ma'aden,Mining,Northern Borders,Multi-Year,18,134928,69336,21654,43938,32.56
MP-2025-56556,26/09/2025,W-017670,Indonesian,Civil Foreman,NWC,Water,Riyadh,Annual,12,116184,71940,11784,1126,0.97
MP-2024-59576,8/10/2024,W-017672,Filipino,Civil Foreman,Royal Commission Yanbu,Industrial,Madinah,Annual,12,108264,67428,13800,27036,24.97
MP-2024-99111,14/09/2024,W-017673,Pakistani,Welder,Saudi Electricity Co.,Power,Riyadh,Annual,12,54444,28692,14676,11076,20.34
MP-2025-29387,4/7/2024,W-017674,Indian,Pipe Fitter,Sadara Chemical,Petrochemical,Eastern Province,Multi-Year,18,148734,69444,23058,56232,37.81
MP-2024-97576,29/11/2025,W-017677,Indian,Scaffolder,Saudi Electricity Co.,Power,Riyadh,Short-Term,3,12909,6423,3279,3207,24.84
MP-2024-83337,30/11/2024,W-017678,Bangladeshi,Scaffolder,Saudi Aramco,Oil & Gas,Eastern Province,Short-Term,3,16884,7320,2676,6888,40.8
MP-2025-95221,12/3/2025,W-017681,Indian,Rigger,Sadara Chemical,Petrochemical,Eastern Province,Short-Term,3,23868,11523,4119,8226,34.46
MP-2025-40177,19/07/2024,W-017683,Pakistani,QC Inspector,Diriyah Company,Real Estate,Riyadh,Multi-Year,24,204936,120048,30888,54000,26.35
MP-2025-49674,20/04/2024,W-017685,Sudanese,Heavy Equipment Operator,Bechtel KSA,EPC Contractor,Tabuk,Annual,12,66780,36780,12660,17340,25.97
MP-2025-54694,18/07/2025,W-017688,Indian,Warehouse Keeper,Marafiq,Utilities,Eastern Province,Short-Term,1,6044,3344,1366,1334,22.07
MP-2024-65996,29/06/2024,W-017690,Indonesian,Safety Officer,SABIC,Petrochemical,Eastern Province,Multi-Year,24,191904,107328,21744,62832,32.74
MP-2025-24546,16/08/2024,W-017692,Bangladeshi,Scaffolder,Saudi Electricity Co.,Power,Riyadh,Annual,12,50988,31212,10260,9516,18.66
MP-2024-73451,15/11/2025,W-017695,Sudanese,Industrial Painter,Saudi Aramco,Oil & Gas,Eastern Province,Annual,12,48624,26544,13248,8832,18.16
MP-2025-41370,20/03/2024,W-017696,Indian,Helper / Labourer,Royal Commission Yanbu,Industrial,Madinah,Annual,12,46356,21768,11292,13296,28.68
MP-2024-87867,12/3/2025,W-017698,Ethiopian,Helper / Labourer,SABIC,Petrochemical,Eastern Province,Annual,12,33300,16824,13344,3132,9.41
MP-2025-68168,19/07/2025,W-017701,Bangladeshi,Helper / Labourer,NWC,Water,Riyadh,Annual,12,38916,17460,7932,13524,34.75
MP-2024-89630,27/05/2024,W-017704,Pakistani,Scaffolder,Saudi Aramco,Oil & Gas,Eastern Province,Multi-Year,24,149568,74856,30672,44040,29.44
MP-2025-40667,8/7/2025,W-017707,Sri Lankan,Scaffolder,SABIC,Petrochemical,Eastern Province,Multi-Year,24,155112,76416,20664,58032,37.41
MP-2024-86267,28/10/2024,W-017708,Pakistani,Electrician,Red Sea Global,Tourism Dev,Tabuk,Short-Term,3,19365,10035,3594,5736,29.62
MP-2025-94715,25/11/2024,W-017709,Bangladeshi,Heavy Equipment Operator,SABIC,Petrochemical,Eastern Province,Multi-Year,24,209928,93888,24360,91680,43.67
MP-2025-36564,2/1/2025,W-017712,Nepali,Rigger,ROSHN,Real Estate,Riyadh,Short-Term,6,36060,18246,5742,12072,33.48
MP-2025-96182,12/8/2025,W-017713,Indian,HVAC Technician,Diriyah Company,Real Estate,Riyadh,Short-Term,3,19281,11538,2862,4881,25.32
MP-2024-20069,17/04/2025,W-017714,Saudi,Mechanical Technician,Saudi Kayan,Petrochemical,Eastern Province,Multi-Year,24,315792,146952,9264,159576,50.53
MP-2024-65704,12/11/2025,W-017717,Filipino,Electrician,Royal Commission Jubail,Industrial,Eastern Province,Short-Term,3,19209,10866,3756,4587,23.88
MP-2025-29722,17/06/2025,W-017719,Pakistani,QC Inspector,Saudi Aramco,Oil & Gas,Eastern Province,Annual,12,158544,78156,13116,67272,42.43
MP-2025-84183,22/12/2025,W-017720,Pakistani,Warehouse Keeper,Sadara Chemical,Petrochemical,Eastern Province,Short-Term,1,6212,3212,942,2058,33.13
MP-2024-82121,4/1/2025,W-017722,Pakistani,Electrician,NWC,Water,Riyadh,Annual,12,91344,48180,13524,29640,32.45
MP-2024-36353,12/1/2025,W-017724,Sri Lankan,Mechanical Technician,NWC,Water,Riyadh,Annual,12,77688,39156,14904,23628,30.41
MP-2025-84755,14/09/2025,W-017726,Pakistani,Rigger,Saudi Aramco,Oil & Gas,Eastern Province,Short-Term,3,25980,10578,2172,13230,50.92
MP-2024-73919,22/06/2024,W-017727,Pakistani,Helper / Labourer,Saudi Aramco,Oil & Gas,Eastern Province,Annual,12,43032,17556,8364,552,1.28
MP-2024-28239,23/02/2024,W-017730,Indian,Electrician,Royal Commission Jubail,Industrial,Eastern Province,Short-Term,1,5094,2608,917,124,2.43
MP-2025-67829,19/09/2024,W-017733,Sudanese,Mechanical Technician,ROSHN,Real Estate,Riyadh,Short-Term,3,24396,14394,2490,7512,30.79
MP-2024-43089,19/09/2025,W-017735,Pakistani,HVAC Technician,SABIC,Petrochemical,Eastern Province,Annual,12,80724,42960,15228,22536,27.92
MP-2024-42195,11/10/2025,W-017738,Filipino,Electrician,Diriyah Company,Real Estate,Riyadh,Annual,12,67044,32712,9660,24672,36.8
MP-2024-16955,26/07/2025,W-017739,Pakistani,Scaffolder,Saudi Aramco,Oil & Gas,Eastern Province,Annual,12,71784,30816,10092,30876,43.01
MP-2025-86238,12/2/2024,W-017740,Pakistani,Helper / Labourer,SABIC,Petrochemical,Eastern Province,Multi-Year,18,78030,33822,21672,22536,28.88
MP-2024-36724,18/10/2024,W-017743,Nepali,Scaffolder,Royal Commission Jubail,Industrial,Eastern Province,Annual,12,82296,40080,16044,26172,31.8
MP-2024-23090,2/10/2025,W-017746,Indian,Helper / Labourer,Red Sea Global,Tourism Dev,Tabuk,Multi-Year,24,96480,39384,16800,40296,41.77
MP-2024-98494,27/03/2024,W-017749,Sudanese,Welder,Royal Commission Yanbu,Industrial,Madinah,Multi-Year,24,154320,88344,25344,40632,26.33
MP-2025-85653,27/11/2025,W-017751,Sri Lankan,Helper / Labourer,Saudi Aramco,Oil & Gas,Eastern Province,Multi-Year,24,96912,37680,19920,39312,40.56
MP-2025-45446,6/11/2025,W-017752,Sri Lankan,Safety Officer,Red Sea Global,Tourism Dev,Tabuk,Short-Term,3,30579,17022,3138,10419,34.07
MP-2025-31304,9/11/2024,W-017753,Nepali,Scaffolder,Diriyah Company,Real Estate,Riyadh,Multi-Year,24,80928,49944,27000,3984,4.92
MP-2025-52044,11/1/2024,W-017756,Indian,Rigger,Red Sea Global,Tourism Dev,Tabuk,Annual,12,69036,34608,12492,21936,31.77
MP-2024-90591,14/12/2024,W-017757,Filipino,Rigger,NWC,Water,Riyadh,Multi-Year,18,101970,52434,14760,34776,34.1
MP-2024-68280,28/01/2025,W-017759,Sudanese,Project Engineer,Sadara Chemical,Petrochemical,Eastern Province,Annual,12,279168,157860,16236,105072,37.64
MP-2024-40863,24/07/2025,W-017761,Filipino,Helper / Labourer,Royal Commission Jubail,Industrial,Eastern Province,Short-Term,1,3109,1708,1126,275,8.85
MP-2025-98939,13/11/2024,W-017763,Egyptian,Heavy Equipment Operator,Sadara Chemical,Petrochemical,Eastern Province,Annual,12,61956,33684,11100,17172,27.72
MP-2025-11824,12/7/2024,W-017766,Indian,Welder,Red Sea Global,Tourism Dev,Tabuk,Annual,12,66432,38220,10896,17316,26.07
MP-2024-85257,17/03/2024,W-017767,Saudi,Scaffolder,Saudi Aramco,Oil & Gas,Eastern Province,Short-Term,1,7990,3701,245,4044,50.61
MP-2025-32586,1/9/2025,W-017769,Sudanese,Mechanical Technician,Worley KSA,EPC Contractor,Eastern Province,Multi-Year,18,96840,56016,12456,2298,2.37
MP-2025-95882,4/8/2024,W-017770,Egyptian,Helper / Labourer,Saudi Aramco,Oil & Gas,Eastern Province,Short-Term,3,11865,4674,3351,3840,32.36
MP-2024-74107,19/10/2024,W-017772,Indian,Helper / Labourer,SABIC,Petrochemical,Eastern Province,Annual,12,45816,22008,9396,14412,31.46
MP-2025-62148,24/12/2024,W-017774,Indian,Civil Foreman,Saudi Aramco,Oil & Gas,Eastern Province,Multi-Year,24,232536,134688,31728,66120,28.43
MP-2025-19841,1/11/2024,W-017776,Pakistani,Scaffolder,Saudi Electricity Co.,Power,Riyadh,Multi-Year,36,237384,110340,49824,77220,32.53
MP-2025-48287,4/6/2025,W-017778,Filipino,Warehouse Keeper,Worley KSA,EPC Contractor,Eastern Province,Annual,12,79224,38604,10704,29916,37.76
MP-2024-52147,30/04/2024,W-017781,Bangladeshi,Industrial Painter,Royal Commission Yanbu,Industrial,Madinah,Annual,12,65844,31428,11520,22896,34.77
MP-2025-18732,11/4/2024,W-017783,Filipino,Welder,ROSHN,Real Estate,Riyadh,Multi-Year,24,123672,68664,21192,33816,27.34
MP-2025-59532,17/09/2025,W-017785,Filipino,Welder,Diriyah Company,Real Estate,Riyadh,Short-Term,3,17925,9906,1965,6054,33.77
MP-2025-38884,3/6/2025,W-017788,Sudanese,Helper / Labourer,Ma'aden,Mining,Northern Borders,Short-Term,3,7653,4083,2997,-120,-1.57
MP-2024-13617,16/10/2025,W-017791,Indian,Electrician,Saudi Aramco,Oil & Gas,Eastern Province,Annual,12,107472,49752,9372,48348,44.99
MP-2025-44793,17/12/2025,W-017793,Saudi,Driver (Heavy),Saudi Aramco,Oil & Gas,Eastern Province,Annual,12,102780,54348,5472,42960,41.8
MP-2025-87347,27/04/2025,W-017796,Indian,Rigger,Saudi Aramco,Oil & Gas,Eastern Province,Annual,12,70164,33912,15048,21204,30.22
MP-2025-39308,9/10/2025,W-017797,Pakistani,Driver (Heavy),SABIC,Petrochemical,Eastern Province,Annual,12,87204,40440,15384,2110,2.42
MP-2024-55636,22/10/2025,W-017800,Filipino,Electrician,Saudi Aramco,Oil & Gas,Eastern Province,Annual,12,93000,46068,8964,-7161,-7.7
MP-2024-81854,1/4/2024,W-017802,Nepali,Helper / Labourer,Saudi Electricity Co.,Power,Riyadh,Annual,12,31548,16488,13260,1800,5.71
MP-2025-13336,1/8/2025,W-017805,Filipino,Welder,Petro Rabigh,Petrochemical,Makkah,Short-Term,1,6005,2651,892,2462,41
MP-2024-91061,1/11/2025,W-017807,Sri Lankan,Site Supervisor,Saudi Aramco,Oil & Gas,Eastern Province,Multi-Year,24,283896,152424,31200,100272,35.32
MP-2025-56872,6/9/2025,W-017810,Pakistani,Welder,Diriyah Company,Real Estate,Riyadh,Short-Term,6,44598,21888,7842,14868,33.34
MP-2025-52013,4/10/2024,W-017813,Indian,Mechanical Technician,Saudi Electricity Co.,Power,Riyadh,Short-Term,1,7474,4212,901,2361,31.59
MP-2024-85204,28/07/2024,W-017815,Pakistani,Mechanical Technician,Saudi Electricity Co.,Power,Riyadh,Short-Term,3,25422,13371,2802,9249,36.38
MP-2025-22147,17/11/2025,W-017817,Filipino,Welder,Royal Commission Jubail,Industrial,Eastern Province,Multi-Year,24,151176,84168,31128,35880,23.73
MP-2025-57189,25/08/2025,W-017819,Filipino,Pipe Fitter,Saudi Electricity Co.,Power,Riyadh,Short-Term,3,21438,10347,3945,7146,33.33
MP-2024-59098,1/2/2025,W-017822,Nepali,Driver (Heavy),NEOM,Mega Project,Tabuk,Annual,12,58992,26748,9408,22836,38.71
MP-2024-11411,22/06/2024,W-017825,Pakistani,Helper / Labourer,Red Sea Global,Tourism Dev,Tabuk,Short-Term,6,20946,10548,8370,2028,9.68
MP-2025-86485,22/04/2024,W-017827,Indonesian,Mechanical Technician,Diriyah Company,Real Estate,Riyadh,Annual,12,100680,54744,16140,29796,29.59
MP-2024-36806,3/5/2025,W-017829,Filipino,Instrument Technician,Diriyah Company,Real Estate,Riyadh,Annual,12,76044,40752,14424,20868,27.44
MP-2025-10356,25/04/2024,W-017832,Bangladeshi,QC Inspector,Red Sea Global,Tourism Dev,Tabuk,Multi-Year,18,139284,82728,28062,28494,20.46
MP-2024-37323,25/07/2024,W-017833,Pakistani,Pipe Fitter,Saudi Aramco,Oil & Gas,Eastern Province,Multi-Year,18,152262,64872,21996,65394,42.95
MP-2025-88865,2/3/2025,W-017834,Pakistani,Instrument Technician,Royal Commission Jubail,Industrial,Eastern Province,Annual,12,72516,39528,8412,24576,33.89
MP-2024-32633,21/02/2024,W-017837,Indonesian,Pipe Fitter,Saudi Aramco,Oil & Gas,Eastern Province,Short-Term,3,24222,10758,3888,9576,39.53
MP-2025-77489,29/07/2025,W-017838,Bangladeshi,Scaffolder,Sadara Chemical,Petrochemical,Eastern Province,Short-Term,1,7160,3122,1151,2887,40.32
MP-2024-11947,21/12/2025,W-017841,Indian,Scaffolder,Saudi Aramco,Oil & Gas,Eastern Province,Annual,12,74064,32376,12648,29040,39.21
MP-2024-92158,7/4/2024,W-017842,Bangladeshi,Rigger,SABIC,Petrochemical,Eastern Province,Short-Term,1,7982,3643,1005,3334,41.77
MP-2024-75275,16/08/2024,W-017843,Pakistani,Electrician,Saudi Aramco,Oil & Gas,Eastern Province,Annual,12,67212,34920,8532,23760,35.35
MP-2024-90373,6/12/2025,W-017845,Filipino,Heavy Equipment Operator,Worley KSA,EPC Contractor,Eastern Province,Annual,12,63972,35352,11868,16752,26.19
MP-2025-31512,14/02/2024,W-017848,Indian,Welder,Saudi Aramco,Oil & Gas,Eastern Province,Short-Term,3,19917,8676,3381,7860,39.46
MP-2024-60970,5/6/2024,W-017851,Indian,Helper / Labourer,SABIC,Petrochemical,Eastern Province,Annual,12,38532,15912,8748,13872,36
MP-2025-81010,6/12/2025,W-017854,Pakistani,Civil Foreman,Royal Commission Yanbu,Industrial,Madinah,Short-Term,6,48012,25278,8088,14646,30.5
MP-2025-97634,20/08/2025,W-017856,Egyptian,Mechanical Technician,Sadara Chemical,Petrochemical,Eastern Province,Annual,12,79800,37116,8292,34392,43.1
MP-2025-26456,26/11/2025,W-017857,Bangladeshi,Electrician,SABIC,Petrochemical,Eastern Province,Short-Term,1,9618,4389,894,4335,45.07
MP-2025-43894,8/11/2024,W-017859,Nepali,Electrician,Sadara Chemical,Petrochemical,Eastern Province,Short-Term,3,21543,12015,2253,7275,33.77
MP-2025-49058,23/01/2025,W-017861,Yemeni,Driver (Heavy),ROSHN,Real Estate,Riyadh,Multi-Year,24,97008,60816,32304,3888,4.01
MP-2024-41142,2/9/2025,W-017862,Pakistani,Mechanical Technician,ROSHN,Real Estate,Riyadh,Multi-Year,24,131400,79704,19464,32232,24.53
MP-2024-67841,4/5/2024,W-017864,Pakistani,Pipe Fitter,SABIC,Petrochemical,Eastern Province,Short-Term,3,28482,12441,1953,14088,49.46
MP-2024-46051,10/4/2024,W-017865,Pakistani,Pipe Fitter,SABIC,Petrochemical,Eastern Province,Multi-Year,36,256356,145620,31428,4651,1.81
MP-2024-72587,20/02/2024,W-017868,Indian,Mechanical Technician,Saudi Aramco,Oil & Gas,Eastern Province,Annual,12,118536,55788,13440,49308,41.6
MP-2025-37490,19/08/2024,W-017870,Indian,Document Controller,NEOM,Mega Project,Tabuk,Multi-Year,24,252168,130440,22008,99720,39.55
MP-2024-64402,19/08/2024,W-017871,Indonesian,Heavy Equipment Operator,SABIC,Petrochemical,Eastern Province,Multi-Year,24,221112,105168,25632,90312,40.84
MP-2024-79175,5/5/2024,W-017872,Sudanese,Safety Officer,SABIC,Petrochemical,Eastern Province,Annual,12,121704,61704,16056,43944,36.11
MP-2024-63967,18/09/2024,W-017873,Indian,Warehouse Keeper,Royal Commission Jubail,Industrial,Eastern Province,Multi-Year,24,140040,69000,19128,51912,37.07
MP-2025-26727,2/10/2025,W-017874,Pakistani,Helper / Labourer,Petro Rabigh,Petrochemical,Makkah,Annual,12,33792,17148,10296,6348,18.79
MP-2024-13200,19/09/2025,W-017877,Indian,Helper / Labourer,Royal Commission Jubail,Industrial,Eastern Province,Short-Term,3,7791,4248,3408,-21,-0.27
MP-2025-32374,9/11/2024,W-017879,Bangladeshi,Scaffolder,NEOM,Mega Project,Tabuk,Short-Term,3,12666,6498,3999,2169,17.12
MP-2025-91189,6/7/2025,W-017882,Bangladeshi,Safety Officer,Saudi Aramco,Oil & Gas,Eastern Province,Short-Term,1,10239,5336,1577,3326,32.48
MP-2024-46828,24/10/2024,W-017885,Nepali,Pipe Fitter,Saudi Aramco,Oil & Gas,Eastern Province,Annual,12,95592,41388,11004,43200,45.19
MP-2024-21175,2/4/2024,W-017888,Bangladeshi,Instrument Technician,Sadara Chemical,Petrochemical,Eastern Province,Annual,12,101520,48288,16176,37056,36.5
MP-2024-16899,16/01/2025,W-017890,Pakistani,Welder,Saudi Aramco,Oil & Gas,Eastern Province,Annual,12,62268,27540,8940,25788,41.41
MP-2024-54499,27/04/2025,W-017892,Indian,Document Controller,Saudi Aramco,Oil & Gas,Eastern Province,Annual,12,100248,51864,12048,36336,36.25
MP-2025-94266,30/08/2024,W-017895,Pakistani,Helper / Labourer,Bechtel KSA,EPC Contractor,Tabuk,Multi-Year,18,65304,31446,22518,11340,17.36
MP-2024-60909,20/08/2024,W-017896,Sri Lankan,Welder,NEOM,Mega Project,Tabuk,Short-Term,2,9968,5014,2580,2374,23.82
MP-2025-24838,5/4/2024,W-017897,Filipino,Instrument Technician,Saudi Aramco,Oil & Gas,Eastern Province,Multi-Year,18,117882,59778,14832,-2484,-2.11
MP-2025-98263,28/10/2024,W-017900,Egyptian,Pipe Fitter,Sadara Chemical,Petrochemical,Eastern Province,Multi-Year,24,155376,82464,30888,42024,27.05
MP-2025-98133,12/10/2024,W-017902,Pakistani,Helper / Labourer,Saudi Electricity Co.,Power,Riyadh,Short-Term,3,9558,4536,3846,1176,12.3
MP-2025-39531,29/12/2024,W-017905,Sri Lankan,Driver (Heavy),Saudi Aramco,Oil & Gas,Eastern Province,Multi-Year,36,214884,87228,35208,92448,43.02
MP-2025-26473,20/06/2024,W-017907,Sri Lankan,Mechanical Technician,Saudi Aramco,Oil & Gas,Eastern Province,Short-Term,3,23574,11928,2751,8895,37.73
MP-2024-28719,28/10/2024,W-017910,Egyptian,HVAC Technician,Sadara Chemical,Petrochemical,Eastern Province,Annual,12,80796,36828,11100,32868,40.68
MP-2024-59209,5/10/2024,W-017911,Bangladeshi,Safety Officer,NWC,Water,Riyadh,Annual,12,99048,58500,11880,28668,28.94
MP-2025-39113,11/3/2024,W-017912,Bangladeshi,Pipe Fitter,Saudi Electricity Co.,Power,Riyadh,Short-Term,6,36066,20910,4314,10842,30.06
MP-2025-46694,6/7/2024,W-017914,Indian,Electrician,Red Sea Global,Tourism Dev,Tabuk,Short-Term,3,24132,11283,3534,9315,38.6
MP-2024-79628,8/6/2025,W-017915,Pakistani,HVAC Technician,Sadara Chemical,Petrochemical,Eastern Province,Annual,12,91440,42060,9816,39564,43.27
MP-2025-93053,29/07/2025,W-017917,Pakistani,Safety Officer,NEOM,Mega Project,Tabuk,Annual,12,126948,68652,13680,44616,35.15
MP-2024-92843,17/08/2025,W-017920,Ethiopian,Helper / Labourer,Saudi Kayan,Petrochemical,Eastern Province,Short-Term,6,17580,8406,5718,3456,19.66
MP-2025-98066,24/06/2025,W-017922,Indian,HVAC Technician,Marafiq,Utilities,Eastern Province,Annual,12,81708,45048,15024,21636,26.48
MP-2025-40483,28/02/2024,W-017925,Indian,Heavy Equipment Operator,NEOM,Mega Project,Tabuk,Annual,12,95820,43080,16128,36612,38.21
MP-2025-24196,20/04/2024,W-017928,Sri Lankan,Rigger,Saudi Kayan,Petrochemical,Eastern Province,Multi-Year,36,227556,110592,40752,76212,33.49
MP-2024-70838,10/12/2024,W-017929,Indian,Driver (Heavy),Saudi Aramco,Oil & Gas,Eastern Province,Short-Term,2,14376,6438,2488,5450,37.91
MP-2025-34973,21/11/2024,W-017930,Sudanese,Heavy Equipment Operator,Ma'aden,Mining,Northern Borders,Annual,12,85920,41508,8172,36240,42.18
MP-2025-20001,14/08/2024,W-017933,Nepali,Welder,Sadara Chemical,Petrochemical,Eastern Province,Annual,12,73620,41580,16416,15624,21.22
MP-2025-19303,4/11/2025,W-017934,Indian,Instrument Technician,NEOM,Mega Project,Tabuk,Short-Term,6,57540,29970,7092,20478,35.59
MP-2025-15217,13/03/2024,W-017935,Bangladeshi,Helper / Labourer,Petro Rabigh,Petrochemical,Makkah,Annual,12,47028,22440,13368,11220,23.86
MP-2025-64015,14/04/2025,W-017938,Indian,Mechanical Technician,Royal Commission Yanbu,Industrial,Madinah,Short-Term,2,15756,9484,1924,4348,27.6
MP-2024-68645,19/12/2024,W-017941,Indian,Electrician,Marafiq,Utilities,Eastern Province,Short-Term,1,8632,4442,1334,2856,33.09
MP-2025-48280,22/02/2024,W-017942,Filipino,Mechanical Technician,Saudi Aramco,Oil & Gas,Eastern Province,Short-Term,3,26727,12177,2847,11703,43.79
MP-2024-81326,9/1/2024,W-017944,Indian,Heavy Equipment Operator,Sadara Chemical,Petrochemical,Eastern Province,Short-Term,3,16833,8622,3816,4395,26.11
